{
  "type": "FeatureCollection",
  "features": [
    {
      "type": "Feature",
      "geometry": {
        "type": "Point",
        "coordinates": [
          -103.37356,
          26.046618000000002
        ]
      },
      "properties": {
        "CVE_LGJO": "10_0001",
        "CVE_POZO": "POZO 1339",
        "TIT_LGJO": "LEÓN   COAHUILA-DURANGO",
        "CVE_EDO": "10",
        "CVE_MPIO": "10036",
        "AÑO": "1962",
        "DESC": "REGISTRO ELÉCTRICO DEL POZO 1339, PROPIEDAD DEL SR. ENRIQUE ALONSO FERNÁNDEZ, MPIO. DE TLAHUALILO, ESTADO DE DURANGO",
        "LONGITUD": -103.37356,
        "LATITUD": 26.046618000000002,
        "CVE_ACUIF": "0523",
        "NOM_ACUIF": "PRINCIPAL-REGION LAGUNERA",
        "CT_POZO": "NO",
        "DISEÑO_PERF": "NO",
        "CORTE_LIT": "SI",
        "REG_ELEC": "SI",
        "INF_PERF": "NO",
        "REG_AFORO": "NO",
        "ANAL_AGUA": "NO",
        "CROQUIS": "NO",
        "TIPO_INF": "HIDROGEOLÓGICA",
        "PROF_TOT_m": 180.14,
        "PROF_REG_m": 154,
        "HGQ": "NO",
        "F_FINAL": "1962-06-25 00:00:00",
        "URL ": "https://sigagis.conagua.gob.mx/t_infbasica/INVENTARIO/10 DURANGO/PDF/10_0001.pdf"
      }
    },
    {
      "type": "Feature",
      "geometry": {
        "type": "Point",
        "coordinates": [
          -103.635615,
          25.881271666666667
        ]
      },
      "properties": {
        "CVE_LGJO": "10_0002",
        "CVE_POZO": "POZO 1957",
        "TIT_LGJO": "EJIDO BERMEJILLO SECC.1  COAHUILA-DURANGO",
        "CVE_EDO": "10",
        "CVE_MPIO": "10013",
        "AÑO": "1963",
        "DESC": "REGISTRO ELÉCTRICO.",
        "LONGITUD": -103.635615,
        "LATITUD": 25.881271666666667,
        "CVE_ACUIF": "0523",
        "NOM_ACUIF": "PRINCIPAL-REGION LAGUNERA",
        "CT_POZO": "NO",
        "DISEÑO_PERF": "NO",
        "CORTE_LIT": "SI",
        "REG_ELEC": "SI",
        "INF_PERF": "NO",
        "REG_AFORO": "NO",
        "ANAL_AGUA": "NO",
        "CROQUIS": "NO",
        "TIPO_INF": "HIDROGEOLÓGICA",
        "PROF_TOT_m": 306.32,
        "PROF_REG_m": 298,
        "HGQ": "NO",
        "F_FINAL": "1963-04-24 00:00:00",
        "URL ": "https://sigagis.conagua.gob.mx/t_infbasica/INVENTARIO/10 DURANGO/PDF/10_0002.pdf"
      }
    },
    {
      "type": "Feature",
      "geometry": {
        "type": "Point",
        "coordinates": [
          -103.535275,
          25.694321666666667
        ]
      },
      "properties": {
        "CVE_LGJO": "10_0003",
        "CVE_POZO": "POZO 1331",
        "TIT_LGJO": "EJIDO EL JUNCO   COAHUILA-DURANGO",
        "CVE_EDO": "10",
        "CVE_MPIO": "10007",
        "AÑO": "1964",
        "DESC": "REGISTRO ELÉCTRICO.",
        "LONGITUD": -103.535275,
        "LATITUD": 25.694321666666667,
        "CVE_ACUIF": "0523",
        "NOM_ACUIF": "PRINCIPAL-REGION LAGUNERA",
        "CT_POZO": "NO",
        "DISEÑO_PERF": "NO",
        "CORTE_LIT": "SI",
        "REG_ELEC": "SI",
        "INF_PERF": "NO",
        "REG_AFORO": "NO",
        "ANAL_AGUA": "NO",
        "CROQUIS": "NO",
        "TIPO_INF": "HIDROGEOLÓGICA",
        "PROF_TOT_m": 304.8,
        "PROF_REG_m": 304.7,
        "HGQ": "NO ",
        "F_INICIO": "1964-09-29 00:00:00",
        "F_FINAL": "1964-10-01 00:00:00",
        "URL ": "https://sigagis.conagua.gob.mx/t_infbasica/INVENTARIO/10 DURANGO/PDF/10_0003.pdf"
      }
    },
    {
      "type": "Feature",
      "geometry": {
        "type": "Point",
        "coordinates": [
          -102.8611111111111,
          25.482777777777777
        ]
      },
      "properties": {
        "CVE_LGJO": "10_0012",
        "CVE_POZO": "SIN ID",
        "TIT_LGJO": "AREA DE VIESCA  COAHUILA-DURANGO",
        "CVE_EDO": "10",
        "CVE_MPIO": "05036",
        "AÑO": "1977",
        "DESC": "ESTUDIO GEOHIDROLÓGICO DE LA ZONA.",
        "LONGITUD": -102.8611111111111,
        "LATITUD": 25.482777777777777,
        "CVE_ACUIF": "0523",
        "NOM_ACUIF": "PRINCIPAL-REGION LAGUNERA",
        "CT_POZO": "NO",
        "DISEÑO_PERF": "NO",
        "CORTE_LIT": "NO",
        "REG_ELEC": "NO",
        "INF_PERF": "NO",
        "REG_AFORO": "NO",
        "ANAL_AGUA": "NO",
        "CROQUIS": "SI",
        "TIPO_INF": "CROQUIS",
        "PROF_TOT_m": 147,
        "HGQ": "NO ",
        "F_FINAL": "1977-03-14 00:00:00",
        "ALTITUD_msnm": 1500,
        "STD_ppm": 2000,
        "URL ": "https://sigagis.conagua.gob.mx/t_infbasica/INVENTARIO/10 DURANGO/PDF/10_0012.pdf"
      }
    },
    {
      "type": "Feature",
      "geometry": {
        "type": "Point",
        "coordinates": [
          -102.98141944444444,
          25.311061111111112
        ]
      },
      "properties": {
        "CVE_LGJO": "10_0015",
        "CVE_POZO": "10-V.CARRANZA (SIN CLAVE)",
        "TIT_LGJO": "ISÓTOPOS AMBIENTALES   COAHUILA-DURANGO",
        "CVE_EDO": "10",
        "CVE_MPIO": "05036",
        "AÑO": "1978",
        "DESC": "ESTUDIO DE ACUÍFEROS EN CALIZAS Y RELLENOS.",
        "LONGITUD": -102.98141944444444,
        "LATITUD": 25.311061111111112,
        "CVE_ACUIF": "0532",
        "NOM_ACUIF": "PRINCIPAL-REGION LAGUNERA",
        "CT_POZO": "NO",
        "DISEÑO_PERF": "NO",
        "CORTE_LIT": "NO",
        "REG_ELEC": "NO",
        "INF_PERF": "NO",
        "REG_AFORO": "NO",
        "ANAL_AGUA": "SI",
        "CROQUIS": "SI",
        "TIPO_INF": "HIDROGEOQUÍMICO",
        "HGQ": "SI",
        "NE_M": 32.32,
        "ALTITUD_msnm": 1107.94,
        "Ca": 68,
        "Mg": 28,
        "Na": 49,
        "Cl": 42,
        "SO4": 91,
        "HCO3": 292,
        "STD_ppm": 570,
        "POT_H_s/u": 7.32,
        "URL ": "https://sigagis.conagua.gob.mx/t_infbasica/INVENTARIO/10 DURANGO/PDF/10_0015.pdf"
      }
    },
    {
      "type": "Feature",
      "geometry": {
        "type": "Point",
        "coordinates": [
          -102.977,
          25.333499999999997
        ]
      },
      "properties": {
        "CVE_LGJO": "10_0015",
        "CVE_POZO": "11-V.CARRANZA (2899)",
        "TIT_LGJO": "ISÓTOPOS AMBIENTALES   COAHUILA-DURANGO",
        "CVE_EDO": "10",
        "CVE_MPIO": "05036",
        "AÑO": "1978",
        "DESC": "ESTUDIO DE ACUÍFEROS EN CALIZAS Y RELLENOS.",
        "LONGITUD": -102.977,
        "LATITUD": 25.333499999999997,
        "CVE_ACUIF": "0533",
        "NOM_ACUIF": "PRINCIPAL-REGION LAGUNERA",
        "CT_POZO": "NO",
        "DISEÑO_PERF": "NO",
        "CORTE_LIT": "NO",
        "REG_ELEC": "NO",
        "INF_PERF": "NO",
        "REG_AFORO": "NO",
        "ANAL_AGUA": "SI",
        "CROQUIS": "SI",
        "TIPO_INF": "HIDROGEOQUÍMICO",
        "HGQ": "SI",
        "ALTITUD_msnm": 1101.58,
        "Q_LPS": 10,
        "Ca": 86,
        "Mg": 35,
        "Na": 41,
        "Cl": 42,
        "SO4": 130,
        "HCO3": 311,
        "STD_ppm": 645,
        "POT_H_s/u": 7.42,
        "URL ": "https://sigagis.conagua.gob.mx/t_infbasica/INVENTARIO/10 DURANGO/PDF/10_0015.pdf"
      }
    },
    {
      "type": "Feature",
      "geometry": {
        "type": "Point",
        "coordinates": [
          -102.95406944444444,
          25.72911111111111
        ]
      },
      "properties": {
        "CVE_LGJO": "10_0015",
        "CVE_POZO": "12-EL NILO (SIN CLAVE)",
        "TIT_LGJO": "ISÓTOPOS AMBIENTALES   COAHUILA-DURANGO",
        "CVE_EDO": "10",
        "CVE_MPIO": "05033",
        "AÑO": "1978",
        "DESC": "ESTUDIO DE ACUÍFEROS EN CALIZAS Y RELLENOS.",
        "LONGITUD": -102.95406944444444,
        "LATITUD": 25.72911111111111,
        "CVE_ACUIF": "0534",
        "NOM_ACUIF": "PRINCIPAL-REGION LAGUNERA",
        "CT_POZO": "NO",
        "DISEÑO_PERF": "NO",
        "CORTE_LIT": "NO",
        "REG_ELEC": "NO",
        "INF_PERF": "NO",
        "REG_AFORO": "NO",
        "ANAL_AGUA": "SI",
        "CROQUIS": "SI",
        "TIPO_INF": "HIDROGEOQUÍMICO",
        "HGQ": "SI",
        "NE_M": 3.52,
        "ALTITUD_msnm": 1098,
        "Ca": 186,
        "Mg": 8,
        "Na": 115,
        "Cl": 54,
        "SO4": 300,
        "HCO3": 439,
        "STD_ppm": 1102,
        "POT_H_s/u": 7.32,
        "URL ": "https://sigagis.conagua.gob.mx/t_infbasica/INVENTARIO/10 DURANGO/PDF/10_0015.pdf"
      }
    },
    {
      "type": "Feature",
      "geometry": {
        "type": "Point",
        "coordinates": [
          -103.71825,
          25.842880555555553
        ]
      },
      "properties": {
        "CVE_LGJO": "10_0015",
        "CVE_POZO": "13-SANTA RITA (2912)",
        "TIT_LGJO": "ISÓTOPOS AMBIENTALES   COAHUILA-DURANGO",
        "CVE_EDO": "10",
        "CVE_MPIO": 10013,
        "AÑO": "1978",
        "DESC": "ESTUDIO DE ACUÍFEROS EN CALIZAS Y RELLENOS.",
        "LONGITUD": -103.71825,
        "LATITUD": 25.842880555555553,
        "CVE_ACUIF": "0535",
        "NOM_ACUIF": "PRINCIPAL-REGION LAGUNERA",
        "CT_POZO": "NO",
        "DISEÑO_PERF": "NO",
        "CORTE_LIT": "NO",
        "REG_ELEC": "NO",
        "INF_PERF": "NO",
        "REG_AFORO": "NO",
        "ANAL_AGUA": "SI",
        "CROQUIS": "SI",
        "TIPO_INF": "HIDROGEOQUÍMICO",
        "HGQ": "SI",
        "NE_M": 42.35,
        "ALTITUD_msnm": 1170.92,
        "Q_LPS": 10,
        "Ca": 208,
        "Mg": 49,
        "Na": 0,
        "Cl": 106,
        "SO4": 240,
        "HCO3": 356,
        "STD_ppm": 959,
        "POT_H_s/u": 7.36,
        "URL ": "https://sigagis.conagua.gob.mx/t_infbasica/INVENTARIO/10 DURANGO/PDF/10_0015.pdf"
      }
    },
    {
      "type": "Feature",
      "geometry": {
        "type": "Point",
        "coordinates": [
          -103.71278055555555,
          25.825319444444442
        ]
      },
      "properties": {
        "CVE_LGJO": "10_0015",
        "CVE_POZO": "14-SAN JORGE (2907)",
        "TIT_LGJO": "ISÓTOPOS AMBIENTALES   COAHUILA-DURANGO",
        "CVE_EDO": "10",
        "CVE_MPIO": 10013,
        "AÑO": "1978",
        "DESC": "ESTUDIO DE ACUÍFEROS EN CALIZAS Y RELLENOS.",
        "LONGITUD": -103.71278055555555,
        "LATITUD": 25.825319444444442,
        "CVE_ACUIF": "0536",
        "NOM_ACUIF": "PRINCIPAL-REGION LAGUNERA",
        "CT_POZO": "NO",
        "DISEÑO_PERF": "NO",
        "CORTE_LIT": "NO",
        "REG_ELEC": "NO",
        "INF_PERF": "NO",
        "REG_AFORO": "NO",
        "ANAL_AGUA": "SI",
        "CROQUIS": "SI",
        "TIPO_INF": "HIDROGEOQUÍMICO",
        "HGQ": "SI",
        "NE_M": 64.8,
        "ALTITUD_msnm": 1176.92,
        "Q_LPS": 6,
        "Ca": 88,
        "Mg": 48,
        "Na": 56,
        "Cl": 35,
        "SO4": 184,
        "HCO3": 366,
        "STD_ppm": 777,
        "POT_H_s/u": 7.37,
        "URL ": "https://sigagis.conagua.gob.mx/t_infbasica/INVENTARIO/10 DURANGO/PDF/10_0015.pdf"
      }
    },
    {
      "type": "Feature",
      "geometry": {
        "type": "Point",
        "coordinates": [
          -103.7291,
          25.799261111111115
        ]
      },
      "properties": {
        "CVE_LGJO": "10_0015",
        "CVE_POZO": "15-EL SUSPIRO (2911)",
        "TIT_LGJO": "ISÓTOPOS AMBIENTALES   COAHUILA-DURANGO",
        "CVE_EDO": "10",
        "CVE_MPIO": 10013,
        "AÑO": "1978",
        "DESC": "ESTUDIO DE ACUÍFEROS EN CALIZAS Y RELLENOS.",
        "LONGITUD": -103.7291,
        "LATITUD": 25.799261111111115,
        "CVE_ACUIF": "0537",
        "NOM_ACUIF": "PRINCIPAL-REGION LAGUNERA",
        "CT_POZO": "NO",
        "DISEÑO_PERF": "NO",
        "CORTE_LIT": "NO",
        "REG_ELEC": "NO",
        "INF_PERF": "NO",
        "REG_AFORO": "NO",
        "ANAL_AGUA": "SI",
        "CROQUIS": "SI",
        "TIPO_INF": "HIDROGEOQUÍMICO",
        "HGQ": "SI",
        "NE_M": 55.41,
        "ALTITUD_msnm": 1233.77,
        "Q_LPS": 10,
        "Ca": 80,
        "Mg": 19,
        "Na": 50,
        "Cl": 33,
        "SO4": 75,
        "HCO3": 322,
        "STD_ppm": 579,
        "POT_H_s/u": 7.43,
        "URL ": "https://sigagis.conagua.gob.mx/t_infbasica/INVENTARIO/10 DURANGO/PDF/10_0015.pdf"
      }
    },
    {
      "type": "Feature",
      "geometry": {
        "type": "Point",
        "coordinates": [
          -103.8074,
          25.666530555555553
        ]
      },
      "properties": {
        "CVE_LGJO": "10_0015",
        "CVE_POZO": "16-JACALES (SIN CLAVE)",
        "TIT_LGJO": "ISÓTOPOS AMBIENTALES   COAHUILA-DURANGO",
        "CVE_EDO": "10",
        "CVE_MPIO": 10012,
        "AÑO": "1978",
        "DESC": "ESTUDIO DE ACUÍFEROS EN CALIZAS Y RELLENOS.",
        "LONGITUD": -103.8074,
        "LATITUD": 25.666530555555553,
        "CVE_ACUIF": "0538",
        "NOM_ACUIF": "PRINCIPAL-REGION LAGUNERA",
        "CT_POZO": "NO",
        "DISEÑO_PERF": "NO",
        "CORTE_LIT": "NO",
        "REG_ELEC": "NO",
        "INF_PERF": "NO",
        "REG_AFORO": "NO",
        "ANAL_AGUA": "SI",
        "CROQUIS": "SI",
        "TIPO_INF": "HIDROGEOQUÍMICO",
        "HGQ": "SI",
        "NE_M": 35.25,
        "ALTITUD_msnm": 1324.98,
        "Ca": 130,
        "Mg": 23,
        "Na": 4,
        "Cl": 39,
        "SO4": 50,
        "HCO3": 393,
        "STD_ppm": 639,
        "POT_H_s/u": 7.22,
        "URL ": "https://sigagis.conagua.gob.mx/t_infbasica/INVENTARIO/10 DURANGO/PDF/10_0015.pdf"
      }
    },
    {
      "type": "Feature",
      "geometry": {
        "type": "Point",
        "coordinates": [
          -103.70181944444445,
          25.578780555555554
        ]
      },
      "properties": {
        "CVE_LGJO": "10_0015",
        "CVE_POZO": "17-LA SIETE (2610)",
        "TIT_LGJO": "ISÓTOPOS AMBIENTALES   COAHUILA-DURANGO",
        "CVE_EDO": "10",
        "CVE_MPIO": 10012,
        "AÑO": "1978",
        "DESC": "ESTUDIO DE ACUÍFEROS EN CALIZAS Y RELLENOS.",
        "LONGITUD": -103.70181944444445,
        "LATITUD": 25.578780555555554,
        "CVE_ACUIF": "0539",
        "NOM_ACUIF": "PRINCIPAL-REGION LAGUNERA",
        "CT_POZO": "NO",
        "DISEÑO_PERF": "NO",
        "CORTE_LIT": "NO",
        "REG_ELEC": "NO",
        "INF_PERF": "NO",
        "REG_AFORO": "NO",
        "ANAL_AGUA": "SI",
        "CROQUIS": "SI",
        "TIPO_INF": "HIDROGEOQUÍMICO",
        "HGQ": "SI",
        "NE_M": 76.59,
        "ALTITUD_msnm": 1218.08,
        "Q_LPS": 21,
        "Ca": 166,
        "Mg": 20,
        "Na": 0,
        "Cl": 67,
        "SO4": 150,
        "HCO3": 285,
        "STD_ppm": 688,
        "POT_H_s/u": 7.2,
        "URL ": "https://sigagis.conagua.gob.mx/t_infbasica/INVENTARIO/10 DURANGO/PDF/10_0015.pdf"
      }
    },
    {
      "type": "Feature",
      "geometry": {
        "type": "Point",
        "coordinates": [
          -103.8590111111111,
          25.715680555555554
        ]
      },
      "properties": {
        "CVE_LGJO": "10_0015",
        "CVE_POZO": "18-VICENTE SUAREZ (2876)",
        "TIT_LGJO": "ISÓTOPOS AMBIENTALES   COAHUILA-DURANGO",
        "CVE_EDO": "10",
        "CVE_MPIO": 10012,
        "AÑO": "1978",
        "DESC": "ESTUDIO DE ACUÍFEROS EN CALIZAS Y RELLENOS.",
        "LONGITUD": -103.8590111111111,
        "LATITUD": 25.715680555555554,
        "CVE_ACUIF": "0540",
        "NOM_ACUIF": "PRINCIPAL-REGION LAGUNERA",
        "CT_POZO": "NO",
        "DISEÑO_PERF": "NO",
        "CORTE_LIT": "NO",
        "REG_ELEC": "NO",
        "INF_PERF": "NO",
        "REG_AFORO": "NO",
        "ANAL_AGUA": "SI",
        "CROQUIS": "SI",
        "TIPO_INF": "HIDROGEOQUÍMICO",
        "HGQ": "SI",
        "NE_M": 50.41,
        "ALTITUD_msnm": 1342.79,
        "Q_LPS": 40,
        "Ca": 84,
        "Mg": 31,
        "Na": 0,
        "Cl": 12,
        "SO4": 18,
        "HCO3": 314,
        "STD_ppm": 459,
        "POT_H_s/u": 7.25,
        "URL ": "https://sigagis.conagua.gob.mx/t_infbasica/INVENTARIO/10 DURANGO/PDF/10_0015.pdf"
      }
    },
    {
      "type": "Feature",
      "geometry": {
        "type": "Point",
        "coordinates": [
          -103.87513888888888,
          25.74103888888889
        ]
      },
      "properties": {
        "CVE_LGJO": "10_0015",
        "CVE_POZO": "19-VICENTE SUAREZ (2875)",
        "TIT_LGJO": "ISÓTOPOS AMBIENTALES   COAHUILA-DURANGO",
        "CVE_EDO": "10",
        "CVE_MPIO": 10012,
        "AÑO": "1978",
        "DESC": "ESTUDIO DE ACUÍFEROS EN CALIZAS Y RELLENOS.",
        "LONGITUD": -103.87513888888888,
        "LATITUD": 25.74103888888889,
        "CVE_ACUIF": "0541",
        "NOM_ACUIF": "PRINCIPAL-REGION LAGUNERA",
        "CT_POZO": "NO",
        "DISEÑO_PERF": "NO",
        "CORTE_LIT": "NO",
        "REG_ELEC": "NO",
        "INF_PERF": "NO",
        "REG_AFORO": "NO",
        "ANAL_AGUA": "SI",
        "CROQUIS": "SI",
        "TIPO_INF": "HIDROGEOQUÍMICO",
        "HGQ": "SI",
        "NE_M": 54.73,
        "ALTITUD_msnm": 1388.14,
        "Q_LPS": 46,
        "Ca": 80,
        "Mg": 30,
        "Na": 10,
        "Cl": 26,
        "SO4": 43,
        "HCO3": 322,
        "STD_ppm": 511,
        "POT_H_s/u": 7.42,
        "URL ": "https://sigagis.conagua.gob.mx/t_infbasica/INVENTARIO/10 DURANGO/PDF/10_0015.pdf"
      }
    },
    {
      "type": "Feature",
      "geometry": {
        "type": "Point",
        "coordinates": [
          -103.06201944444445,
          25.46751944444444
        ]
      },
      "properties": {
        "CVE_LGJO": "10_0015",
        "CVE_POZO": "20-GABINO VAZQUEZ (2136)",
        "TIT_LGJO": "ISÓTOPOS AMBIENTALES   COAHUILA-DURANGO",
        "CVE_EDO": "10",
        "CVE_MPIO": "05036",
        "AÑO": "1978",
        "DESC": "ESTUDIO DE ACUÍFEROS EN CALIZAS Y RELLENOS.",
        "LONGITUD": -103.06201944444445,
        "LATITUD": 25.46751944444444,
        "CVE_ACUIF": "0542",
        "NOM_ACUIF": "PRINCIPAL-REGION LAGUNERA",
        "CT_POZO": "NO",
        "DISEÑO_PERF": "NO",
        "CORTE_LIT": "NO",
        "REG_ELEC": "NO",
        "INF_PERF": "NO",
        "REG_AFORO": "NO",
        "ANAL_AGUA": "SI",
        "CROQUIS": "SI",
        "TIPO_INF": "HIDROGEOQUÍMICO",
        "HGQ": "SI",
        "NE_M": 46.55,
        "ALTITUD_msnm": 1109,
        "Q_LPS": 40,
        "Ca": 560,
        "Mg": 79,
        "Na": 310,
        "Cl": 532,
        "SO4": 1300,
        "HCO3": 366,
        "STD_ppm": 3147,
        "POT_H_s/u": 7.02,
        "URL ": "https://sigagis.conagua.gob.mx/t_infbasica/INVENTARIO/10 DURANGO/PDF/10_0015.pdf"
      }
    },
    {
      "type": "Feature",
      "geometry": {
        "type": "Point",
        "coordinates": [
          -103.0736111111111,
          25.47201944444444
        ]
      },
      "properties": {
        "CVE_LGJO": "10_0015",
        "CVE_POZO": "21-GABINO VAZQUEZ (2085)",
        "TIT_LGJO": "ISÓTOPOS AMBIENTALES   COAHUILA-DURANGO",
        "CVE_EDO": "10",
        "CVE_MPIO": "05036",
        "AÑO": "1978",
        "DESC": "ESTUDIO DE ACUÍFEROS EN CALIZAS Y RELLENOS.",
        "LONGITUD": -103.0736111111111,
        "LATITUD": 25.47201944444444,
        "CVE_ACUIF": "0543",
        "NOM_ACUIF": "PRINCIPAL-REGION LAGUNERA",
        "CT_POZO": "NO",
        "DISEÑO_PERF": "NO",
        "CORTE_LIT": "NO",
        "REG_ELEC": "NO",
        "INF_PERF": "NO",
        "REG_AFORO": "NO",
        "ANAL_AGUA": "SI",
        "CROQUIS": "SI",
        "TIPO_INF": "HIDROGEOQUÍMICO",
        "HGQ": "SI",
        "ALTITUD_msnm": 1109,
        "Q_LPS": 35,
        "Ca": 40,
        "Mg": 9,
        "Na": 121,
        "Cl": 39,
        "SO4": 130,
        "HCO3": 256,
        "STD_ppm": 595,
        "POT_H_s/u": 7.55,
        "URL ": "https://sigagis.conagua.gob.mx/t_infbasica/INVENTARIO/10 DURANGO/PDF/10_0015.pdf"
      }
    },
    {
      "type": "Feature",
      "geometry": {
        "type": "Point",
        "coordinates": [
          -103.62764999999999,
          25.720730555555555
        ]
      },
      "properties": {
        "CVE_LGJO": "10_0015",
        "CVE_POZO": "22-DINAMITA (SIN CLAVE)",
        "TIT_LGJO": "ISÓTOPOS AMBIENTALES   COAHUILA-DURANGO",
        "CVE_EDO": "10",
        "CVE_MPIO": "10007",
        "AÑO": "1978",
        "DESC": "ESTUDIO DE ACUÍFEROS EN CALIZAS Y RELLENOS.",
        "LONGITUD": -103.62764999999999,
        "LATITUD": 25.720730555555555,
        "CVE_ACUIF": "0544",
        "NOM_ACUIF": "PRINCIPAL-REGION LAGUNERA",
        "CT_POZO": "NO",
        "DISEÑO_PERF": "NO",
        "CORTE_LIT": "NO",
        "REG_ELEC": "NO",
        "INF_PERF": "NO",
        "REG_AFORO": "NO",
        "ANAL_AGUA": "SI",
        "CROQUIS": "SI",
        "TIPO_INF": "HIDROGEOQUÍMICO",
        "HGQ": "SI",
        "NE_M": 33.41,
        "ALTITUD_msnm": 1184.25,
        "Q_LPS": 24,
        "Ca": 80,
        "Mg": 19,
        "Na": 17,
        "Cl": 17,
        "SO4": 56,
        "HCO3": 285,
        "STD_ppm": 474,
        "POT_H_s/u": 7.35,
        "URL ": "https://sigagis.conagua.gob.mx/t_infbasica/INVENTARIO/10 DURANGO/PDF/10_0015.pdf"
      }
    },
    {
      "type": "Feature",
      "geometry": {
        "type": "Point",
        "coordinates": [
          -103.60934999999999,
          25.755211111111112
        ]
      },
      "properties": {
        "CVE_LGJO": "10_0015",
        "CVE_POZO": "23-RCHO. LAS CARMELAS (1612)",
        "TIT_LGJO": "ISÓTOPOS AMBIENTALES   COAHUILA-DURANGO",
        "CVE_EDO": "10",
        "CVE_MPIO": "10007",
        "AÑO": "1978",
        "DESC": "ESTUDIO DE ACUÍFEROS EN CALIZAS Y RELLENOS.",
        "LONGITUD": -103.60934999999999,
        "LATITUD": 25.755211111111112,
        "CVE_ACUIF": "0545",
        "NOM_ACUIF": "PRINCIPAL-REGION LAGUNERA",
        "CT_POZO": "NO",
        "DISEÑO_PERF": "NO",
        "CORTE_LIT": "NO",
        "REG_ELEC": "NO",
        "INF_PERF": "NO",
        "REG_AFORO": "NO",
        "ANAL_AGUA": "SI",
        "CROQUIS": "SI",
        "TIPO_INF": "HIDROGEOQUÍMICO",
        "HGQ": "SI",
        "NE_M": 75.4,
        "ALTITUD_msnm": 1138.79,
        "Q_LPS": 12,
        "Ca": 200,
        "Mg": 51,
        "Na": 39,
        "Cl": 149,
        "SO4": 390,
        "HCO3": 219,
        "STD_ppm": 1048,
        "POT_H_s/u": 7.22,
        "URL ": "https://sigagis.conagua.gob.mx/t_infbasica/INVENTARIO/10 DURANGO/PDF/10_0015.pdf"
      }
    },
    {
      "type": "Feature",
      "geometry": {
        "type": "Point",
        "coordinates": [
          -103.61505,
          25.77275
        ]
      },
      "properties": {
        "CVE_LGJO": "10_0015",
        "CVE_POZO": "24-STA ELENA (3619",
        "TIT_LGJO": "ISÓTOPOS AMBIENTALES   COAHUILA-DURANGO",
        "CVE_EDO": "10",
        "CVE_MPIO": "10007",
        "AÑO": "1978",
        "DESC": "ESTUDIO DE ACUÍFEROS EN CALIZAS Y RELLENOS.",
        "LONGITUD": -103.61505,
        "LATITUD": 25.77275,
        "CVE_ACUIF": "0546",
        "NOM_ACUIF": "PRINCIPAL-REGION LAGUNERA",
        "CT_POZO": "NO",
        "DISEÑO_PERF": "NO",
        "CORTE_LIT": "NO",
        "REG_ELEC": "NO",
        "INF_PERF": "NO",
        "REG_AFORO": "NO",
        "ANAL_AGUA": "SI",
        "CROQUIS": "SI",
        "TIPO_INF": "HIDROGEOQUÍMICO",
        "HGQ": "SI",
        "NE_M": 52.5,
        "ALTITUD_msnm": 1135.92,
        "Q_LPS": 3,
        "Ca": 188,
        "Mg": 128,
        "Na": 0,
        "Cl": 58,
        "SO4": 590,
        "HCO3": 190,
        "STD_ppm": 1154,
        "POT_H_s/u": 7.25,
        "URL ": "https://sigagis.conagua.gob.mx/t_infbasica/INVENTARIO/10 DURANGO/PDF/10_0015.pdf"
      }
    },
    {
      "type": "Feature",
      "geometry": {
        "type": "Point",
        "coordinates": [
          -103.74573055555555,
          25.858369444444445
        ]
      },
      "properties": {
        "CVE_LGJO": "10_0015",
        "CVE_POZO": "25-SAN ISIDRO (417)",
        "TIT_LGJO": "ISÓTOPOS AMBIENTALES   COAHUILA-DURANGO",
        "CVE_EDO": "10",
        "CVE_MPIO": 10013,
        "AÑO": "1978",
        "DESC": "ESTUDIO DE ACUÍFEROS EN CALIZAS Y RELLENOS.",
        "LONGITUD": -103.74573055555555,
        "LATITUD": 25.858369444444445,
        "CVE_ACUIF": "0547",
        "NOM_ACUIF": "PRINCIPAL-REGION LAGUNERA",
        "CT_POZO": "NO",
        "DISEÑO_PERF": "NO",
        "CORTE_LIT": "NO",
        "REG_ELEC": "NO",
        "INF_PERF": "NO",
        "REG_AFORO": "NO",
        "ANAL_AGUA": "SI",
        "CROQUIS": "SI",
        "TIPO_INF": "HIDROGEOQUÍMICO",
        "HGQ": "SI",
        "NE_M": 57.73,
        "ALTITUD_msnm": 1194.13,
        "Ca": 9.3,
        "Mg": 36.6,
        "Na": 80,
        "Cl": 41,
        "SO4": 262,
        "HCO3": 204,
        "STD_ppm": 835,
        "POT_H_s/u": 7.22,
        "URL ": "https://sigagis.conagua.gob.mx/t_infbasica/INVENTARIO/10 DURANGO/PDF/10_0015.pdf"
      }
    },
    {
      "type": "Feature",
      "geometry": {
        "type": "Point",
        "coordinates": [
          -103.62158888888888,
          25.916169444444442
        ]
      },
      "properties": {
        "CVE_LGJO": "10_0015",
        "CVE_POZO": "26-EL ROSALINO (2884)",
        "TIT_LGJO": "ISÓTOPOS AMBIENTALES   COAHUILA-DURANGO",
        "CVE_EDO": "10",
        "CVE_MPIO": 10036,
        "AÑO": "1978",
        "DESC": "ESTUDIO DE ACUÍFEROS EN CALIZAS Y RELLENOS.",
        "LONGITUD": -103.62158888888888,
        "LATITUD": 25.916169444444442,
        "CVE_ACUIF": "0548",
        "NOM_ACUIF": "PRINCIPAL-REGION LAGUNERA",
        "CT_POZO": "NO",
        "DISEÑO_PERF": "NO",
        "CORTE_LIT": "NO",
        "REG_ELEC": "NO",
        "INF_PERF": "NO",
        "REG_AFORO": "NO",
        "ANAL_AGUA": "SI",
        "CROQUIS": "SI",
        "TIPO_INF": "HIDROGEOQUÍMICO",
        "HGQ": "SI",
        "NE_M": 85.55,
        "ALTITUD_msnm": 1111.24,
        "Q_LPS": 35,
        "Ca": 466,
        "Mg": 135,
        "Na": 249,
        "Cl": 100,
        "SO4": 1910,
        "HCO3": 157,
        "STD_ppm": 3060,
        "POT_H_s/u": 7.45,
        "URL ": "https://sigagis.conagua.gob.mx/t_infbasica/INVENTARIO/10 DURANGO/PDF/10_0015.pdf"
      }
    },
    {
      "type": "Feature",
      "geometry": {
        "type": "Point",
        "coordinates": [
          -103.62983888888888,
          25.933580555555555
        ]
      },
      "properties": {
        "CVE_LGJO": "10_0015",
        "CVE_POZO": "27-SAN ISIDRO (2745)",
        "TIT_LGJO": "ISÓTOPOS AMBIENTALES   COAHUILA-DURANGO",
        "CVE_EDO": "10",
        "CVE_MPIO": 10036,
        "AÑO": "1978",
        "DESC": "ESTUDIO DE ACUÍFEROS EN CALIZAS Y RELLENOS.",
        "LONGITUD": -103.62983888888888,
        "LATITUD": 25.933580555555555,
        "CVE_ACUIF": "0549",
        "NOM_ACUIF": "PRINCIPAL-REGION LAGUNERA",
        "CT_POZO": "NO",
        "DISEÑO_PERF": "NO",
        "CORTE_LIT": "NO",
        "REG_ELEC": "NO",
        "INF_PERF": "NO",
        "REG_AFORO": "NO",
        "ANAL_AGUA": "SI",
        "CROQUIS": "SI",
        "TIPO_INF": "HIDROGEOQUÍMICO",
        "HGQ": "SI",
        "NE_M": 85,
        "ALTITUD_msnm": 1108.15,
        "Q_LPS": 14,
        "Ca": 489,
        "Mg": 151,
        "Na": 244,
        "Cl": 110,
        "SO4": 2040,
        "HCO3": 74.7,
        "STD_ppm": 3152,
        "POT_H_s/u": 7.71,
        "URL ": "https://sigagis.conagua.gob.mx/t_infbasica/INVENTARIO/10 DURANGO/PDF/10_0015.pdf"
      }
    },
    {
      "type": "Feature",
      "geometry": {
        "type": "Point",
        "coordinates": [
          -103.78398888888889,
          25.790980555555556
        ]
      },
      "properties": {
        "CVE_LGJO": "10_0015",
        "CVE_POZO": "28-LA OJUELA (SIN CLAVE)",
        "TIT_LGJO": "ISÓTOPOS AMBIENTALES   COAHUILA-DURANGO",
        "CVE_EDO": "10",
        "CVE_MPIO": 10013,
        "AÑO": "1978",
        "DESC": "ESTUDIO DE ACUÍFEROS EN CALIZAS Y RELLENOS.",
        "LONGITUD": -103.78398888888889,
        "LATITUD": 25.790980555555556,
        "CVE_ACUIF": "0550",
        "NOM_ACUIF": "PRINCIPAL-REGION LAGUNERA",
        "CT_POZO": "NO",
        "DISEÑO_PERF": "NO",
        "CORTE_LIT": "NO",
        "REG_ELEC": "NO",
        "INF_PERF": "NO",
        "REG_AFORO": "NO",
        "ANAL_AGUA": "SI",
        "CROQUIS": "SI",
        "TIPO_INF": "HIDROGEOQUÍMICO",
        "HGQ": "SI",
        "Ca": 49.8,
        "Mg": 11.9,
        "Na": 20,
        "Cl": 9.9,
        "SO4": 107,
        "HCO3": 106,
        "STD_ppm": 330,
        "POT_H_s/u": 7.32,
        "URL ": "https://sigagis.conagua.gob.mx/t_infbasica/INVENTARIO/10 DURANGO/PDF/10_0015.pdf"
      }
    },
    {
      "type": "Feature",
      "geometry": {
        "type": "Point",
        "coordinates": [
          -103.64771944444445,
          25.9343
        ]
      },
      "properties": {
        "CVE_LGJO": "10_0015",
        "CVE_POZO": "29-LA PLATOSA (2504)",
        "TIT_LGJO": "ISÓTOPOS AMBIENTALES   COAHUILA-DURANGO",
        "CVE_EDO": "10",
        "CVE_MPIO": 10013,
        "AÑO": "1978",
        "DESC": "ESTUDIO DE ACUÍFEROS EN CALIZAS Y RELLENOS.",
        "LONGITUD": -103.64771944444445,
        "LATITUD": 25.9343,
        "CVE_ACUIF": "0551",
        "NOM_ACUIF": "PRINCIPAL-REGION LAGUNERA",
        "CT_POZO": "NO",
        "DISEÑO_PERF": "NO",
        "CORTE_LIT": "NO",
        "REG_ELEC": "NO",
        "INF_PERF": "NO",
        "REG_AFORO": "NO",
        "ANAL_AGUA": "SI",
        "CROQUIS": "SI",
        "TIPO_INF": "HIDROGEOQUÍMICO",
        "HGQ": "SI",
        "NE_M": 38,
        "ALTITUD_msnm": 1113.94,
        "Ca": 568,
        "Mg": 162,
        "Na": 344,
        "Cl": 142,
        "SO4": 2430,
        "HCO3": 70.2,
        "STD_ppm": 3753,
        "POT_H_s/u": 7.58,
        "URL ": "https://sigagis.conagua.gob.mx/t_infbasica/INVENTARIO/10 DURANGO/PDF/10_0015.pdf"
      }
    },
    {
      "type": "Feature",
      "geometry": {
        "type": "Point",
        "coordinates": [
          -103.73861111111111,
          25.060930555555558
        ]
      },
      "properties": {
        "CVE_LGJO": "10_0015",
        "CVE_POZO": "2-VERDEÑA (SIN CLAVE)",
        "TIT_LGJO": "ISÓTOPOS AMBIENTALES   COAHUILA-DURANGO",
        "CVE_EDO": "10",
        "CVE_MPIO": 10004,
        "AÑO": "1978",
        "DESC": "ESTUDIO DE ACUÍFEROS EN CALIZAS Y RELLENOS.",
        "LONGITUD": -103.73861111111111,
        "LATITUD": 25.060930555555558,
        "CVE_ACUIF": "0524",
        "NOM_ACUIF": "PRINCIPAL-REGION LAGUNERA",
        "CT_POZO": "NO",
        "DISEÑO_PERF": "NO",
        "CORTE_LIT": "NO",
        "REG_ELEC": "NO",
        "INF_PERF": "NO",
        "REG_AFORO": "NO",
        "ANAL_AGUA": "SI",
        "CROQUIS": "SI",
        "TIPO_INF": "HIDROGEOQUÍMICO",
        "HGQ": "SI",
        "Ca": 180,
        "Mg": 64.6,
        "Na": 214,
        "Cl": 138,
        "SO4": 880,
        "HCO3": 74.7,
        "STD_ppm": 1603,
        "POT_H_s/u": 7.58,
        "URL ": "https://sigagis.conagua.gob.mx/t_infbasica/INVENTARIO/10 DURANGO/PDF/10_0015.pdf"
      }
    },
    {
      "type": "Feature",
      "geometry": {
        "type": "Point",
        "coordinates": [
          -103.39871111111111,
          25.98483888888889
        ]
      },
      "properties": {
        "CVE_LGJO": "10_0015",
        "CVE_POZO": "32-SAN FRANCISCO (1835)",
        "TIT_LGJO": "ISÓTOPOS AMBIENTALES   COAHUILA-DURANGO",
        "CVE_EDO": "10",
        "CVE_MPIO": 10036,
        "AÑO": "1978",
        "DESC": "ESTUDIO DE ACUÍFEROS EN CALIZAS Y RELLENOS.",
        "LONGITUD": -103.39871111111111,
        "LATITUD": 25.98483888888889,
        "CVE_ACUIF": "0552",
        "NOM_ACUIF": "PRINCIPAL-REGION LAGUNERA",
        "CT_POZO": "NO",
        "DISEÑO_PERF": "NO",
        "CORTE_LIT": "NO",
        "REG_ELEC": "NO",
        "INF_PERF": "NO",
        "REG_AFORO": "NO",
        "ANAL_AGUA": "SI",
        "CROQUIS": "SI",
        "TIPO_INF": "HIDROGEOQUÍMICO",
        "HGQ": "SI",
        "ALTITUD_msnm": 1120,
        "Q_LPS": 12,
        "Ca": 30,
        "Mg": 1.2,
        "Na": 151,
        "Cl": 17.7,
        "SO4": 241,
        "HCO3": 127,
        "STD_ppm": 618,
        "POT_H_s/u": 7.6,
        "URL ": "https://sigagis.conagua.gob.mx/t_infbasica/INVENTARIO/10 DURANGO/PDF/10_0015.pdf"
      }
    },
    {
      "type": "Feature",
      "geometry": {
        "type": "Point",
        "coordinates": [
          -103.38586111111111,
          25.972719444444444
        ]
      },
      "properties": {
        "CVE_LGJO": "10_0015",
        "CVE_POZO": "33-SAN FRANCISCO (2887)",
        "TIT_LGJO": "ISÓTOPOS AMBIENTALES   COAHUILA-DURANGO",
        "CVE_EDO": "10",
        "CVE_MPIO": 10036,
        "AÑO": "1978",
        "DESC": "ESTUDIO DE ACUÍFEROS EN CALIZAS Y RELLENOS.",
        "LONGITUD": -103.38586111111111,
        "LATITUD": 25.972719444444444,
        "CVE_ACUIF": "0553",
        "NOM_ACUIF": "PRINCIPAL-REGION LAGUNERA",
        "CT_POZO": "NO",
        "DISEÑO_PERF": "NO",
        "CORTE_LIT": "NO",
        "REG_ELEC": "NO",
        "INF_PERF": "NO",
        "REG_AFORO": "NO",
        "ANAL_AGUA": "SI",
        "CROQUIS": "SI",
        "TIPO_INF": "HIDROGEOQUÍMICO",
        "HGQ": "SI",
        "ALTITUD_msnm": 1120,
        "Q_LPS": 18,
        "Ca": 92.7,
        "Mg": 4.5,
        "Na": 183,
        "Cl": 73,
        "SO4": 428,
        "HCO3": 124,
        "STD_ppm": 1573,
        "POT_H_s/u": 7.58,
        "URL ": "https://sigagis.conagua.gob.mx/t_infbasica/INVENTARIO/10 DURANGO/PDF/10_0015.pdf"
      }
    },
    {
      "type": "Feature",
      "geometry": {
        "type": "Point",
        "coordinates": [
          -105.03508055555555,
          25.57618888888889
        ]
      },
      "properties": {
        "CVE_LGJO": "10_0015",
        "CVE_POZO": "34-EL PALMITO (SIN CLAVE)",
        "TIT_LGJO": "ISÓTOPOS AMBIENTALES   COAHUILA-DURANGO",
        "CVE_EDO": "10",
        "CVE_MPIO": 10011,
        "AÑO": "1978",
        "DESC": "ESTUDIO DE ACUÍFEROS EN CALIZAS Y RELLENOS.",
        "LONGITUD": -105.03508055555555,
        "LATITUD": 25.57618888888889,
        "CVE_ACUIF": "0554",
        "NOM_ACUIF": "PRINCIPAL-REGION LAGUNERA",
        "CT_POZO": "NO",
        "DISEÑO_PERF": "NO",
        "CORTE_LIT": "NO",
        "REG_ELEC": "NO",
        "INF_PERF": "NO",
        "REG_AFORO": "NO",
        "ANAL_AGUA": "NO",
        "CROQUIS": "SI",
        "TIPO_INF": "CROQUIS ",
        "HGQ": "NO",
        "ALTITUD_msnm": 1850,
        "URL ": "https://sigagis.conagua.gob.mx/t_infbasica/INVENTARIO/10 DURANGO/PDF/10_0015.pdf"
      }
    },
    {
      "type": "Feature",
      "geometry": {
        "type": "Point",
        "coordinates": [
          -104.51976111111111,
          25.120250000000002
        ]
      },
      "properties": {
        "CVE_LGJO": "10_0015",
        "CVE_POZO": "35-HIDALGO DE SAN ANT (87)",
        "TIT_LGJO": "ISÓTOPOS AMBIENTALES   COAHUILA-DURANGO",
        "CVE_EDO": "10",
        "CVE_MPIO": 10024,
        "AÑO": "1978",
        "DESC": "ESTUDIO DE ACUÍFEROS EN CALIZAS Y RELLENOS.",
        "LONGITUD": -104.51976111111111,
        "LATITUD": 25.120250000000002,
        "CVE_ACUIF": "0555",
        "NOM_ACUIF": "PRINCIPAL-REGION LAGUNERA",
        "CT_POZO": "NO",
        "DISEÑO_PERF": "NO",
        "CORTE_LIT": "NO",
        "REG_ELEC": "NO",
        "INF_PERF": "NO",
        "REG_AFORO": "NO",
        "ANAL_AGUA": "SI",
        "CROQUIS": "SI",
        "TIPO_INF": "HIDROGEOQUÍMICO",
        "HGQ": "SI",
        "NE_M": 60,
        "ALTITUD_msnm": 1450,
        "Q_LPS": 60,
        "Ca": 100,
        "Mg": 35,
        "Na": 33,
        "Cl": 74,
        "SO4": 120,
        "HCO3": 267,
        "STD_ppm": 640,
        "POT_H_s/u": 7.9,
        "URL ": "https://sigagis.conagua.gob.mx/t_infbasica/INVENTARIO/10 DURANGO/PDF/10_0015.pdf"
      }
    },
    {
      "type": "Feature",
      "geometry": {
        "type": "Point",
        "coordinates": [
          -104.06944999999999,
          25.26263888888889
        ]
      },
      "properties": {
        "CVE_LGJO": "10_0015",
        "CVE_POZO": "36-AGUISTIN MELGAR (73)",
        "TIT_LGJO": "ISÓTOPOS AMBIENTALES   COAHUILA-DURANGO",
        "CVE_EDO": "10",
        "CVE_MPIO": 10015,
        "AÑO": "1978",
        "DESC": "ESTUDIO DE ACUÍFEROS EN CALIZAS Y RELLENOS.",
        "LONGITUD": -104.06944999999999,
        "LATITUD": 25.26263888888889,
        "CVE_ACUIF": "0556",
        "NOM_ACUIF": "PRINCIPAL-REGION LAGUNERA",
        "CT_POZO": "NO",
        "DISEÑO_PERF": "NO",
        "CORTE_LIT": "NO",
        "REG_ELEC": "NO",
        "INF_PERF": "NO",
        "REG_AFORO": "NO",
        "ANAL_AGUA": "SI",
        "CROQUIS": "SI",
        "TIPO_INF": "HIDROGEOQUÍMICO",
        "HGQ": "SI",
        "NE_M": 60,
        "ALTITUD_msnm": 1260,
        "Q_LPS": 0.5,
        "Ca": 80,
        "Mg": 103,
        "Na": 107,
        "Cl": 42,
        "SO4": 500,
        "HCO3": 338,
        "STD_ppm": 1170,
        "POT_H_s/u": 8.05,
        "URL ": "https://sigagis.conagua.gob.mx/t_infbasica/INVENTARIO/10 DURANGO/PDF/10_0015.pdf"
      }
    },
    {
      "type": "Feature",
      "geometry": {
        "type": "Point",
        "coordinates": [
          -103.9067388888889,
          25.233930555555556
        ]
      },
      "properties": {
        "CVE_LGJO": "10_0015",
        "CVE_POZO": "37-V.CARRANZA (62)",
        "TIT_LGJO": "ISÓTOPOS AMBIENTALES   COAHUILA-DURANGO",
        "CVE_EDO": "10",
        "CVE_MPIO": 10015,
        "AÑO": "1978",
        "DESC": "ESTUDIO DE ACUÍFEROS EN CALIZAS Y RELLENOS.",
        "LONGITUD": -103.9067388888889,
        "LATITUD": 25.233930555555556,
        "CVE_ACUIF": "0557",
        "NOM_ACUIF": "PRINCIPAL-REGION LAGUNERA",
        "CT_POZO": "NO",
        "DISEÑO_PERF": "NO",
        "CORTE_LIT": "NO",
        "REG_ELEC": "NO",
        "INF_PERF": "NO",
        "REG_AFORO": "NO",
        "ANAL_AGUA": "SI",
        "CROQUIS": "SI",
        "TIPO_INF": "HIDROGEOQUÍMICO",
        "HGQ": "SI",
        "NE_M": 80,
        "ALTITUD_msnm": 1230,
        "Q_LPS": 70,
        "Ca": 36,
        "Mg": 1,
        "Na": 258,
        "Cl": 71,
        "SO4": 125,
        "HCO3": 501,
        "STD_ppm": 1001,
        "POT_H_s/u": 8.1,
        "URL ": "https://sigagis.conagua.gob.mx/t_infbasica/INVENTARIO/10 DURANGO/PDF/10_0015.pdf"
      }
    },
    {
      "type": "Feature",
      "geometry": {
        "type": "Point",
        "coordinates": [
          -103.77038888888889,
          25.276769444444444
        ]
      },
      "properties": {
        "CVE_LGJO": "10_0015",
        "CVE_POZO": "38-FRANCISCO ZARCO (SIN CLAVE)",
        "TIT_LGJO": "ISÓTOPOS AMBIENTALES   COAHUILA-DURANGO",
        "CVE_EDO": "10",
        "CVE_MPIO": 10004,
        "AÑO": "1978",
        "DESC": "ESTUDIO DE ACUÍFEROS EN CALIZAS Y RELLENOS.",
        "LONGITUD": -103.77038888888889,
        "LATITUD": 25.276769444444444,
        "CVE_ACUIF": "0558",
        "NOM_ACUIF": "PRINCIPAL-REGION LAGUNERA",
        "CT_POZO": "NO",
        "DISEÑO_PERF": "NO",
        "CORTE_LIT": "NO",
        "REG_ELEC": "NO",
        "INF_PERF": "NO",
        "REG_AFORO": "NO",
        "ANAL_AGUA": "SI",
        "CROQUIS": "SI",
        "TIPO_INF": "HIDROGEOQUÍMICO",
        "HGQ": "SI",
        "ALTITUD_msnm": 1200,
        "Ca": 112,
        "Mg": 34,
        "Na": 0,
        "Cl": 23,
        "SO4": 1,
        "HCO3": 263,
        "STD_ppm": 433,
        "POT_H_s/u": 7.92,
        "URL ": "https://sigagis.conagua.gob.mx/t_infbasica/INVENTARIO/10 DURANGO/PDF/10_0015.pdf"
      }
    },
    {
      "type": "Feature",
      "geometry": {
        "type": "Point",
        "coordinates": [
          -103.34336111111111,
          25.820369444444445
        ]
      },
      "properties": {
        "CVE_LGJO": "10_0015",
        "CVE_POZO": "39-SAN ALBERTO (2065)",
        "TIT_LGJO": "ISÓTOPOS AMBIENTALES   COAHUILA-DURANGO",
        "CVE_EDO": "10",
        "CVE_MPIO": "10007",
        "AÑO": "1978",
        "DESC": "ESTUDIO DE ACUÍFEROS EN CALIZAS Y RELLENOS.",
        "LONGITUD": -103.34336111111111,
        "LATITUD": 25.820369444444445,
        "CVE_ACUIF": "0559",
        "NOM_ACUIF": "PRINCIPAL-REGION LAGUNERA",
        "CT_POZO": "NO",
        "DISEÑO_PERF": "NO",
        "CORTE_LIT": "NO",
        "REG_ELEC": "NO",
        "INF_PERF": "NO",
        "REG_AFORO": "NO",
        "ANAL_AGUA": "SI",
        "CROQUIS": "SI",
        "TIPO_INF": "HIDROGEOQUÍMICO",
        "HGQ": "SI",
        "NE_M": 80,
        "ALTITUD_msnm": 1083,
        "Q_LPS": 40,
        "Ca": 124,
        "Mg": 13,
        "Na": 38,
        "Cl": 88,
        "SO4": 195,
        "HCO3": 146,
        "STD_ppm": 604,
        "POT_H_s/u": 7.95,
        "URL ": "https://sigagis.conagua.gob.mx/t_infbasica/INVENTARIO/10 DURANGO/PDF/10_0015.pdf"
      }
    },
    {
      "type": "Feature",
      "geometry": {
        "type": "Point",
        "coordinates": [
          -103.45758888888889,
          25.37798888888889
        ]
      },
      "properties": {
        "CVE_LGJO": "10_0015",
        "CVE_POZO": "3-LA CAMPANA (1848)",
        "TIT_LGJO": "ISÓTOPOS AMBIENTALES   COAHUILA-DURANGO",
        "CVE_EDO": "10",
        "CVE_MPIO": 10012,
        "AÑO": "1978",
        "DESC": "ESTUDIO DE ACUÍFEROS EN CALIZAS Y RELLENOS.",
        "LONGITUD": -103.45758888888889,
        "LATITUD": 25.37798888888889,
        "CVE_ACUIF": "0525",
        "NOM_ACUIF": "PRINCIPAL-REGION LAGUNERA",
        "CT_POZO": "NO",
        "DISEÑO_PERF": "NO",
        "CORTE_LIT": "NO",
        "REG_ELEC": "NO",
        "INF_PERF": "NO",
        "REG_AFORO": "NO",
        "ANAL_AGUA": "SI",
        "CROQUIS": "SI",
        "TIPO_INF": "HIDROGEOQUÍMICO",
        "HGQ": "SI",
        "NE_M": 67.29,
        "ALTITUD_msnm": 1183,
        "Ca": 159,
        "Mg": 50.6,
        "Na": 172,
        "Cl": 103,
        "SO4": 528,
        "HCO3": 275,
        "STD_ppm": 1405,
        "POT_H_s/u": 7.34,
        "URL ": "https://sigagis.conagua.gob.mx/t_infbasica/INVENTARIO/10 DURANGO/PDF/10_0015.pdf"
      }
    },
    {
      "type": "Feature",
      "geometry": {
        "type": "Point",
        "coordinates": [
          -103.39881944444446,
          25.859969444444445
        ]
      },
      "properties": {
        "CVE_LGJO": "10_0015",
        "CVE_POZO": "40-EL BARRO (2087)",
        "TIT_LGJO": "ISÓTOPOS AMBIENTALES   COAHUILA-DURANGO",
        "CVE_EDO": "10",
        "CVE_MPIO": "10007",
        "AÑO": "1978",
        "DESC": "ESTUDIO DE ACUÍFEROS EN CALIZAS Y RELLENOS.",
        "LONGITUD": -103.39881944444446,
        "LATITUD": 25.859969444444445,
        "CVE_ACUIF": "0560",
        "NOM_ACUIF": "PRINCIPAL-REGION LAGUNERA",
        "CT_POZO": "NO",
        "DISEÑO_PERF": "NO",
        "CORTE_LIT": "NO",
        "REG_ELEC": "NO",
        "INF_PERF": "NO",
        "REG_AFORO": "NO",
        "ANAL_AGUA": "SI",
        "CROQUIS": "SI",
        "TIPO_INF": "HIDROGEOQUÍMICO",
        "HGQ": "SI",
        "NE_M": 80,
        "ALTITUD_msnm": 1060,
        "Q_LPS": 35,
        "Ca": 46,
        "Mg": 2,
        "Na": 70,
        "Cl": 32,
        "SO4": 67,
        "HCO3": 197,
        "STD_ppm": 414,
        "POT_H_s/u": 8.2,
        "URL ": "https://sigagis.conagua.gob.mx/t_infbasica/INVENTARIO/10 DURANGO/PDF/10_0015.pdf"
      }
    },
    {
      "type": "Feature",
      "geometry": {
        "type": "Point",
        "coordinates": [
          -103.4086138888889,
          25.95615833333333
        ]
      },
      "properties": {
        "CVE_LGJO": "10_0015",
        "CVE_POZO": "41-GRANJA EL PILAR (1374)",
        "TIT_LGJO": "ISÓTOPOS AMBIENTALES   COAHUILA-DURANGO",
        "CVE_EDO": "10",
        "CVE_MPIO": 10036,
        "AÑO": "1978",
        "DESC": "ESTUDIO DE ACUÍFEROS EN CALIZAS Y RELLENOS.",
        "LONGITUD": -103.4086138888889,
        "LATITUD": 25.95615833333333,
        "CVE_ACUIF": "0561",
        "NOM_ACUIF": "PRINCIPAL-REGION LAGUNERA",
        "CT_POZO": "NO",
        "DISEÑO_PERF": "NO",
        "CORTE_LIT": "NO",
        "REG_ELEC": "NO",
        "INF_PERF": "NO",
        "REG_AFORO": "NO",
        "ANAL_AGUA": "SI",
        "CROQUIS": "SI",
        "TIPO_INF": "HIDROGEOQUÍMICO",
        "HGQ": "SI",
        "NE_M": 80,
        "ALTITUD_msnm": 1075,
        "Q_LPS": 50,
        "Ca": 90,
        "Mg": 13,
        "Na": 245,
        "Cl": 96,
        "SO4": 475,
        "HCO3": 223,
        "STD_ppm": 1142,
        "POT_H_s/u": 7.95,
        "URL ": "https://sigagis.conagua.gob.mx/t_infbasica/INVENTARIO/10 DURANGO/PDF/10_0015.pdf"
      }
    },
    {
      "type": "Feature",
      "geometry": {
        "type": "Point",
        "coordinates": [
          -103.47056111111111,
          25.35408055555556
        ]
      },
      "properties": {
        "CVE_LGJO": "10_0015",
        "CVE_POZO": "4-LA VENTANA (2565)",
        "TIT_LGJO": "ISÓTOPOS AMBIENTALES   COAHUILA-DURANGO",
        "CVE_EDO": "10",
        "CVE_MPIO": 10012,
        "AÑO": "1978",
        "DESC": "ESTUDIO DE ACUÍFEROS EN CALIZAS Y RELLENOS.",
        "LONGITUD": -103.47056111111111,
        "LATITUD": 25.35408055555556,
        "CVE_ACUIF": "0526",
        "NOM_ACUIF": "PRINCIPAL-REGION LAGUNERA",
        "CT_POZO": "NO",
        "DISEÑO_PERF": "NO",
        "CORTE_LIT": "NO",
        "REG_ELEC": "NO",
        "INF_PERF": "NO",
        "REG_AFORO": "NO",
        "ANAL_AGUA": "SI",
        "CROQUIS": "SI",
        "TIPO_INF": "HIDROGEOQUÍMICO",
        "HGQ": "SI",
        "ALTITUD_msnm": 1183,
        "Q_LPS": 60,
        "Ca": 81.4,
        "Mg": 49.5,
        "Na": 173,
        "Cl": 85.1,
        "SO4": 517,
        "HCO3": 105,
        "STD_ppm": 1051,
        "POT_H_s/u": 7.35,
        "URL ": "https://sigagis.conagua.gob.mx/t_infbasica/INVENTARIO/10 DURANGO/PDF/10_0015.pdf"
      }
    },
    {
      "type": "Feature",
      "geometry": {
        "type": "Point",
        "coordinates": [
          -103.32791944444445,
          25.086230555555556
        ]
      },
      "properties": {
        "CVE_LGJO": "10_0015",
        "CVE_POZO": "5-FLOR JIMULCO(3008)",
        "TIT_LGJO": "ISÓTOPOS AMBIENTALES   COAHUILA-DURANGO",
        "CVE_EDO": "10",
        "CVE_MPIO": 10006,
        "AÑO": "1978",
        "DESC": "ESTUDIO DE ACUÍFEROS EN CALIZAS Y RELLENOS.",
        "LONGITUD": -103.32791944444445,
        "LATITUD": 25.086230555555556,
        "CVE_ACUIF": "0527",
        "NOM_ACUIF": "PRINCIPAL-REGION LAGUNERA",
        "CT_POZO": "NO",
        "DISEÑO_PERF": "NO",
        "CORTE_LIT": "NO",
        "REG_ELEC": "NO",
        "INF_PERF": "NO",
        "REG_AFORO": "NO",
        "ANAL_AGUA": "SI",
        "CROQUIS": "SI",
        "TIPO_INF": "HIDROGEOQUÍMICO",
        "HGQ": "SI",
        "NE_M": 13.17,
        "ALTITUD_msnm": 1270,
        "Ca": 74.4,
        "Mg": 26.4,
        "Na": 224,
        "Cl": 67,
        "SO4": 477,
        "HCO3": 253,
        "STD_ppm": 1162,
        "POT_H_s/u": 7.33,
        "URL ": "https://sigagis.conagua.gob.mx/t_infbasica/INVENTARIO/10 DURANGO/PDF/10_0015.pdf"
      }
    },
    {
      "type": "Feature",
      "geometry": {
        "type": "Point",
        "coordinates": [
          -103.38876944444445,
          25.14445
        ]
      },
      "properties": {
        "CVE_LGJO": "10_0015",
        "CVE_POZO": "6-ZARAGOZA (2999)",
        "TIT_LGJO": "ISÓTOPOS AMBIENTALES   COAHUILA-DURANGO",
        "CVE_EDO": "10",
        "CVE_MPIO": 10006,
        "AÑO": "1978",
        "DESC": "ESTUDIO DE ACUÍFEROS EN CALIZAS Y RELLENOS.",
        "LONGITUD": -103.38876944444445,
        "LATITUD": 25.14445,
        "CVE_ACUIF": "0528",
        "NOM_ACUIF": "PRINCIPAL-REGION LAGUNERA",
        "CT_POZO": "NO",
        "DISEÑO_PERF": "NO",
        "CORTE_LIT": "NO",
        "REG_ELEC": "NO",
        "INF_PERF": "NO",
        "REG_AFORO": "NO",
        "ANAL_AGUA": "SI",
        "CROQUIS": "SI",
        "TIPO_INF": "HIDROGEOQUÍMICO",
        "HGQ": "SI",
        "ALTITUD_msnm": 1255,
        "Q_LPS": 45,
        "Ca": 136,
        "Mg": 75.3,
        "Na": 714,
        "Cl": 234,
        "SO4": 1630,
        "HCO3": 129,
        "STD_ppm": 2967,
        "POT_H_s/u": 7.25,
        "URL ": "https://sigagis.conagua.gob.mx/t_infbasica/INVENTARIO/10 DURANGO/PDF/10_0015.pdf"
      }
    },
    {
      "type": "Feature",
      "geometry": {
        "type": "Point",
        "coordinates": [
          -102.81068055555555,
          25.332930555555556
        ]
      },
      "properties": {
        "CVE_LGJO": "10_0015",
        "CVE_POZO": "7-VIESCA (3011)",
        "TIT_LGJO": "ISÓTOPOS AMBIENTALES   COAHUILA-DURANGO",
        "CVE_EDO": "10",
        "CVE_MPIO": "05036",
        "AÑO": "1978",
        "DESC": "ESTUDIO DE ACUÍFEROS EN CALIZAS Y RELLENOS.",
        "LONGITUD": -102.81068055555555,
        "LATITUD": 25.332930555555556,
        "CVE_ACUIF": "0529",
        "NOM_ACUIF": "PRINCIPAL-REGION LAGUNERA",
        "CT_POZO": "NO",
        "DISEÑO_PERF": "NO",
        "CORTE_LIT": "NO",
        "REG_ELEC": "NO",
        "INF_PERF": "NO",
        "REG_AFORO": "NO",
        "ANAL_AGUA": "SI",
        "CROQUIS": "SI",
        "TIPO_INF": "HIDROGEOQUÍMICO",
        "HGQ": "SI",
        "NE_M": 42.24,
        "ALTITUD_msnm": 1099.82,
        "Q_LPS": 40,
        "Ca": 60.8,
        "Mg": 36.4,
        "Na": 226,
        "Cl": 154,
        "SO4": 464,
        "HCO3": 102,
        "STD_ppm": 1043,
        "POT_H_s/u": 7.45,
        "URL ": "https://sigagis.conagua.gob.mx/t_infbasica/INVENTARIO/10 DURANGO/PDF/10_0015.pdf"
      }
    },
    {
      "type": "Feature",
      "geometry": {
        "type": "Point",
        "coordinates": [
          -102.8732111111111,
          25.328488888888888
        ]
      },
      "properties": {
        "CVE_LGJO": "10_0015",
        "CVE_POZO": "8-VIESCA (3055)",
        "TIT_LGJO": "ISÓTOPOS AMBIENTALES   COAHUILA-DURANGO",
        "CVE_EDO": "10",
        "CVE_MPIO": "05036",
        "AÑO": "1978",
        "DESC": "ESTUDIO DE ACUÍFEROS EN CALIZAS Y RELLENOS.",
        "LONGITUD": -102.8732111111111,
        "LATITUD": 25.328488888888888,
        "CVE_ACUIF": "0530",
        "NOM_ACUIF": "PRINCIPAL-REGION LAGUNERA",
        "CT_POZO": "NO",
        "DISEÑO_PERF": "NO",
        "CORTE_LIT": "NO",
        "REG_ELEC": "NO",
        "INF_PERF": "NO",
        "REG_AFORO": "NO",
        "ANAL_AGUA": "SI",
        "CROQUIS": "SI",
        "TIPO_INF": "HIDROGEOQUÍMICO",
        "HGQ": "SI",
        "ALTITUD_msnm": 1102.21,
        "Ca": 187,
        "Mg": 65.6,
        "Na": 356,
        "Cl": 450,
        "SO4": 788,
        "HCO3": 67.3,
        "STD_ppm": 1955,
        "POT_H_s/u": 7.44,
        "URL ": "https://sigagis.conagua.gob.mx/t_infbasica/INVENTARIO/10 DURANGO/PDF/10_0015.pdf"
      }
    },
    {
      "type": "Feature",
      "geometry": {
        "type": "Point",
        "coordinates": [
          -103.01015,
          25.31538888888889
        ]
      },
      "properties": {
        "CVE_LGJO": "10_0015",
        "CVE_POZO": "9-V.CARRANZA (SIN CLAVE)",
        "TIT_LGJO": "ISÓTOPOS AMBIENTALES   COAHUILA-DURANGO",
        "CVE_EDO": "10",
        "CVE_MPIO": "05036",
        "AÑO": "1978",
        "DESC": "ESTUDIO DE ACUÍFEROS EN CALIZAS Y RELLENOS.",
        "LONGITUD": -103.01015,
        "LATITUD": 25.31538888888889,
        "CVE_ACUIF": "0531",
        "NOM_ACUIF": "PRINCIPAL-REGION LAGUNERA",
        "CT_POZO": "NO",
        "DISEÑO_PERF": "NO",
        "CORTE_LIT": "NO",
        "REG_ELEC": "NO",
        "INF_PERF": "NO",
        "REG_AFORO": "NO",
        "ANAL_AGUA": "SI",
        "CROQUIS": "SI",
        "TIPO_INF": "HIDROGEOQUÍMICO",
        "HGQ": "SI",
        "NE_M": 34.5,
        "ALTITUD_msnm": 1110.04,
        "Ca": 65.2,
        "Mg": 25.1,
        "Na": 69.1,
        "Cl": 26,
        "SO4": 164,
        "HCO3": 236,
        "STD_ppm": 618,
        "POT_H_s/u": 7.55,
        "URL ": "https://sigagis.conagua.gob.mx/t_infbasica/INVENTARIO/10 DURANGO/PDF/10_0015.pdf"
      }
    },
    {
      "type": "Feature",
      "geometry": {
        "type": "Point",
        "coordinates": [
          -103.35555555555555,
          25.668055555555558
        ]
      },
      "properties": {
        "CVE_LGJO": "10_0020",
        "CVE_POZO": "SIN ID",
        "TIT_LGJO": "EJIDO ALBIA  COAHUILA-DURANGO",
        "CVE_EDO": "10",
        "CVE_MPIO": "05035",
        "AÑO": "1985",
        "DESC": "DICTAMEN.",
        "LONGITUD": -103.35555555555555,
        "LATITUD": 25.668055555555558,
        "CVE_ACUIF": "0523",
        "NOM_ACUIF": "PRINCIPAL-REGION LAGUNERA",
        "CT_POZO": "NO",
        "DISEÑO_PERF": "NO",
        "CORTE_LIT": "NO",
        "REG_ELEC": "NO",
        "INF_PERF": "NO",
        "REG_AFORO": "NO",
        "ANAL_AGUA": "NO",
        "CROQUIS": "SI",
        "TIPO_INF": "PROFUNDIDAD ",
        "PROF_TOT_m": 250,
        "HGQ": "NO",
        "F_FINAL": "1985-05-14 00:00:00",
        "NE_M": 90,
        "ND_M": 108,
        "URL ": "https://sigagis.conagua.gob.mx/t_infbasica/INVENTARIO/10 DURANGO/PDF/10_0020.pdf"
      }
    },
    {
      "type": "Feature",
      "geometry": {
        "type": "Point",
        "coordinates": [
          -103.66666666666667,
          25.533333333333335
        ]
      },
      "properties": {
        "CVE_LGJO": "10_0021",
        "CVE_POZO": "PDGOECL85-01",
        "NOMB_POZO": "LEÓN GUZMÁN (EL PAVO)",
        "TIT_LGJO": "HOJA DE CONTROL DE AVANCE Y TERMINACIÓN DEL POZO PDGOECL85-01, LOCALIDAD DE EJIDO LEÓN GUZMÁN, MPIO. DE LERDO, EDO. DE DURANGO",
        "CVE_EDO": "10",
        "CVE_MPIO": 10012,
        "AÑO": "1985",
        "DESC": "HOJA DE CONTROL DE AVANCE Y TERMINACIÓN DEL POZO",
        "LONGITUD": -103.66666666666667,
        "LATITUD": 25.533333333333335,
        "CVE_ACUIF": "0523",
        "NOM_ACUIF": "PRINCIPAL-REGION LAGUNERA",
        "CT_POZO": "NO",
        "DISEÑO_PERF": "NO",
        "CORTE_LIT": "NO",
        "REG_ELEC": "NO",
        "INF_PERF": "SI",
        "REG_AFORO": "NO",
        "ANAL_AGUA": "NO",
        "CROQUIS": "NO",
        "TIPO_INF": "PROFUNDIDAD ",
        "PROF_TOT_m": 197,
        "PROF_REG_m": 194,
        "HGQ": "NO",
        "F_INICIO": "1985-02-01 00:00:00",
        "F_FINAL": "1985-04-18 00:00:00",
        "NE_M": 32,
        "ALTITUD_msnm": 1035,
        "URL ": "https://sigagis.conagua.gob.mx/t_infbasica/INVENTARIO/10 DURANGO/PDF/10_0021.pdf"
      }
    },
    {
      "type": "Feature",
      "geometry": {
        "type": "Point",
        "coordinates": [
          -103.38777777777779,
          26.04638888888889
        ]
      },
      "properties": {
        "CVE_LGJO": "10_0024",
        "CVE_POZO": "SIN ID",
        "TIT_LGJO": "PERFORACIÓN DE 5 POZOS EXPLORATORIOS  COAHUILA-DURANGO",
        "CVE_EDO": "10",
        "CVE_MPIO": 10086,
        "AÑO": "1993",
        "DESC": "INFORME DE LA PERFORACIÓN.",
        "LONGITUD": -103.38777777777779,
        "LATITUD": 26.04638888888889,
        "CVE_ACUIF": "0523",
        "NOM_ACUIF": "PRINCIPAL-REGION LAGUNERA",
        "CT_POZO": "NO",
        "DISEÑO_PERF": "NO",
        "CORTE_LIT": "NO",
        "REG_ELEC": "NO",
        "INF_PERF": "NO",
        "REG_AFORO": "NO",
        "ANAL_AGUA": "NO",
        "CROQUIS": "SI",
        "TIPO_INF": "CROQUIS",
        "HGQ": "NO",
        "F_FINAL": "1993-03-26 00:00:00",
        "URL ": "https://sigagis.conagua.gob.mx/t_infbasica/INVENTARIO/10 DURANGO/PDF/10_0024.pdf"
      }
    },
    {
      "type": "Feature",
      "geometry": {
        "type": "Point",
        "coordinates": [
          -103.61944444444444,
          25.900277777777777
        ]
      },
      "properties": {
        "CVE_LGJO": "10_0024",
        "CVE_POZO": "SIN ID",
        "TIT_LGJO": "PERFORACIÓN DE 5 POZOS EXPLORATORIOS  COAHUILA-DURANGO",
        "CVE_EDO": "10",
        "CVE_MPIO": 10013,
        "AÑO": "1993",
        "DESC": "INFORME DE LA PERFORACIÓN.",
        "LONGITUD": -103.61944444444444,
        "LATITUD": 25.900277777777777,
        "CVE_ACUIF": "0523",
        "NOM_ACUIF": "PRINCIPAL-REGION LAGUNERA",
        "CT_POZO": "NO",
        "DISEÑO_PERF": "NO",
        "CORTE_LIT": "NO",
        "REG_ELEC": "NO",
        "INF_PERF": "NO",
        "REG_AFORO": "NO",
        "ANAL_AGUA": "NO",
        "CROQUIS": "SI",
        "TIPO_INF": "CROQUIS",
        "HGQ": "NO",
        "F_FINAL": "1993-03-26 00:00:00",
        "URL ": "https://sigagis.conagua.gob.mx/t_infbasica/INVENTARIO/10 DURANGO/PDF/10_0024.pdf"
      }
    },
    {
      "type": "Feature",
      "geometry": {
        "type": "Point",
        "coordinates": [
          -103.13583333333334,
          25.791111111111114
        ]
      },
      "properties": {
        "CVE_LGJO": "10_0024",
        "CVE_POZO": "SIN ID",
        "TIT_LGJO": "PERFORACIÓN DE 5 POZOS EXPLORATORIOS  COAHUILA-DURANGO",
        "CVE_EDO": "10",
        "CVE_MPIO": "05033",
        "AÑO": "1993",
        "DESC": "INFORME DE LA PERFORACIÓN.",
        "LONGITUD": -103.13583333333334,
        "LATITUD": 25.791111111111114,
        "CVE_ACUIF": "0523",
        "NOM_ACUIF": "PRINCIPAL-REGION LAGUNERA",
        "CT_POZO": "NO",
        "DISEÑO_PERF": "NO",
        "CORTE_LIT": "NO",
        "REG_ELEC": "NO",
        "INF_PERF": "NO",
        "REG_AFORO": "NO",
        "ANAL_AGUA": "NO",
        "CROQUIS": "SI",
        "TIPO_INF": "CROQUIS",
        "HGQ": "NO",
        "F_FINAL": "1993-03-26 00:00:00",
        "URL ": "https://sigagis.conagua.gob.mx/t_infbasica/INVENTARIO/10 DURANGO/PDF/10_0024.pdf"
      }
    },
    {
      "type": "Feature",
      "geometry": {
        "type": "Point",
        "coordinates": [
          -103.43055555555556,
          25.620833333333334
        ]
      },
      "properties": {
        "CVE_LGJO": "10_0024",
        "CVE_POZO": "SIN ID",
        "TIT_LGJO": "PERFORACIÓN DE 5 POZOS EXPLORATORIOS  COAHUILA-DURANGO",
        "CVE_EDO": "10",
        "CVE_MPIO": 10007,
        "AÑO": "1993",
        "DESC": "INFORME DE LA PERFORACIÓN.",
        "LONGITUD": -103.43055555555556,
        "LATITUD": 25.620833333333334,
        "CVE_ACUIF": "0523",
        "NOM_ACUIF": "PRINCIPAL-REGION LAGUNERA",
        "CT_POZO": "NO",
        "DISEÑO_PERF": "NO",
        "CORTE_LIT": "NO",
        "REG_ELEC": "NO",
        "INF_PERF": "NO",
        "REG_AFORO": "NO",
        "ANAL_AGUA": "NO",
        "CROQUIS": "SI",
        "TIPO_INF": "CROQUIS",
        "HGQ": "NO",
        "F_FINAL": "1993-03-26 00:00:00",
        "URL ": "https://sigagis.conagua.gob.mx/t_infbasica/INVENTARIO/10 DURANGO/PDF/10_0024.pdf"
      }
    },
    {
      "type": "Feature",
      "geometry": {
        "type": "Point",
        "coordinates": [
          -103.23273888888889,
          25.506769444444444
        ]
      },
      "properties": {
        "CVE_LGJO": "10_0024",
        "CVE_POZO": "SIN ID",
        "TIT_LGJO": "PERFORACIÓN DE 5 POZOS EXPLORATORIOS  COAHUILA-DURANGO",
        "CVE_EDO": "10",
        "CVE_MPIO": "05017",
        "AÑO": "1993",
        "DESC": "INFORME DE LA PERFORACIÓN.",
        "LONGITUD": -103.23273888888889,
        "LATITUD": 25.506769444444444,
        "CVE_ACUIF": "0523",
        "NOM_ACUIF": "PRINCIPAL-REGION LAGUNERA",
        "CT_POZO": "NO",
        "DISEÑO_PERF": "NO",
        "CORTE_LIT": "NO",
        "REG_ELEC": "NO",
        "INF_PERF": "NO",
        "REG_AFORO": "NO",
        "ANAL_AGUA": "NO",
        "CROQUIS": "SI",
        "TIPO_INF": "CROQUIS",
        "HGQ": "NO",
        "F_FINAL": "1993-03-26 00:00:00",
        "URL ": "https://sigagis.conagua.gob.mx/t_infbasica/INVENTARIO/10 DURANGO/PDF/10_0024.pdf"
      }
    },
    {
      "type": "Feature",
      "geometry": {
        "type": "Point",
        "coordinates": [
          -103.51948,
          25.59212
        ]
      },
      "properties": {
        "CVE_LGJO": "10_0025",
        "CVE_POZO": "POZO 17 (A1990)",
        "TIT_LGJO": "GEOHIDROLOGÍA DE LA LAGUNA (I Y II ETAPA), REALIZADA POR EL IMTA",
        "CVE_EDO": 10,
        "CVE_MPIO": 10007,
        "AÑO": "1993",
        "DESC": "POZO SELECCIONADO (I Y II ETAPA ) EN LA INVESTIGACIÓN PARA CARACTERIZAR HIDROQUÍMICAMENTE DE LA ZONA \"LA LAGUNA\", DEGRADA POR CONCENTRACIONES ELEVADAS DE ARSÉNICO, MOSTRANDO UN DETERIORO EN SU CALIDAD FÍSICO-QUÍMICA.",
        "LONGITUD": -103.51948,
        "LATITUD": 25.59212,
        "CVE_ACUIF": "0523",
        "NOM_ACUIF": "PRINCIPAL-REGION LAGUNERA",
        "CT_POZO": "NO",
        "DISEÑO_PERF": "NO",
        "CORTE_LIT": "NO",
        "REG_ELEC": "NO",
        "INF_PERF": "NO",
        "REG_AFORO": "NO",
        "ANAL_AGUA": "SI",
        "CROQUIS": "SI",
        "TIPO_INF": "HIDROGEOQUÍMICO",
        "HGQ": "SI",
        "NE_M": 60.96,
        "TEMP_°C": 28,
        "POT_H_s/u": 6.9,
        "CE_Us/cm": 900,
        "As_mg/L": 0.0167,
        "URL ": "https://sigagis.conagua.gob.mx/t_infbasica/INVENTARIO/10 DURANGO/PDF/10_0025.pdf"
      }
    },
    {
      "type": "Feature",
      "geometry": {
        "type": "Point",
        "coordinates": [
          -103.51948,
          25.59212
        ]
      },
      "properties": {
        "CVE_LGJO": "10_0025",
        "CVE_POZO": "POZO 17 (A1993)",
        "TIT_LGJO": "GEOHIDROLOGÍA DE LA LAGUNA, REALIZADA POR EL IMTA",
        "CVE_EDO": 10,
        "CVE_MPIO": 10007,
        "AÑO": "1993",
        "DESC": "POZO SELECCIONADO EN LA INVESTIGACIÓN PARA CARACTERIZAR HIDROQUÍMICAMENTE DE LA ZONA \"LA LAGUNA\", DEGRADA POR CONCENTRACIONES ELEVADAS DE ARSÉNICO, MOSTRANDO UN DETERIORO EN SU CALIDAD FÍSICO-QUÍMICA.",
        "LONGITUD": -103.51948,
        "LATITUD": 25.59212,
        "CVE_ACUIF": "0523",
        "NOM_ACUIF": "PRINCIPAL-REGION LAGUNERA",
        "CT_POZO": "NO",
        "DISEÑO_PERF": "NO",
        "CORTE_LIT": "NO",
        "REG_ELEC": "NO",
        "INF_PERF": "NO",
        "REG_AFORO": "NO",
        "ANAL_AGUA": "SI",
        "CROQUIS": "SI",
        "TIPO_INF": "HIDROGEOQUÍMICO",
        "HGQ": "SI",
        "NE_M": 60.96,
        "TEMP_°C": 27.6,
        "POT_H_s/u": 7.1,
        "CE_Us/cm": 797,
        "As_mg/L": 0.0067,
        "URL ": "https://sigagis.conagua.gob.mx/t_infbasica/INVENTARIO/10 DURANGO/PDF/10_0025.pdf"
      }
    },
    {
      "type": "Feature",
      "geometry": {
        "type": "Point",
        "coordinates": [
          -103.52213,
          25.67924
        ]
      },
      "properties": {
        "CVE_LGJO": "10_0025",
        "CVE_POZO": "POZO 55",
        "TIT_LGJO": "GEOHIDROLOGÍA DE LA LAGUNA, REALIZADA POR EL IMTA",
        "CVE_EDO": 10,
        "CVE_MPIO": 10007,
        "AÑO": "1993",
        "DESC": "POZO DE LA ZONA \"LA LAGUNA\".",
        "LONGITUD": -103.52213,
        "LATITUD": 25.67924,
        "CVE_ACUIF": "0523",
        "NOM_ACUIF": "PRINCIPAL-REGION LAGUNERA",
        "CT_POZO": "NO",
        "DISEÑO_PERF": "NO",
        "CORTE_LIT": "NO",
        "REG_ELEC": "NO",
        "INF_PERF": "NO",
        "REG_AFORO": "NO",
        "ANAL_AGUA": "NO",
        "CROQUIS": "SI",
        "TIPO_INF": "CROQUIS",
        "HGQ": "NO",
        "URL ": "https://sigagis.conagua.gob.mx/t_infbasica/INVENTARIO/10 DURANGO/PDF/10_0025.pdf"
      }
    },
    {
      "type": "Feature",
      "geometry": {
        "type": "Point",
        "coordinates": [
          -103.60884,
          25.71124
        ]
      },
      "properties": {
        "CVE_LGJO": "10_0025",
        "CVE_POZO": "POZO 116 (A1993)",
        "TIT_LGJO": "GEOHIDROLOGÍA DE LA LAGUNA, REALIZADA POR EL IMTA",
        "CVE_EDO": 10,
        "CVE_MPIO": 10007,
        "AÑO": "1993",
        "DESC": "POZO SELECCIONADO EN LA INVESTIGACIÓN PARA CARACTERIZAR HIDROQUÍMICAMENTE DE LA ZONA \"LA LAGUNA\", DEGRADA POR CONCENTRACIONES ELEVADAS DE ARSÉNICO, MOSTRANDO UN DETERIORO EN SU CALIDAD FÍSICO-QUÍMICA.",
        "LONGITUD": -103.60884,
        "LATITUD": 25.71124,
        "CVE_ACUIF": "0523",
        "NOM_ACUIF": "PRINCIPAL-REGION LAGUNERA",
        "CT_POZO": "NO",
        "DISEÑO_PERF": "NO",
        "CORTE_LIT": "NO",
        "REG_ELEC": "NO",
        "INF_PERF": "NO",
        "REG_AFORO": "NO",
        "ANAL_AGUA": "NO",
        "CROQUIS": "SI",
        "TIPO_INF": "PROFUNDIDAD ",
        "HGQ": "SI",
        "NE_M": 70.71,
        "URL ": "https://sigagis.conagua.gob.mx/t_infbasica/INVENTARIO/10 DURANGO/PDF/10_0025.pdf"
      }
    },
    {
      "type": "Feature",
      "geometry": {
        "type": "Point",
        "coordinates": [
          -103.51905,
          25.78266
        ]
      },
      "properties": {
        "CVE_LGJO": "10_0025",
        "CVE_POZO": "POZO 158 (A1993)",
        "TIT_LGJO": "GEOHIDROLOGÍA DE LA LAGUNA, REALIZADA POR EL IMTA",
        "CVE_EDO": 10,
        "CVE_MPIO": 10007,
        "AÑO": "1993",
        "DESC": "POZO SELECCIONADO EN LA INVESTIGACIÓN PARA CARACTERIZAR HIDROQUÍMICAMENTE DE LA ZONA \"LA LAGUNA\", DEGRADA POR CONCENTRACIONES ELEVADAS DE ARSÉNICO, MOSTRANDO UN DETERIORO EN SU CALIDAD FÍSICO-QUÍMICA.",
        "LONGITUD": -103.51905,
        "LATITUD": 25.78266,
        "CVE_ACUIF": "0523",
        "NOM_ACUIF": "PRINCIPAL-REGION LAGUNERA",
        "CT_POZO": "NO",
        "DISEÑO_PERF": "NO",
        "CORTE_LIT": "NO",
        "REG_ELEC": "NO",
        "INF_PERF": "NO",
        "REG_AFORO": "NO",
        "ANAL_AGUA": "NO",
        "CROQUIS": "SI",
        "TIPO_INF": "PROFUNDIDAD ",
        "HGQ": "SI",
        "NE_M": 84.12,
        "URL ": "https://sigagis.conagua.gob.mx/t_infbasica/INVENTARIO/10 DURANGO/PDF/10_0025.pdf"
      }
    },
    {
      "type": "Feature",
      "geometry": {
        "type": "Point",
        "coordinates": [
          -103.60046,
          25.65878
        ]
      },
      "properties": {
        "CVE_LGJO": "10_0025",
        "CVE_POZO": "POZO 186",
        "TIT_LGJO": "GEOHIDROLOGÍA DE LA LAGUNA, REALIZADA POR EL IMTA",
        "CVE_EDO": 10,
        "CVE_MPIO": 10007,
        "AÑO": "1993",
        "DESC": "POZO DE LA ZONA \"LA LAGUNA\".",
        "LONGITUD": -103.60046,
        "LATITUD": 25.65878,
        "CVE_ACUIF": "0523",
        "NOM_ACUIF": "PRINCIPAL-REGION LAGUNERA",
        "CT_POZO": "NO",
        "DISEÑO_PERF": "NO",
        "CORTE_LIT": "NO",
        "REG_ELEC": "NO",
        "INF_PERF": "NO",
        "REG_AFORO": "NO",
        "ANAL_AGUA": "NO",
        "CROQUIS": "SI",
        "TIPO_INF": "CROQUIS",
        "HGQ": "NO",
        "URL ": "https://sigagis.conagua.gob.mx/t_infbasica/INVENTARIO/10 DURANGO/PDF/10_0025.pdf"
      }
    },
    {
      "type": "Feature",
      "geometry": {
        "type": "Point",
        "coordinates": [
          -103.47294,
          25.57819
        ]
      },
      "properties": {
        "CVE_LGJO": "10_0025",
        "CVE_POZO": "POZO 233",
        "TIT_LGJO": "GEOHIDROLOGÍA DE LA LAGUNA, REALIZADA POR EL IMTA",
        "CVE_EDO": 10,
        "CVE_MPIO": 10007,
        "AÑO": "1993",
        "DESC": "POZO DE LA ZONA \"LA LAGUNA\".",
        "LONGITUD": -103.47294,
        "LATITUD": 25.57819,
        "CVE_ACUIF": "0523",
        "NOM_ACUIF": "PRINCIPAL-REGION LAGUNERA",
        "CT_POZO": "NO",
        "DISEÑO_PERF": "NO",
        "CORTE_LIT": "NO",
        "REG_ELEC": "NO",
        "INF_PERF": "NO",
        "REG_AFORO": "NO",
        "ANAL_AGUA": "NO",
        "CROQUIS": "SI",
        "TIPO_INF": "CROQUIS",
        "HGQ": "NO",
        "URL ": "https://sigagis.conagua.gob.mx/t_infbasica/INVENTARIO/10 DURANGO/PDF/10_0025.pdf"
      }
    },
    {
      "type": "Feature",
      "geometry": {
        "type": "Point",
        "coordinates": [
          -103.43636,
          25.619898
        ]
      },
      "properties": {
        "CVE_LGJO": "10_0025",
        "CVE_POZO": "POZO 251",
        "TIT_LGJO": "GEOHIDROLOGÍA DE LA LAGUNA, REALIZADA POR EL IMTA",
        "CVE_EDO": 10,
        "CVE_MPIO": 10007,
        "AÑO": "1993",
        "DESC": "POZO DE LA ZONA \"LA LAGUNA\".",
        "LONGITUD": -103.43636,
        "LATITUD": 25.619898,
        "CVE_ACUIF": "0523",
        "NOM_ACUIF": "PRINCIPAL-REGION LAGUNERA",
        "CT_POZO": "NO",
        "DISEÑO_PERF": "NO",
        "CORTE_LIT": "NO",
        "REG_ELEC": "NO",
        "INF_PERF": "NO",
        "REG_AFORO": "NO",
        "ANAL_AGUA": "NO",
        "CROQUIS": "SI",
        "TIPO_INF": "CROQUIS",
        "HGQ": "NO",
        "URL ": "https://sigagis.conagua.gob.mx/t_infbasica/INVENTARIO/10 DURANGO/PDF/10_0025.pdf"
      }
    },
    {
      "type": "Feature",
      "geometry": {
        "type": "Point",
        "coordinates": [
          -103.45767,
          25.63754
        ]
      },
      "properties": {
        "CVE_LGJO": "10_0025",
        "CVE_POZO": "POZO 257 (1990)",
        "TIT_LGJO": "GEOHIDROLOGÍA DE LA LAGUNA (I Y II ETAPA), REALIZADA POR EL IMTA",
        "CVE_EDO": 10,
        "CVE_MPIO": 10007,
        "AÑO": "1993",
        "DESC": "POZO SELECCIONADO (I Y II ETAPA ) EN LA INVESTIGACIÓN PARA CARACTERIZAR HIDROQUÍMICAMENTE DE LA ZONA \"LA LAGUNA\", DEGRADA POR CONCENTRACIONES ELEVADAS DE ARSÉNICO, MOSTRANDO UN DETERIORO EN SU CALIDAD FÍSICO-QUÍMICA.",
        "LONGITUD": -103.45767,
        "LATITUD": 25.63754,
        "CVE_ACUIF": "0523",
        "NOM_ACUIF": "PRINCIPAL-REGION LAGUNERA",
        "CT_POZO": "NO",
        "DISEÑO_PERF": "NO",
        "CORTE_LIT": "NO",
        "REG_ELEC": "NO",
        "INF_PERF": "NO",
        "REG_AFORO": "NO",
        "ANAL_AGUA": "SI",
        "CROQUIS": "SI",
        "TIPO_INF": "HIDROGEOQUÍMICO",
        "HGQ": "SI",
        "TEMP_°C": 26,
        "POT_H_s/u": 6.9,
        "CE_Us/cm": 1379,
        "As_mg/L": 0.0053,
        "URL ": "https://sigagis.conagua.gob.mx/t_infbasica/INVENTARIO/10 DURANGO/PDF/10_0025.pdf"
      }
    },
    {
      "type": "Feature",
      "geometry": {
        "type": "Point",
        "coordinates": [
          -103.45767,
          25.63754
        ]
      },
      "properties": {
        "CVE_LGJO": "10_0025",
        "CVE_POZO": "POZO 257 (1993)",
        "TIT_LGJO": "GEOHIDROLOGÍA DE LA LAGUNA, REALIZADA POR EL IMTA",
        "CVE_EDO": 10,
        "CVE_MPIO": 10007,
        "AÑO": "1993",
        "DESC": "POZO SELECCIONADO EN LA INVESTIGACIÓN PARA CARACTERIZAR HIDROQUÍMICAMENTE DE LA ZONA \"LA LAGUNA\", DEGRADA POR CONCENTRACIONES ELEVADAS DE ARSÉNICO, MOSTRANDO UN DETERIORO EN SU CALIDAD FÍSICO-QUÍMICA.",
        "LONGITUD": -103.45767,
        "LATITUD": 25.63754,
        "CVE_ACUIF": "0523",
        "NOM_ACUIF": "PRINCIPAL-REGION LAGUNERA",
        "CT_POZO": "NO",
        "DISEÑO_PERF": "NO",
        "CORTE_LIT": "NO",
        "REG_ELEC": "NO",
        "INF_PERF": "NO",
        "REG_AFORO": "NO",
        "ANAL_AGUA": "SI",
        "CROQUIS": "SI",
        "TIPO_INF": "HIDROGEOQUÍMICO",
        "HGQ": "SI",
        "TEMP_°C": 26,
        "POT_H_s/u": 6.82,
        "CE_Us/cm": 1070,
        "As_mg/L": 0.0023,
        "URL ": "https://sigagis.conagua.gob.mx/t_infbasica/INVENTARIO/10 DURANGO/PDF/10_0025.pdf"
      }
    },
    {
      "type": "Feature",
      "geometry": {
        "type": "Point",
        "coordinates": [
          -103.4329,
          25.74007
        ]
      },
      "properties": {
        "CVE_LGJO": "10_0025",
        "CVE_POZO": "POZO 268 (A1990)",
        "TIT_LGJO": "GEOHIDROLOGÍA DE LA LAGUNA (I Y II ETAPA), REALIZADA POR EL IMTA",
        "CVE_EDO": 10,
        "CVE_MPIO": 10007,
        "AÑO": "1993",
        "DESC": "POZO SELECCIONADO (I Y II ETAPA ) EN LA INVESTIGACIÓN PARA CARACTERIZAR HIDROQUÍMICAMENTE DE LA ZONA \"LA LAGUNA\", DEGRADA POR CONCENTRACIONES ELEVADAS DE ARSÉNICO, MOSTRANDO UN DETERIORO EN SU CALIDAD FÍSICO-QUÍMICA.",
        "LONGITUD": -103.4329,
        "LATITUD": 25.74007,
        "CVE_ACUIF": "0523",
        "NOM_ACUIF": "PRINCIPAL-REGION LAGUNERA",
        "CT_POZO": "NO",
        "DISEÑO_PERF": "NO",
        "CORTE_LIT": "NO",
        "REG_ELEC": "NO",
        "INF_PERF": "NO",
        "REG_AFORO": "NO",
        "ANAL_AGUA": "SI",
        "CROQUIS": "SI",
        "TIPO_INF": "HIDROGEOQUÍMICO",
        "HGQ": "SI",
        "TEMP_°C": 29,
        "POT_H_s/u": 6.9,
        "CE_Us/cm": 370,
        "As_mg/L": 0.0097,
        "URL ": "https://sigagis.conagua.gob.mx/t_infbasica/INVENTARIO/10 DURANGO/PDF/10_0025.pdf"
      }
    },
    {
      "type": "Feature",
      "geometry": {
        "type": "Point",
        "coordinates": [
          -103.4329,
          25.74007
        ]
      },
      "properties": {
        "CVE_LGJO": "10_0025",
        "CVE_POZO": "POZO 268 (A1993)",
        "TIT_LGJO": "GEOHIDROLOGÍA DE LA LAGUNA, REALIZADA POR EL IMTA",
        "CVE_EDO": 10,
        "CVE_MPIO": 10007,
        "AÑO": "1993",
        "DESC": "POZO SELECCIONADO EN LA INVESTIGACIÓN PARA CARACTERIZAR HIDROQUÍMICAMENTE DE LA ZONA \"LA LAGUNA\", DEGRADA POR CONCENTRACIONES ELEVADAS DE ARSÉNICO, MOSTRANDO UN DETERIORO EN SU CALIDAD FÍSICO-QUÍMICA.",
        "LONGITUD": -103.4329,
        "LATITUD": 25.74007,
        "CVE_ACUIF": "0523",
        "NOM_ACUIF": "PRINCIPAL-REGION LAGUNERA",
        "CT_POZO": "NO",
        "DISEÑO_PERF": "NO",
        "CORTE_LIT": "NO",
        "REG_ELEC": "NO",
        "INF_PERF": "NO",
        "REG_AFORO": "NO",
        "ANAL_AGUA": "SI",
        "CROQUIS": "SI",
        "TIPO_INF": "HIDROGEOQUÍMICO",
        "HGQ": "SI",
        "TEMP_°C": 29,
        "POT_H_s/u": 7.25,
        "CE_Us/cm": 378,
        "As_mg/L": 0.0038,
        "URL ": "https://sigagis.conagua.gob.mx/t_infbasica/INVENTARIO/10 DURANGO/PDF/10_0025.pdf"
      }
    },
    {
      "type": "Feature",
      "geometry": {
        "type": "Point",
        "coordinates": [
          -103.43027,
          25.68595
        ]
      },
      "properties": {
        "CVE_LGJO": "10_0025",
        "CVE_POZO": "POZO 297 (A1990)",
        "TIT_LGJO": "GEOHIDROLOGÍA DE LA LAGUNA (I Y II ETAPA), REALIZADA POR EL IMTA",
        "CVE_EDO": 10,
        "CVE_MPIO": 10007,
        "AÑO": "1993",
        "DESC": "POZO SELECCIONADO (I Y II ETAPA ) EN LA INVESTIGACIÓN PARA CARACTERIZAR HIDROQUÍMICAMENTE DE LA ZONA \"LA LAGUNA\", DEGRADA POR CONCENTRACIONES ELEVADAS DE ARSÉNICO, MOSTRANDO UN DETERIORO EN SU CALIDAD FÍSICO-QUÍMICA.",
        "LONGITUD": -103.43027,
        "LATITUD": 25.68595,
        "CVE_ACUIF": "0523",
        "NOM_ACUIF": "PRINCIPAL-REGION LAGUNERA",
        "CT_POZO": "NO",
        "DISEÑO_PERF": "NO",
        "CORTE_LIT": "NO",
        "REG_ELEC": "NO",
        "INF_PERF": "NO",
        "REG_AFORO": "NO",
        "ANAL_AGUA": "SI",
        "CROQUIS": "SI",
        "TIPO_INF": "HIDROGEOQUÍMICO",
        "HGQ": "SI",
        "TEMP_°C": 26,
        "POT_H_s/u": 6.8,
        "CE_Us/cm": 970,
        "As_mg/L": 0.0049,
        "URL ": "https://sigagis.conagua.gob.mx/t_infbasica/INVENTARIO/10 DURANGO/PDF/10_0025.pdf"
      }
    },
    {
      "type": "Feature",
      "geometry": {
        "type": "Point",
        "coordinates": [
          -103.43027,
          25.68595
        ]
      },
      "properties": {
        "CVE_LGJO": "10_0025",
        "CVE_POZO": "POZO 297 (A1993)",
        "TIT_LGJO": "GEOHIDROLOGÍA DE LA LAGUNA, REALIZADA POR EL IMTA",
        "CVE_EDO": 10,
        "CVE_MPIO": 10007,
        "AÑO": "1993",
        "DESC": "POZO SELECCIONADO EN LA INVESTIGACIÓN PARA CARACTERIZAR HIDROQUÍMICAMENTE DE LA ZONA \"LA LAGUNA\", DEGRADA POR CONCENTRACIONES ELEVADAS DE ARSÉNICO, MOSTRANDO UN DETERIORO EN SU CALIDAD FÍSICO-QUÍMICA.",
        "LONGITUD": -103.43027,
        "LATITUD": 25.68595,
        "CVE_ACUIF": "0523",
        "NOM_ACUIF": "PRINCIPAL-REGION LAGUNERA",
        "CT_POZO": "NO",
        "DISEÑO_PERF": "NO",
        "CORTE_LIT": "NO",
        "REG_ELEC": "NO",
        "INF_PERF": "NO",
        "REG_AFORO": "NO",
        "ANAL_AGUA": "SI",
        "CROQUIS": "SI",
        "TIPO_INF": "HIDROGEOQUÍMICO",
        "HGQ": "SI",
        "TEMP_°C": 26.3,
        "POT_H_s/u": 6.86,
        "CE_Us/cm": 1228,
        "As_mg/L": 0.0021,
        "URL ": "https://sigagis.conagua.gob.mx/t_infbasica/INVENTARIO/10 DURANGO/PDF/10_0025.pdf"
      }
    },
    {
      "type": "Feature",
      "geometry": {
        "type": "Point",
        "coordinates": [
          -103.40649,
          25.61117
        ]
      },
      "properties": {
        "CVE_LGJO": "10_0025",
        "CVE_POZO": "POZO 331 (A1990)",
        "TIT_LGJO": "GEOHIDROLOGÍA DE LA LAGUNA (I Y II ETAPA), REALIZADA POR EL IMTA",
        "CVE_EDO": "05",
        "CVE_MPIO": "05035",
        "AÑO": "1993",
        "DESC": "POZO SELECCIONADO (I Y II ETAPA ) EN LA INVESTIGACIÓN PARA CARACTERIZAR HIDROQUÍMICAMENTE DE LA ZONA \"LA LAGUNA\", DEGRADA POR CONCENTRACIONES ELEVADAS DE ARSÉNICO, MOSTRANDO UN DETERIORO EN SU CALIDAD FÍSICO-QUÍMICA.",
        "LONGITUD": -103.40649,
        "LATITUD": 25.61117,
        "CVE_ACUIF": "0523",
        "NOM_ACUIF": "PRINCIPAL-REGION LAGUNERA",
        "CT_POZO": "NO",
        "DISEÑO_PERF": "NO",
        "CORTE_LIT": "NO",
        "REG_ELEC": "NO",
        "INF_PERF": "NO",
        "REG_AFORO": "NO",
        "ANAL_AGUA": "SI",
        "CROQUIS": "SI",
        "TIPO_INF": "HIDROGEOQUÍMICO",
        "HGQ": "SI",
        "TEMP_°C": 28.8,
        "POT_H_s/u": 8.5,
        "CE_Us/cm": 550,
        "As_mg/L": 0.304,
        "URL ": "https://sigagis.conagua.gob.mx/t_infbasica/INVENTARIO/05 COAHUILA DE ZARAGOZA/PDF/10_0025.pdf"
      }
    },
    {
      "type": "Feature",
      "geometry": {
        "type": "Point",
        "coordinates": [
          -103.40649,
          25.61117
        ]
      },
      "properties": {
        "CVE_LGJO": "10_0025",
        "CVE_POZO": "POZO 331 (A1993)",
        "TIT_LGJO": "GEOHIDROLOGÍA DE LA LAGUNA, REALIZADA POR EL IMTA",
        "CVE_EDO": "05",
        "CVE_MPIO": "05035",
        "AÑO": "1993",
        "DESC": "POZO SELECCIONADO EN LA INVESTIGACIÓN PARA CARACTERIZAR HIDROQUÍMICAMENTE DE LA ZONA \"LA LAGUNA\", DEGRADA POR CONCENTRACIONES ELEVADAS DE ARSÉNICO, MOSTRANDO UN DETERIORO EN SU CALIDAD FÍSICO-QUÍMICA.",
        "LONGITUD": -103.40649,
        "LATITUD": 25.61117,
        "CVE_ACUIF": "0523",
        "NOM_ACUIF": "PRINCIPAL-REGION LAGUNERA",
        "CT_POZO": "NO",
        "DISEÑO_PERF": "NO",
        "CORTE_LIT": "NO",
        "REG_ELEC": "NO",
        "INF_PERF": "NO",
        "REG_AFORO": "NO",
        "ANAL_AGUA": "SI",
        "CROQUIS": "SI",
        "TIPO_INF": "HIDROGEOQUÍMICO",
        "HGQ": "SI",
        "TEMP_°C": 24.5,
        "POT_H_s/u": 6.6,
        "CE_Us/cm": 1293,
        "As_mg/L": 0.0029,
        "URL ": "https://sigagis.conagua.gob.mx/t_infbasica/INVENTARIO/05 COAHUILA DE ZARAGOZA/PDF/10_0025.pdf"
      }
    },
    {
      "type": "Feature",
      "geometry": {
        "type": "Point",
        "coordinates": [
          -103.42933,
          25.57081
        ]
      },
      "properties": {
        "CVE_LGJO": "10_0025",
        "CVE_POZO": "POZO 336",
        "TIT_LGJO": "GEOHIDROLOGÍA DE LA LAGUNA, REALIZADA POR EL IMTA",
        "CVE_EDO": "05",
        "CVE_MPIO": "05035",
        "AÑO": "1993",
        "DESC": "POZO DE LA ZONA \"LA LAGUNA\".",
        "LONGITUD": -103.42933,
        "LATITUD": 25.57081,
        "CVE_ACUIF": "0523",
        "NOM_ACUIF": "PRINCIPAL-REGION LAGUNERA",
        "CT_POZO": "NO",
        "DISEÑO_PERF": "NO",
        "CORTE_LIT": "NO",
        "REG_ELEC": "NO",
        "INF_PERF": "NO",
        "REG_AFORO": "NO",
        "ANAL_AGUA": "NO",
        "CROQUIS": "SI",
        "TIPO_INF": "CROQUIS",
        "HGQ": "NO",
        "URL ": "https://sigagis.conagua.gob.mx/t_infbasica/INVENTARIO/05 COAHUILA DE ZARAGOZA/PDF/10_0025.pdf"
      }
    },
    {
      "type": "Feature",
      "geometry": {
        "type": "Point",
        "coordinates": [
          -103.40773,
          25.57702
        ]
      },
      "properties": {
        "CVE_LGJO": "10_0025",
        "CVE_POZO": "POZO 338",
        "TIT_LGJO": "GEOHIDROLOGÍA DE LA LAGUNA, REALIZADA POR EL IMTA",
        "CVE_EDO": "05",
        "CVE_MPIO": "05035",
        "AÑO": "1993",
        "DESC": "POZO DE LA ZONA \"LA LAGUNA\".",
        "LONGITUD": -103.40773,
        "LATITUD": 25.57702,
        "CVE_ACUIF": "0523",
        "NOM_ACUIF": "PRINCIPAL-REGION LAGUNERA",
        "CT_POZO": "NO",
        "DISEÑO_PERF": "NO",
        "CORTE_LIT": "NO",
        "REG_ELEC": "NO",
        "INF_PERF": "NO",
        "REG_AFORO": "NO",
        "ANAL_AGUA": "NO",
        "CROQUIS": "SI",
        "TIPO_INF": "CROQUIS",
        "HGQ": "NO",
        "URL ": "https://sigagis.conagua.gob.mx/t_infbasica/INVENTARIO/05 COAHUILA DE ZARAGOZA/PDF/10_0025.pdf"
      }
    },
    {
      "type": "Feature",
      "geometry": {
        "type": "Point",
        "coordinates": [
          -103.4191,
          25.59649
        ]
      },
      "properties": {
        "CVE_LGJO": "10_0025",
        "CVE_POZO": "POZO 342",
        "TIT_LGJO": "GEOHIDROLOGÍA DE LA LAGUNA, REALIZADA POR EL IMTA",
        "CVE_EDO": "05",
        "CVE_MPIO": "05035",
        "AÑO": "1993",
        "DESC": "POZO DE LA ZONA \"LA LAGUNA\".",
        "LONGITUD": -103.4191,
        "LATITUD": 25.59649,
        "CVE_ACUIF": "0523",
        "NOM_ACUIF": "PRINCIPAL-REGION LAGUNERA",
        "CT_POZO": "NO",
        "DISEÑO_PERF": "NO",
        "CORTE_LIT": "NO",
        "REG_ELEC": "NO",
        "INF_PERF": "NO",
        "REG_AFORO": "NO",
        "ANAL_AGUA": "NO",
        "CROQUIS": "SI",
        "TIPO_INF": "CROQUIS",
        "HGQ": "NO",
        "URL ": "https://sigagis.conagua.gob.mx/t_infbasica/INVENTARIO/05 COAHUILA DE ZARAGOZA/PDF/10_0025.pdf"
      }
    },
    {
      "type": "Feature",
      "geometry": {
        "type": "Point",
        "coordinates": [
          -103.40403,
          25.64692
        ]
      },
      "properties": {
        "CVE_LGJO": "10_0025",
        "CVE_POZO": "POZO 357",
        "TIT_LGJO": "GEOHIDROLOGÍA DE LA LAGUNA, REALIZADA POR EL IMTA",
        "CVE_EDO": 10,
        "CVE_MPIO": 10007,
        "AÑO": "1993",
        "DESC": "POZO DE LA ZONA \"LA LAGUNA\".",
        "LONGITUD": -103.40403,
        "LATITUD": 25.64692,
        "CVE_ACUIF": "0523",
        "NOM_ACUIF": "PRINCIPAL-REGION LAGUNERA",
        "CT_POZO": "NO",
        "DISEÑO_PERF": "NO",
        "CORTE_LIT": "NO",
        "REG_ELEC": "NO",
        "INF_PERF": "NO",
        "REG_AFORO": "NO",
        "ANAL_AGUA": "NO",
        "CROQUIS": "SI",
        "TIPO_INF": "CROQUIS",
        "HGQ": "NO",
        "URL ": "https://sigagis.conagua.gob.mx/t_infbasica/INVENTARIO/10 DURANGO/PDF/10_0025.pdf"
      }
    },
    {
      "type": "Feature",
      "geometry": {
        "type": "Point",
        "coordinates": [
          -103.39055,
          25.63084
        ]
      },
      "properties": {
        "CVE_LGJO": "10_0025",
        "CVE_POZO": "POZO 363",
        "TIT_LGJO": "GEOHIDROLOGÍA DE LA LAGUNA, REALIZADA POR EL IMTA",
        "CVE_EDO": "05",
        "CVE_MPIO": "05035",
        "AÑO": "1993",
        "DESC": "POZO DE LA ZONA \"LA LAGUNA\".",
        "LONGITUD": -103.39055,
        "LATITUD": 25.63084,
        "CVE_ACUIF": "0523",
        "NOM_ACUIF": "PRINCIPAL-REGION LAGUNERA",
        "CT_POZO": "NO",
        "DISEÑO_PERF": "NO",
        "CORTE_LIT": "NO",
        "REG_ELEC": "NO",
        "INF_PERF": "NO",
        "REG_AFORO": "NO",
        "ANAL_AGUA": "NO",
        "CROQUIS": "SI",
        "TIPO_INF": "CROQUIS",
        "HGQ": "NO",
        "URL ": "https://sigagis.conagua.gob.mx/t_infbasica/INVENTARIO/05 COAHUILA DE ZARAGOZA/PDF/10_0025.pdf"
      }
    },
    {
      "type": "Feature",
      "geometry": {
        "type": "Point",
        "coordinates": [
          -103.36708,
          25.65632
        ]
      },
      "properties": {
        "CVE_LGJO": "10_0025",
        "CVE_POZO": "POZO 368",
        "TIT_LGJO": "GEOHIDROLOGÍA DE LA LAGUNA, REALIZADA POR EL IMTA",
        "CVE_EDO": "05",
        "CVE_MPIO": "05035",
        "AÑO": "1993",
        "DESC": "POZO DE LA ZONA \"LA LAGUNA\".",
        "LONGITUD": -103.36708,
        "LATITUD": 25.65632,
        "CVE_ACUIF": "0523",
        "NOM_ACUIF": "PRINCIPAL-REGION LAGUNERA",
        "CT_POZO": "NO",
        "DISEÑO_PERF": "NO",
        "CORTE_LIT": "NO",
        "REG_ELEC": "NO",
        "INF_PERF": "NO",
        "REG_AFORO": "NO",
        "ANAL_AGUA": "NO",
        "CROQUIS": "SI",
        "TIPO_INF": "CROQUIS",
        "HGQ": "NO",
        "URL ": "https://sigagis.conagua.gob.mx/t_infbasica/INVENTARIO/05 COAHUILA DE ZARAGOZA/PDF/10_0025.pdf"
      }
    },
    {
      "type": "Feature",
      "geometry": {
        "type": "Point",
        "coordinates": [
          -103.37584,
          25.60544
        ]
      },
      "properties": {
        "CVE_LGJO": "10_0025",
        "CVE_POZO": "POZO 374",
        "TIT_LGJO": "GEOHIDROLOGÍA DE LA LAGUNA, REALIZADA POR EL IMTA",
        "CVE_EDO": "05",
        "CVE_MPIO": "05035",
        "AÑO": "1993",
        "DESC": "POZO DE LA ZONA \"LA LAGUNA\".",
        "LONGITUD": -103.37584,
        "LATITUD": 25.60544,
        "CVE_ACUIF": "0523",
        "NOM_ACUIF": "PRINCIPAL-REGION LAGUNERA",
        "CT_POZO": "NO",
        "DISEÑO_PERF": "NO",
        "CORTE_LIT": "NO",
        "REG_ELEC": "NO",
        "INF_PERF": "NO",
        "REG_AFORO": "NO",
        "ANAL_AGUA": "NO",
        "CROQUIS": "SI",
        "TIPO_INF": "CROQUIS",
        "HGQ": "NO",
        "URL ": "https://sigagis.conagua.gob.mx/t_infbasica/INVENTARIO/05 COAHUILA DE ZARAGOZA/PDF/10_0025.pdf"
      }
    },
    {
      "type": "Feature",
      "geometry": {
        "type": "Point",
        "coordinates": [
          -103.39463,
          25.59394
        ]
      },
      "properties": {
        "CVE_LGJO": "10_0025",
        "CVE_POZO": "POZO 379",
        "TIT_LGJO": "GEOHIDROLOGÍA DE LA LAGUNA, REALIZADA POR EL IMTA",
        "CVE_EDO": "05",
        "CVE_MPIO": "05035",
        "AÑO": "1993",
        "DESC": "POZO DE LA ZONA \"LA LAGUNA\".",
        "LONGITUD": -103.39463,
        "LATITUD": 25.59394,
        "CVE_ACUIF": "0523",
        "NOM_ACUIF": "PRINCIPAL-REGION LAGUNERA",
        "CT_POZO": "NO",
        "DISEÑO_PERF": "NO",
        "CORTE_LIT": "NO",
        "REG_ELEC": "NO",
        "INF_PERF": "NO",
        "REG_AFORO": "NO",
        "ANAL_AGUA": "NO",
        "CROQUIS": "SI",
        "TIPO_INF": "CROQUIS",
        "HGQ": "NO",
        "URL ": "https://sigagis.conagua.gob.mx/t_infbasica/INVENTARIO/05 COAHUILA DE ZARAGOZA/PDF/10_0025.pdf"
      }
    },
    {
      "type": "Feature",
      "geometry": {
        "type": "Point",
        "coordinates": [
          -103.34666,
          25.76916
        ]
      },
      "properties": {
        "CVE_LGJO": "10_0025",
        "CVE_POZO": "POZO 504",
        "TIT_LGJO": "GEOHIDROLOGÍA DE LA LAGUNA, REALIZADA POR EL IMTA",
        "CVE_EDO": 10,
        "CVE_MPIO": 10007,
        "AÑO": "1993",
        "DESC": "POZO DE LA ZONA \"LA LAGUNA\".",
        "LONGITUD": -103.34666,
        "LATITUD": 25.76916,
        "CVE_ACUIF": "0523",
        "NOM_ACUIF": "PRINCIPAL-REGION LAGUNERA",
        "CT_POZO": "NO",
        "DISEÑO_PERF": "NO",
        "CORTE_LIT": "NO",
        "REG_ELEC": "NO",
        "INF_PERF": "NO",
        "REG_AFORO": "NO",
        "ANAL_AGUA": "NO",
        "CROQUIS": "SI",
        "TIPO_INF": "CROQUIS",
        "HGQ": "NO",
        "URL ": "https://sigagis.conagua.gob.mx/t_infbasica/INVENTARIO/10 DURANGO/PDF/10_0025.pdf"
      }
    },
    {
      "type": "Feature",
      "geometry": {
        "type": "Point",
        "coordinates": [
          -103.58487,
          25.81373
        ]
      },
      "properties": {
        "CVE_LGJO": "10_0025",
        "CVE_POZO": "POZO 541",
        "TIT_LGJO": "GEOHIDROLOGÍA DE LA LAGUNA, REALIZADA POR EL IMTA",
        "CVE_EDO": 10,
        "CVE_MPIO": 10007,
        "AÑO": "1993",
        "DESC": "POZO DE LA ZONA \"LA LAGUNA\".",
        "LONGITUD": -103.58487,
        "LATITUD": 25.81373,
        "CVE_ACUIF": "0523",
        "NOM_ACUIF": "PRINCIPAL-REGION LAGUNERA",
        "CT_POZO": "NO",
        "DISEÑO_PERF": "NO",
        "CORTE_LIT": "NO",
        "REG_ELEC": "NO",
        "INF_PERF": "NO",
        "REG_AFORO": "NO",
        "ANAL_AGUA": "NO",
        "CROQUIS": "SI",
        "TIPO_INF": "CROQUIS",
        "HGQ": "NO",
        "URL ": "https://sigagis.conagua.gob.mx/t_infbasica/INVENTARIO/10 DURANGO/PDF/10_0025.pdf"
      }
    },
    {
      "type": "Feature",
      "geometry": {
        "type": "Point",
        "coordinates": [
          -103.64029,
          25.90164
        ]
      },
      "properties": {
        "CVE_LGJO": "10_0025",
        "CVE_POZO": "POZO 554",
        "TIT_LGJO": "GEOHIDROLOGÍA DE LA LAGUNA, REALIZADA POR EL IMTA",
        "CVE_EDO": 10,
        "CVE_MPIO": 10013,
        "AÑO": "1993",
        "DESC": "POZO DE LA ZONA \"LA LAGUNA\".",
        "LONGITUD": -103.64029,
        "LATITUD": 25.90164,
        "CVE_ACUIF": "0523",
        "NOM_ACUIF": "PRINCIPAL-REGION LAGUNERA",
        "CT_POZO": "NO",
        "DISEÑO_PERF": "NO",
        "CORTE_LIT": "NO",
        "REG_ELEC": "NO",
        "INF_PERF": "NO",
        "REG_AFORO": "NO",
        "ANAL_AGUA": "NO",
        "CROQUIS": "SI",
        "TIPO_INF": "CROQUIS",
        "HGQ": "NO",
        "URL ": "https://sigagis.conagua.gob.mx/t_infbasica/INVENTARIO/10 DURANGO/PDF/10_0025.pdf"
      }
    },
    {
      "type": "Feature",
      "geometry": {
        "type": "Point",
        "coordinates": [
          -103.2898,
          25.66001
        ]
      },
      "properties": {
        "CVE_LGJO": "10_0025",
        "CVE_POZO": "POZO 756 (A1990)",
        "TIT_LGJO": "GEOHIDROLOGÍA DE LA LAGUNA (I Y II ETAPA), REALIZADA POR EL IMTA",
        "CVE_EDO": "05",
        "CVE_MPIO": "05017",
        "AÑO": "1993",
        "DESC": "POZO SELECCIONADO (I Y II ETAPA ) EN LA INVESTIGACIÓN PARA CARACTERIZAR HIDROQUÍMICAMENTE DE LA ZONA \"LA LAGUNA\", DEGRADA POR CONCENTRACIONES ELEVADAS DE ARSÉNICO, MOSTRANDO UN DETERIORO EN SU CALIDAD FÍSICO-QUÍMICA.",
        "LONGITUD": -103.2898,
        "LATITUD": 25.66001,
        "CVE_ACUIF": "0523",
        "NOM_ACUIF": "PRINCIPAL-REGION LAGUNERA",
        "CT_POZO": "NO",
        "DISEÑO_PERF": "NO",
        "CORTE_LIT": "NO",
        "REG_ELEC": "NO",
        "INF_PERF": "NO",
        "REG_AFORO": "NO",
        "ANAL_AGUA": "SI",
        "CROQUIS": "SI",
        "TIPO_INF": "HIDROGEOQUÍMICO",
        "HGQ": "SI",
        "TEMP_°C": 25,
        "POT_H_s/u": 6.7,
        "CE_Us/cm": 2450,
        "As_mg/L": 0.0068,
        "URL ": "https://sigagis.conagua.gob.mx/t_infbasica/INVENTARIO/05 COAHUILA DE ZARAGOZA/PDF/10_0025.pdf"
      }
    },
    {
      "type": "Feature",
      "geometry": {
        "type": "Point",
        "coordinates": [
          -103.2898,
          25.66001
        ]
      },
      "properties": {
        "CVE_LGJO": "10_0025",
        "CVE_POZO": "POZO 756 (A1993)",
        "TIT_LGJO": "GEOHIDROLOGÍA DE LA LAGUNA, REALIZADA POR EL IMTA",
        "CVE_EDO": "05",
        "CVE_MPIO": "05017",
        "AÑO": "1993",
        "DESC": "POZO SELECCIONADO EN LA INVESTIGACIÓN PARA CARACTERIZAR HIDROQUÍMICAMENTE DE LA ZONA \"LA LAGUNA\", DEGRADA POR CONCENTRACIONES ELEVADAS DE ARSÉNICO, MOSTRANDO UN DETERIORO EN SU CALIDAD FÍSICO-QUÍMICA.",
        "LONGITUD": -103.2898,
        "LATITUD": 25.66001,
        "CVE_ACUIF": "0523",
        "NOM_ACUIF": "PRINCIPAL-REGION LAGUNERA",
        "CT_POZO": "NO",
        "DISEÑO_PERF": "NO",
        "CORTE_LIT": "NO",
        "REG_ELEC": "NO",
        "INF_PERF": "NO",
        "REG_AFORO": "NO",
        "ANAL_AGUA": "SI",
        "CROQUIS": "SI",
        "TIPO_INF": "HIDROGEOQUÍMICO",
        "HGQ": "SI",
        "TEMP_°C": 24.1,
        "POT_H_s/u": 6.53,
        "CE_Us/cm": 5210,
        "As_mg/L": 0.002,
        "URL ": "https://sigagis.conagua.gob.mx/t_infbasica/INVENTARIO/05 COAHUILA DE ZARAGOZA/PDF/10_0025.pdf"
      }
    },
    {
      "type": "Feature",
      "geometry": {
        "type": "Point",
        "coordinates": [
          -103.308817,
          25.594605
        ]
      },
      "properties": {
        "CVE_LGJO": "10_0025",
        "CVE_POZO": "POZO 774",
        "TIT_LGJO": "GEOHIDROLOGÍA DE LA LAGUNA, REALIZADA POR EL IMTA",
        "CVE_EDO": "05",
        "CVE_MPIO": "05035",
        "AÑO": "1993",
        "DESC": "POZO DE LA ZONA \"LA LAGUNA\".",
        "LONGITUD": -103.308817,
        "LATITUD": 25.594605,
        "CVE_ACUIF": "0523",
        "NOM_ACUIF": "PRINCIPAL-REGION LAGUNERA",
        "CT_POZO": "NO",
        "DISEÑO_PERF": "NO",
        "CORTE_LIT": "NO",
        "REG_ELEC": "NO",
        "INF_PERF": "NO",
        "REG_AFORO": "NO",
        "ANAL_AGUA": "NO",
        "CROQUIS": "SI",
        "TIPO_INF": "CROQUIS",
        "HGQ": "NO",
        "URL ": "https://sigagis.conagua.gob.mx/t_infbasica/INVENTARIO/05 COAHUILA DE ZARAGOZA/PDF/10_0025.pdf"
      }
    },
    {
      "type": "Feature",
      "geometry": {
        "type": "Point",
        "coordinates": [
          -103.2516,
          25.69881
        ]
      },
      "properties": {
        "CVE_LGJO": "10_0025",
        "CVE_POZO": "POZO 847",
        "TIT_LGJO": "GEOHIDROLOGÍA DE LA LAGUNA, REALIZADA POR EL IMTA",
        "CVE_EDO": "05",
        "CVE_MPIO": "05017",
        "AÑO": "1993",
        "DESC": "POZO DE LA ZONA \"LA LAGUNA\".",
        "LONGITUD": -103.2516,
        "LATITUD": 25.69881,
        "CVE_ACUIF": "0523",
        "NOM_ACUIF": "PRINCIPAL-REGION LAGUNERA",
        "CT_POZO": "NO",
        "DISEÑO_PERF": "NO",
        "CORTE_LIT": "NO",
        "REG_ELEC": "NO",
        "INF_PERF": "NO",
        "REG_AFORO": "NO",
        "ANAL_AGUA": "NO",
        "CROQUIS": "SI",
        "TIPO_INF": "CROQUIS",
        "HGQ": "NO",
        "URL ": "https://sigagis.conagua.gob.mx/t_infbasica/INVENTARIO/05 COAHUILA DE ZARAGOZA/PDF/10_0025.pdf"
      }
    },
    {
      "type": "Feature",
      "geometry": {
        "type": "Point",
        "coordinates": [
          -103.162951,
          25.749508
        ]
      },
      "properties": {
        "CVE_LGJO": "10_0025",
        "CVE_POZO": "POZO 901 (A1990)",
        "TIT_LGJO": "GEOHIDROLOGÍA DE LA LAGUNA (I Y II ETAPA), REALIZADA POR EL IMTA",
        "CVE_EDO": "05",
        "CVE_MPIO": "05033",
        "AÑO": "1993",
        "DESC": "POZO SELECCIONADO (I Y II ETAPA ) EN LA INVESTIGACIÓN PARA CARACTERIZAR HIDROQUÍMICAMENTE DE LA ZONA \"LA LAGUNA\", DEGRADA POR CONCENTRACIONES ELEVADAS DE ARSÉNICO, MOSTRANDO UN DETERIORO EN SU CALIDAD FÍSICO-QUÍMICA.",
        "LONGITUD": -103.162951,
        "LATITUD": 25.749508,
        "CVE_ACUIF": "0523",
        "NOM_ACUIF": "PRINCIPAL-REGION LAGUNERA",
        "CT_POZO": "NO",
        "DISEÑO_PERF": "NO",
        "CORTE_LIT": "NO",
        "REG_ELEC": "NO",
        "INF_PERF": "NO",
        "REG_AFORO": "NO",
        "ANAL_AGUA": "SI",
        "CROQUIS": "SI",
        "TIPO_INF": "HIDROGEOQUÍMICO",
        "HGQ": "SI",
        "TEMP_°C": 24.6,
        "POT_H_s/u": 6.3,
        "CE_Us/cm": 3060,
        "As_mg/L": 0.1123,
        "URL ": "https://sigagis.conagua.gob.mx/t_infbasica/INVENTARIO/05 COAHUILA DE ZARAGOZA/PDF/10_0025.pdf"
      }
    },
    {
      "type": "Feature",
      "geometry": {
        "type": "Point",
        "coordinates": [
          -103.162951,
          25.749508
        ]
      },
      "properties": {
        "CVE_LGJO": "10_0025",
        "CVE_POZO": "POZO 901 (A1993)",
        "TIT_LGJO": "GEOHIDROLOGÍA DE LA LAGUNA, REALIZADA POR EL IMTA",
        "CVE_EDO": "05",
        "CVE_MPIO": "05033",
        "AÑO": "1993",
        "DESC": "POZO SELECCIONADO EN LA INVESTIGACIÓN PARA CARACTERIZAR HIDROQUÍMICAMENTE DE LA ZONA \"LA LAGUNA\", DEGRADA POR CONCENTRACIONES ELEVADAS DE ARSÉNICO, MOSTRANDO UN DETERIORO EN SU CALIDAD FÍSICO-QUÍMICA.",
        "LONGITUD": -103.162951,
        "LATITUD": 25.749508,
        "CVE_ACUIF": "0523",
        "NOM_ACUIF": "PRINCIPAL-REGION LAGUNERA",
        "CT_POZO": "NO",
        "DISEÑO_PERF": "NO",
        "CORTE_LIT": "NO",
        "REG_ELEC": "NO",
        "INF_PERF": "NO",
        "REG_AFORO": "NO",
        "ANAL_AGUA": "SI",
        "CROQUIS": "SI",
        "TIPO_INF": "HIDROGEOQUÍMICO",
        "HGQ": "SI",
        "TEMP_°C": 23.2,
        "POT_H_s/u": 7.48,
        "CE_Us/cm": 1862,
        "As_mg/L": 0.03,
        "URL ": "https://sigagis.conagua.gob.mx/t_infbasica/INVENTARIO/05 COAHUILA DE ZARAGOZA/PDF/10_0025.pdf"
      }
    },
    {
      "type": "Feature",
      "geometry": {
        "type": "Point",
        "coordinates": [
          -103.25917,
          25.86612
        ]
      },
      "properties": {
        "CVE_LGJO": "10_0025",
        "CVE_POZO": "POZO 1000",
        "TIT_LGJO": "GEOHIDROLOGÍA DE LA LAGUNA, REALIZADA POR EL IMTA",
        "CVE_EDO": "05",
        "CVE_MPIO": "05009",
        "AÑO": "1993",
        "DESC": "POZO SELECCIONADO EN LA INVESTIGACIÓN PARA CARACTERIZAR HIDROQUÍMICAMENTE DE LA ZONA \"LA LAGUNA\", DEGRADA POR CONCENTRACIONES ELEVADAS DE ARSÉNICO, MOSTRANDO UN DETERIORO EN SU CALIDAD FÍSICO-QUÍMICA.",
        "LONGITUD": -103.25917,
        "LATITUD": 25.86612,
        "CVE_ACUIF": "0523",
        "NOM_ACUIF": "PRINCIPAL-REGION LAGUNERA",
        "CT_POZO": "NO",
        "DISEÑO_PERF": "NO",
        "CORTE_LIT": "NO",
        "REG_ELEC": "NO",
        "INF_PERF": "NO",
        "REG_AFORO": "NO",
        "ANAL_AGUA": "NO",
        "CROQUIS": "SI",
        "TIPO_INF": "CROQUIS",
        "HGQ": "NO",
        "URL ": "https://sigagis.conagua.gob.mx/t_infbasica/INVENTARIO/05 COAHUILA DE ZARAGOZA/PDF/10_0025.pdf"
      }
    },
    {
      "type": "Feature",
      "geometry": {
        "type": "Point",
        "coordinates": [
          -103.12449,
          25.89206
        ]
      },
      "properties": {
        "CVE_LGJO": "10_0025",
        "CVE_POZO": "POZO 1036 (A1993)",
        "TIT_LGJO": "GEOHIDROLOGÍA DE LA LAGUNA, REALIZADA POR EL IMTA",
        "CVE_EDO": "05",
        "CVE_MPIO": "05033",
        "AÑO": "1993",
        "DESC": "POZO SELECCIONADO EN LA INVESTIGACIÓN PARA CARACTERIZAR HIDROQUÍMICAMENTE DE LA ZONA \"LA LAGUNA\", DEGRADA POR CONCENTRACIONES ELEVADAS DE ARSÉNICO, MOSTRANDO UN DETERIORO EN SU CALIDAD FÍSICO-QUÍMICA.",
        "LONGITUD": -103.12449,
        "LATITUD": 25.89206,
        "CVE_ACUIF": "0523",
        "NOM_ACUIF": "PRINCIPAL-REGION LAGUNERA",
        "CT_POZO": "NO",
        "DISEÑO_PERF": "NO",
        "CORTE_LIT": "NO",
        "REG_ELEC": "NO",
        "INF_PERF": "NO",
        "REG_AFORO": "NO",
        "ANAL_AGUA": "NO",
        "CROQUIS": "SI",
        "TIPO_INF": "PROFUNDIDAD ",
        "HGQ": "SI",
        "NE_M": 60.66,
        "URL ": "https://sigagis.conagua.gob.mx/t_infbasica/INVENTARIO/05 COAHUILA DE ZARAGOZA/PDF/10_0025.pdf"
      }
    },
    {
      "type": "Feature",
      "geometry": {
        "type": "Point",
        "coordinates": [
          -103.31337,
          25.82717
        ]
      },
      "properties": {
        "CVE_LGJO": "10_0025",
        "CVE_POZO": "POZO 1040 (A1990)",
        "TIT_LGJO": "GEOHIDROLOGÍA DE LA LAGUNA (I Y II ETAPA), REALIZADA POR EL IMTA",
        "CVE_EDO": "05",
        "CVE_MPIO": "05009",
        "AÑO": "1993",
        "DESC": "POZO SELECCIONADO (I Y II ETAPA ) EN LA INVESTIGACIÓN PARA CARACTERIZAR HIDROQUÍMICAMENTE DE LA ZONA \"LA LAGUNA\", DEGRADA POR CONCENTRACIONES ELEVADAS DE ARSÉNICO, MOSTRANDO UN DETERIORO EN SU CALIDAD FÍSICO-QUÍMICA.",
        "LONGITUD": -103.31337,
        "LATITUD": 25.82717,
        "CVE_ACUIF": "0523",
        "NOM_ACUIF": "PRINCIPAL-REGION LAGUNERA",
        "CT_POZO": "NO",
        "DISEÑO_PERF": "NO",
        "CORTE_LIT": "NO",
        "REG_ELEC": "NO",
        "INF_PERF": "NO",
        "REG_AFORO": "NO",
        "ANAL_AGUA": "SI",
        "CROQUIS": "SI",
        "TIPO_INF": "HIDROGEOQUÍMICO",
        "HGQ": "SI",
        "TEMP_°C": 28.6,
        "POT_H_s/u": 6.9,
        "CE_Us/cm": 661,
        "As_mg/L": 0.0155,
        "URL ": "https://sigagis.conagua.gob.mx/t_infbasica/INVENTARIO/05 COAHUILA DE ZARAGOZA/PDF/10_0025.pdf"
      }
    },
    {
      "type": "Feature",
      "geometry": {
        "type": "Point",
        "coordinates": [
          -103.31337,
          25.82717
        ]
      },
      "properties": {
        "CVE_LGJO": "10_0025",
        "CVE_POZO": "POZO 1040 (A1993)",
        "TIT_LGJO": "GEOHIDROLOGÍA DE LA LAGUNA, REALIZADA POR EL IMTA",
        "CVE_EDO": "05",
        "CVE_MPIO": "05009",
        "AÑO": "1993",
        "DESC": "POZO SELECCIONADO EN LA INVESTIGACIÓN PARA CARACTERIZAR HIDROQUÍMICAMENTE DE LA ZONA \"LA LAGUNA\", DEGRADA POR CONCENTRACIONES ELEVADAS DE ARSÉNICO, MOSTRANDO UN DETERIORO EN SU CALIDAD FÍSICO-QUÍMICA.",
        "LONGITUD": -103.31337,
        "LATITUD": 25.82717,
        "CVE_ACUIF": "0523",
        "NOM_ACUIF": "PRINCIPAL-REGION LAGUNERA",
        "CT_POZO": "NO",
        "DISEÑO_PERF": "NO",
        "CORTE_LIT": "NO",
        "REG_ELEC": "NO",
        "INF_PERF": "NO",
        "REG_AFORO": "NO",
        "ANAL_AGUA": "SI",
        "CROQUIS": "SI",
        "TIPO_INF": "HIDROGEOQUÍMICO",
        "HGQ": "SI",
        "TEMP_°C": 29.4,
        "POT_H_s/u": 7.45,
        "CE_Us/cm": 585,
        "As_mg/L": 0.0435,
        "URL ": "https://sigagis.conagua.gob.mx/t_infbasica/INVENTARIO/05 COAHUILA DE ZARAGOZA/PDF/10_0025.pdf"
      }
    },
    {
      "type": "Feature",
      "geometry": {
        "type": "Point",
        "coordinates": [
          -103.13284,
          25.51227
        ]
      },
      "properties": {
        "CVE_LGJO": "10_0025",
        "CVE_POZO": "POZO 1125",
        "TIT_LGJO": "GEOHIDROLOGÍA DE LA LAGUNA, REALIZADA POR EL IMTA",
        "CVE_EDO": "05",
        "CVE_MPIO": "05017",
        "AÑO": "1993",
        "DESC": "POZO DE LA ZONA \"LA LAGUNA\".",
        "LONGITUD": -103.13284,
        "LATITUD": 25.51227,
        "CVE_ACUIF": "0523",
        "NOM_ACUIF": "PRINCIPAL-REGION LAGUNERA",
        "CT_POZO": "NO",
        "DISEÑO_PERF": "NO",
        "CORTE_LIT": "NO",
        "REG_ELEC": "NO",
        "INF_PERF": "NO",
        "REG_AFORO": "NO",
        "ANAL_AGUA": "NO",
        "CROQUIS": "SI",
        "TIPO_INF": "CROQUIS",
        "HGQ": "NO",
        "URL ": "https://sigagis.conagua.gob.mx/t_infbasica/INVENTARIO/05 COAHUILA DE ZARAGOZA/PDF/10_0025.pdf"
      }
    },
    {
      "type": "Feature",
      "geometry": {
        "type": "Point",
        "coordinates": [
          -103.16402,
          25.43774
        ]
      },
      "properties": {
        "CVE_LGJO": "10_0025",
        "CVE_POZO": "POZO 1198 (A1993)",
        "TIT_LGJO": "GEOHIDROLOGÍA DE LA LAGUNA, REALIZADA POR EL IMTA",
        "CVE_EDO": "05",
        "CVE_MPIO": "05017",
        "AÑO": "1993",
        "DESC": "POZO SELECCIONADO EN LA INVESTIGACIÓN PARA CARACTERIZAR HIDROQUÍMICAMENTE DE LA ZONA \"LA LAGUNA\", DEGRADA POR CONCENTRACIONES ELEVADAS DE ARSÉNICO, MOSTRANDO UN DETERIORO EN SU CALIDAD FÍSICO-QUÍMICA.",
        "LONGITUD": -103.16402,
        "LATITUD": 25.43774,
        "CVE_ACUIF": "0523",
        "NOM_ACUIF": "PRINCIPAL-REGION LAGUNERA",
        "CT_POZO": "NO",
        "DISEÑO_PERF": "NO",
        "CORTE_LIT": "NO",
        "REG_ELEC": "NO",
        "INF_PERF": "NO",
        "REG_AFORO": "NO",
        "ANAL_AGUA": "NO",
        "CROQUIS": "SI",
        "TIPO_INF": "PROFUNDIDAD ",
        "HGQ": "SI",
        "NE_M": 119.18,
        "URL ": "https://sigagis.conagua.gob.mx/t_infbasica/INVENTARIO/05 COAHUILA DE ZARAGOZA/PDF/10_0025.pdf"
      }
    },
    {
      "type": "Feature",
      "geometry": {
        "type": "Point",
        "coordinates": [
          -103.12881,
          25.4295
        ]
      },
      "properties": {
        "CVE_LGJO": "10_0025",
        "CVE_POZO": "POZO 1219 (A1990)",
        "TIT_LGJO": "GEOHIDROLOGÍA DE LA LAGUNA (I Y II ETAPA), REALIZADA POR EL IMTA",
        "CVE_EDO": "05",
        "CVE_MPIO": "05017",
        "AÑO": "1993",
        "DESC": "POZO SELECCIONADO (I Y II ETAPA ) EN LA INVESTIGACIÓN PARA CARACTERIZAR HIDROQUÍMICAMENTE DE LA ZONA \"LA LAGUNA\", DEGRADA POR CONCENTRACIONES ELEVADAS DE ARSÉNICO, MOSTRANDO UN DETERIORO EN SU CALIDAD FÍSICO-QUÍMICA.",
        "LONGITUD": -103.12881,
        "LATITUD": 25.4295,
        "CVE_ACUIF": "0523",
        "NOM_ACUIF": "PRINCIPAL-REGION LAGUNERA",
        "CT_POZO": "NO",
        "DISEÑO_PERF": "NO",
        "CORTE_LIT": "NO",
        "REG_ELEC": "NO",
        "INF_PERF": "NO",
        "REG_AFORO": "NO",
        "ANAL_AGUA": "SI",
        "CROQUIS": "SI",
        "TIPO_INF": "HIDROGEOQUÍMICO",
        "HGQ": "SI",
        "TEMP_°C": 27,
        "POT_H_s/u": 7.77,
        "CE_Us/cm": 947,
        "As_mg/L": 0.0234,
        "URL ": "https://sigagis.conagua.gob.mx/t_infbasica/INVENTARIO/05 COAHUILA DE ZARAGOZA/PDF/10_0025.pdf"
      }
    },
    {
      "type": "Feature",
      "geometry": {
        "type": "Point",
        "coordinates": [
          -103.12881,
          25.4295
        ]
      },
      "properties": {
        "CVE_LGJO": "10_0025",
        "CVE_POZO": "POZO 1219 (A1993)",
        "TIT_LGJO": "GEOHIDROLOGÍA DE LA LAGUNA, REALIZADA POR EL IMTA",
        "CVE_EDO": "05",
        "CVE_MPIO": "05017",
        "AÑO": "1993",
        "DESC": "POZO SELECCIONADO EN LA INVESTIGACIÓN PARA CARACTERIZAR HIDROQUÍMICAMENTE DE LA ZONA \"LA LAGUNA\", DEGRADA POR CONCENTRACIONES ELEVADAS DE ARSÉNICO, MOSTRANDO UN DETERIORO EN SU CALIDAD FÍSICO-QUÍMICA.",
        "LONGITUD": -103.12881,
        "LATITUD": 25.4295,
        "CVE_ACUIF": "0523",
        "NOM_ACUIF": "PRINCIPAL-REGION LAGUNERA",
        "CT_POZO": "NO",
        "DISEÑO_PERF": "NO",
        "CORTE_LIT": "NO",
        "REG_ELEC": "NO",
        "INF_PERF": "NO",
        "REG_AFORO": "NO",
        "ANAL_AGUA": "SI",
        "CROQUIS": "SI",
        "TIPO_INF": "HIDROGEOQUÍMICO",
        "HGQ": "SI",
        "TEMP_°C": 27.1,
        "POT_H_s/u": 7.39,
        "CE_Us/cm": 843,
        "As_mg/L": 0.015,
        "URL ": "https://sigagis.conagua.gob.mx/t_infbasica/INVENTARIO/05 COAHUILA DE ZARAGOZA/PDF/10_0025.pdf"
      }
    },
    {
      "type": "Feature",
      "geometry": {
        "type": "Point",
        "coordinates": [
          -103.34651,
          25.38061
        ]
      },
      "properties": {
        "CVE_LGJO": "10_0025",
        "CVE_POZO": "POZO 1228 (A1990)",
        "TIT_LGJO": "GEOHIDROLOGÍA DE LA LAGUNA (I Y II ETAPA), REALIZADA POR EL IMTA",
        "CVE_EDO": 10,
        "CVE_MPIO": 10012,
        "AÑO": "1993",
        "DESC": "POZO SELECCIONADO (I Y II ETAPA ) EN LA INVESTIGACIÓN PARA CARACTERIZAR HIDROQUÍMICAMENTE DE LA ZONA \"LA LAGUNA\", DEGRADA POR CONCENTRACIONES ELEVADAS DE ARSÉNICO, MOSTRANDO UN DETERIORO EN SU CALIDAD FÍSICO-QUÍMICA.",
        "LONGITUD": -103.34651,
        "LATITUD": 25.38061,
        "CVE_ACUIF": "0523",
        "NOM_ACUIF": "PRINCIPAL-REGION LAGUNERA",
        "CT_POZO": "NO",
        "DISEÑO_PERF": "NO",
        "CORTE_LIT": "NO",
        "REG_ELEC": "NO",
        "INF_PERF": "NO",
        "REG_AFORO": "NO",
        "ANAL_AGUA": "SI",
        "CROQUIS": "SI",
        "TIPO_INF": "HIDROGEOQUÍMICO",
        "HGQ": "SI",
        "TEMP_°C": 25.7,
        "POT_H_s/u": 6.9,
        "CE_Us/cm": 1412,
        "As_mg/L": 0.0179,
        "URL ": "https://sigagis.conagua.gob.mx/t_infbasica/INVENTARIO/10 DURANGO/PDF/10_0025.pdf"
      }
    },
    {
      "type": "Feature",
      "geometry": {
        "type": "Point",
        "coordinates": [
          -103.34651,
          25.38061
        ]
      },
      "properties": {
        "CVE_LGJO": "10_0025",
        "CVE_POZO": "POZO 1228 (A1993)",
        "TIT_LGJO": "GEOHIDROLOGÍA DE LA LAGUNA, REALIZADA POR EL IMTA",
        "CVE_EDO": 10,
        "CVE_MPIO": 10012,
        "AÑO": "1993",
        "DESC": "POZO SELECCIONADO EN LA INVESTIGACIÓN PARA CARACTERIZAR HIDROQUÍMICAMENTE DE LA ZONA \"LA LAGUNA\", DEGRADA POR CONCENTRACIONES ELEVADAS DE ARSÉNICO, MOSTRANDO UN DETERIORO EN SU CALIDAD FÍSICO-QUÍMICA.",
        "LONGITUD": -103.34651,
        "LATITUD": 25.38061,
        "CVE_ACUIF": "0523",
        "NOM_ACUIF": "PRINCIPAL-REGION LAGUNERA",
        "CT_POZO": "NO",
        "DISEÑO_PERF": "NO",
        "CORTE_LIT": "NO",
        "REG_ELEC": "NO",
        "INF_PERF": "NO",
        "REG_AFORO": "NO",
        "ANAL_AGUA": "SI",
        "CROQUIS": "SI",
        "TIPO_INF": "HIDROGEOQUÍMICO",
        "HGQ": "SI",
        "TEMP_°C": 26,
        "POT_H_s/u": 7.45,
        "CE_Us/cm": 1196,
        "As_mg/L": 0.0097,
        "URL ": "https://sigagis.conagua.gob.mx/t_infbasica/INVENTARIO/10 DURANGO/PDF/10_0025.pdf"
      }
    },
    {
      "type": "Feature",
      "geometry": {
        "type": "Point",
        "coordinates": [
          -103.579,
          25.79704
        ]
      },
      "properties": {
        "CVE_LGJO": "10_0025",
        "CVE_POZO": "POZO 1308 (A1993)",
        "TIT_LGJO": "GEOHIDROLOGÍA DE LA LAGUNA, REALIZADA POR EL IMTA",
        "CVE_EDO": 10,
        "CVE_MPIO": 10007,
        "AÑO": "1993",
        "DESC": "POZO SELECCIONADO EN LA INVESTIGACIÓN PARA CARACTERIZAR HIDROQUÍMICAMENTE DE LA ZONA \"LA LAGUNA\", DEGRADA POR CONCENTRACIONES ELEVADAS DE ARSÉNICO, MOSTRANDO UN DETERIORO EN SU CALIDAD FÍSICO-QUÍMICA.",
        "LONGITUD": -103.579,
        "LATITUD": 25.79704,
        "CVE_ACUIF": "0523",
        "NOM_ACUIF": "PRINCIPAL-REGION LAGUNERA",
        "CT_POZO": "NO",
        "DISEÑO_PERF": "NO",
        "CORTE_LIT": "NO",
        "REG_ELEC": "NO",
        "INF_PERF": "NO",
        "REG_AFORO": "NO",
        "ANAL_AGUA": "NO",
        "CROQUIS": "SI",
        "TIPO_INF": "PROFUNDIDAD ",
        "HGQ": "SI",
        "NE_M": 57.3,
        "URL ": "https://sigagis.conagua.gob.mx/t_infbasica/INVENTARIO/10 DURANGO/PDF/10_0025.pdf"
      }
    },
    {
      "type": "Feature",
      "geometry": {
        "type": "Point",
        "coordinates": [
          -103.11582,
          25.91818
        ]
      },
      "properties": {
        "CVE_LGJO": "10_0025",
        "CVE_POZO": "POZO 1387",
        "TIT_LGJO": "GEOHIDROLOGÍA DE LA LAGUNA, REALIZADA POR EL IMTA",
        "CVE_EDO": "05",
        "CVE_MPIO": "05033",
        "AÑO": "1993",
        "DESC": "POZO DE LA ZONA \"LA LAGUNA\".",
        "LONGITUD": -103.11582,
        "LATITUD": 25.91818,
        "CVE_ACUIF": "0523",
        "NOM_ACUIF": "PRINCIPAL-REGION LAGUNERA",
        "CT_POZO": "NO",
        "DISEÑO_PERF": "NO",
        "CORTE_LIT": "NO",
        "REG_ELEC": "NO",
        "INF_PERF": "NO",
        "REG_AFORO": "NO",
        "ANAL_AGUA": "NO",
        "CROQUIS": "SI",
        "TIPO_INF": "CROQUIS",
        "HGQ": "NO",
        "URL ": "https://sigagis.conagua.gob.mx/t_infbasica/INVENTARIO/05 COAHUILA DE ZARAGOZA/PDF/10_0025.pdf"
      }
    },
    {
      "type": "Feature",
      "geometry": {
        "type": "Point",
        "coordinates": [
          -103.31489,
          25.48526
        ]
      },
      "properties": {
        "CVE_LGJO": "10_0025",
        "CVE_POZO": "POZO 1400",
        "TIT_LGJO": "GEOHIDROLOGÍA DE LA LAGUNA, REALIZADA POR EL IMTA",
        "CVE_EDO": "05",
        "CVE_MPIO": "05017",
        "AÑO": "1993",
        "DESC": "POZO DE LA ZONA \"LA LAGUNA\".",
        "LONGITUD": -103.31489,
        "LATITUD": 25.48526,
        "CVE_ACUIF": "0523",
        "NOM_ACUIF": "PRINCIPAL-REGION LAGUNERA",
        "CT_POZO": "NO",
        "DISEÑO_PERF": "NO",
        "CORTE_LIT": "NO",
        "REG_ELEC": "NO",
        "INF_PERF": "NO",
        "REG_AFORO": "NO",
        "ANAL_AGUA": "NO",
        "CROQUIS": "SI",
        "TIPO_INF": "CROQUIS",
        "HGQ": "NO",
        "URL ": "https://sigagis.conagua.gob.mx/t_infbasica/INVENTARIO/05 COAHUILA DE ZARAGOZA/PDF/10_0025.pdf"
      }
    },
    {
      "type": "Feature",
      "geometry": {
        "type": "Point",
        "coordinates": [
          -103.05737,
          25.69032
        ]
      },
      "properties": {
        "CVE_LGJO": "10_0025",
        "CVE_POZO": "POZO 1489",
        "TIT_LGJO": "GEOHIDROLOGÍA DE LA LAGUNA, REALIZADA POR EL IMTA",
        "CVE_EDO": "05",
        "CVE_MPIO": "05033",
        "AÑO": "1993",
        "DESC": "POZO DE LA ZONA \"LA LAGUNA\".",
        "LONGITUD": -103.05737,
        "LATITUD": 25.69032,
        "CVE_ACUIF": "0523",
        "NOM_ACUIF": "PRINCIPAL-REGION LAGUNERA",
        "CT_POZO": "NO",
        "DISEÑO_PERF": "NO",
        "CORTE_LIT": "NO",
        "REG_ELEC": "NO",
        "INF_PERF": "NO",
        "REG_AFORO": "NO",
        "ANAL_AGUA": "NO",
        "CROQUIS": "SI",
        "TIPO_INF": "CROQUIS",
        "HGQ": "NO",
        "URL ": "https://sigagis.conagua.gob.mx/t_infbasica/INVENTARIO/05 COAHUILA DE ZARAGOZA/PDF/10_0025.pdf"
      }
    },
    {
      "type": "Feature",
      "geometry": {
        "type": "Point",
        "coordinates": [
          -103.12141,
          25.82334
        ]
      },
      "properties": {
        "CVE_LGJO": "10_0025",
        "CVE_POZO": "POZO 1515",
        "TIT_LGJO": "GEOHIDROLOGÍA DE LA LAGUNA, REALIZADA POR EL IMTA",
        "CVE_EDO": "05",
        "CVE_MPIO": "05033",
        "AÑO": "1993",
        "DESC": "POZO DE LA ZONA \"LA LAGUNA\".",
        "LONGITUD": -103.12141,
        "LATITUD": 25.82334,
        "CVE_ACUIF": "0523",
        "NOM_ACUIF": "PRINCIPAL-REGION LAGUNERA",
        "CT_POZO": "NO",
        "DISEÑO_PERF": "NO",
        "CORTE_LIT": "NO",
        "REG_ELEC": "NO",
        "INF_PERF": "NO",
        "REG_AFORO": "NO",
        "ANAL_AGUA": "NO",
        "CROQUIS": "SI",
        "TIPO_INF": "CROQUIS",
        "HGQ": "NO",
        "URL ": "https://sigagis.conagua.gob.mx/t_infbasica/INVENTARIO/05 COAHUILA DE ZARAGOZA/PDF/10_0025.pdf"
      }
    },
    {
      "type": "Feature",
      "geometry": {
        "type": "Point",
        "coordinates": [
          -103.10981,
          25.78711
        ]
      },
      "properties": {
        "CVE_LGJO": "10_0025",
        "CVE_POZO": "POZO 1657 (A1993)",
        "TIT_LGJO": "GEOHIDROLOGÍA DE LA LAGUNA, REALIZADA POR EL IMTA",
        "CVE_EDO": "05",
        "CVE_MPIO": "05033",
        "AÑO": "1993",
        "DESC": "POZO SELECCIONADO EN LA INVESTIGACIÓN PARA CARACTERIZAR HIDROQUÍMICAMENTE DE LA ZONA \"LA LAGUNA\", DEGRADA POR CONCENTRACIONES ELEVADAS DE ARSÉNICO, MOSTRANDO UN DETERIORO EN SU CALIDAD FÍSICO-QUÍMICA.",
        "LONGITUD": -103.10981,
        "LATITUD": 25.78711,
        "CVE_ACUIF": "0523",
        "NOM_ACUIF": "PRINCIPAL-REGION LAGUNERA",
        "CT_POZO": "NO",
        "DISEÑO_PERF": "NO",
        "CORTE_LIT": "NO",
        "REG_ELEC": "NO",
        "INF_PERF": "NO",
        "REG_AFORO": "NO",
        "ANAL_AGUA": "NO",
        "CROQUIS": "SI",
        "TIPO_INF": "PROFUNDIDAD ",
        "HGQ": "SI",
        "NE_M": 69.8,
        "URL ": "https://sigagis.conagua.gob.mx/t_infbasica/INVENTARIO/05 COAHUILA DE ZARAGOZA/PDF/10_0025.pdf"
      }
    },
    {
      "type": "Feature",
      "geometry": {
        "type": "Point",
        "coordinates": [
          -103.14602,
          25.89639
        ]
      },
      "properties": {
        "CVE_LGJO": "10_0025",
        "CVE_POZO": "POZO 1695 (A1990)",
        "TIT_LGJO": "GEOHIDROLOGÍA DE LA LAGUNA (I Y II ETAPA), REALIZADA POR EL IMTA",
        "CVE_EDO": "05",
        "CVE_MPIO": "05033",
        "AÑO": "1993",
        "DESC": "POZO SELECCIONADO (I Y II ETAPA ) EN LA INVESTIGACIÓN PARA CARACTERIZAR HIDROQUÍMICAMENTE DE LA ZONA \"LA LAGUNA\", DEGRADA POR CONCENTRACIONES ELEVADAS DE ARSÉNICO, MOSTRANDO UN DETERIORO EN SU CALIDAD FÍSICO-QUÍMICA.",
        "LONGITUD": -103.14602,
        "LATITUD": 25.89639,
        "CVE_ACUIF": "0523",
        "NOM_ACUIF": "PRINCIPAL-REGION LAGUNERA",
        "CT_POZO": "NO",
        "DISEÑO_PERF": "NO",
        "CORTE_LIT": "NO",
        "REG_ELEC": "NO",
        "INF_PERF": "NO",
        "REG_AFORO": "NO",
        "ANAL_AGUA": "SI",
        "CROQUIS": "SI",
        "TIPO_INF": "HIDROGEOQUÍMICO",
        "HGQ": "SI",
        "TEMP_°C": 30.6,
        "POT_H_s/u": 6.8,
        "CE_Us/cm": 1440,
        "As_mg/L": 0.1322,
        "URL ": "https://sigagis.conagua.gob.mx/t_infbasica/INVENTARIO/05 COAHUILA DE ZARAGOZA/PDF/10_0025.pdf"
      }
    },
    {
      "type": "Feature",
      "geometry": {
        "type": "Point",
        "coordinates": [
          -103.14602,
          25.89639
        ]
      },
      "properties": {
        "CVE_LGJO": "10_0025",
        "CVE_POZO": "POZO 1695 (A1993)",
        "TIT_LGJO": "GEOHIDROLOGÍA DE LA LAGUNA, REALIZADA POR EL IMTA",
        "CVE_EDO": "05",
        "CVE_MPIO": "05033",
        "AÑO": "1993",
        "DESC": "POZO SELECCIONADO EN LA INVESTIGACIÓN PARA CARACTERIZAR HIDROQUÍMICAMENTE DE LA ZONA \"LA LAGUNA\", DEGRADA POR CONCENTRACIONES ELEVADAS DE ARSÉNICO, MOSTRANDO UN DETERIORO EN SU CALIDAD FÍSICO-QUÍMICA.",
        "LONGITUD": -103.14602,
        "LATITUD": 25.89639,
        "CVE_ACUIF": "0523",
        "NOM_ACUIF": "PRINCIPAL-REGION LAGUNERA",
        "CT_POZO": "NO",
        "DISEÑO_PERF": "NO",
        "CORTE_LIT": "NO",
        "REG_ELEC": "NO",
        "INF_PERF": "NO",
        "REG_AFORO": "NO",
        "ANAL_AGUA": "SI",
        "CROQUIS": "SI",
        "TIPO_INF": "HIDROGEOQUÍMICO",
        "HGQ": "SI",
        "NE_M": 64.31,
        "TEMP_°C": 30.8,
        "POT_H_s/u": 7.05,
        "CE_Us/cm": 1230,
        "As_mg/L": 0.171,
        "URL ": "https://sigagis.conagua.gob.mx/t_infbasica/INVENTARIO/05 COAHUILA DE ZARAGOZA/PDF/10_0025.pdf"
      }
    },
    {
      "type": "Feature",
      "geometry": {
        "type": "Point",
        "coordinates": [
          -103.3138,
          25.496638
        ]
      },
      "properties": {
        "CVE_LGJO": "10_0025",
        "CVE_POZO": "POZO 1884",
        "TIT_LGJO": "GEOHIDROLOGÍA DE LA LAGUNA, REALIZADA POR EL IMTA",
        "CVE_EDO": "05",
        "CVE_MPIO": "05017",
        "AÑO": "1993",
        "DESC": "POZO DE LA ZONA \"LA LAGUNA\".",
        "LONGITUD": -103.3138,
        "LATITUD": 25.496638,
        "CVE_ACUIF": "0523",
        "NOM_ACUIF": "PRINCIPAL-REGION LAGUNERA",
        "CT_POZO": "NO",
        "DISEÑO_PERF": "NO",
        "CORTE_LIT": "NO",
        "REG_ELEC": "NO",
        "INF_PERF": "NO",
        "REG_AFORO": "NO",
        "ANAL_AGUA": "NO",
        "CROQUIS": "SI",
        "TIPO_INF": "CROQUIS",
        "HGQ": "NO",
        "URL ": "https://sigagis.conagua.gob.mx/t_infbasica/INVENTARIO/05 COAHUILA DE ZARAGOZA/PDF/10_0025.pdf"
      }
    },
    {
      "type": "Feature",
      "geometry": {
        "type": "Point",
        "coordinates": [
          -103.204051,
          25.885718
        ]
      },
      "properties": {
        "CVE_LGJO": "10_0025",
        "CVE_POZO": "POZO 1892",
        "TIT_LGJO": "GEOHIDROLOGÍA DE LA LAGUNA, REALIZADA POR EL IMTA",
        "CVE_EDO": "05",
        "CVE_MPIO": "05033",
        "AÑO": "1993",
        "DESC": "POZO DE LA ZONA \"LA LAGUNA\".",
        "LONGITUD": -103.204051,
        "LATITUD": 25.885718,
        "CVE_ACUIF": "0523",
        "NOM_ACUIF": "PRINCIPAL-REGION LAGUNERA",
        "CT_POZO": "NO",
        "DISEÑO_PERF": "NO",
        "CORTE_LIT": "NO",
        "REG_ELEC": "NO",
        "INF_PERF": "NO",
        "REG_AFORO": "NO",
        "ANAL_AGUA": "NO",
        "CROQUIS": "SI",
        "TIPO_INF": "CROQUIS",
        "HGQ": "NO",
        "URL ": "https://sigagis.conagua.gob.mx/t_infbasica/INVENTARIO/05 COAHUILA DE ZARAGOZA/PDF/10_0025.pdf"
      }
    },
    {
      "type": "Feature",
      "geometry": {
        "type": "Point",
        "coordinates": [
          -103.08777,
          25.54326
        ]
      },
      "properties": {
        "CVE_LGJO": "10_0025",
        "CVE_POZO": "POZO 1975",
        "TIT_LGJO": "GEOHIDROLOGÍA DE LA LAGUNA, REALIZADA POR EL IMTA",
        "CVE_EDO": "05",
        "CVE_MPIO": "05017",
        "AÑO": "1993",
        "DESC": "POZO DE LA ZONA \"LA LAGUNA\".",
        "LONGITUD": -103.08777,
        "LATITUD": 25.54326,
        "CVE_ACUIF": "0523",
        "NOM_ACUIF": "PRINCIPAL-REGION LAGUNERA",
        "CT_POZO": "NO",
        "DISEÑO_PERF": "NO",
        "CORTE_LIT": "NO",
        "REG_ELEC": "NO",
        "INF_PERF": "NO",
        "REG_AFORO": "NO",
        "ANAL_AGUA": "NO",
        "CROQUIS": "SI",
        "TIPO_INF": "CROQUIS",
        "HGQ": "NO",
        "URL ": "https://sigagis.conagua.gob.mx/t_infbasica/INVENTARIO/05 COAHUILA DE ZARAGOZA/PDF/10_0025.pdf"
      }
    },
    {
      "type": "Feature",
      "geometry": {
        "type": "Point",
        "coordinates": [
          -103.17625,
          26.01474
        ]
      },
      "properties": {
        "CVE_LGJO": "10_0025",
        "CVE_POZO": "POZO A1993",
        "TIT_LGJO": "GEOHIDROLOGÍA DE LA LAGUNA, REALIZADA POR EL IMTA",
        "CVE_EDO": "05",
        "CVE_MPIO": "05009",
        "AÑO": "1993",
        "DESC": "POZO DE LA ZONA \"LA LAGUNA\".",
        "LONGITUD": -103.17625,
        "LATITUD": 26.01474,
        "CVE_ACUIF": "0523",
        "NOM_ACUIF": "PRINCIPAL-REGION LAGUNERA",
        "CT_POZO": "NO",
        "DISEÑO_PERF": "NO",
        "CORTE_LIT": "NO",
        "REG_ELEC": "NO",
        "INF_PERF": "NO",
        "REG_AFORO": "NO",
        "ANAL_AGUA": "NO",
        "CROQUIS": "SI",
        "TIPO_INF": "CROQUIS",
        "HGQ": "NO",
        "URL ": "https://sigagis.conagua.gob.mx/t_infbasica/INVENTARIO/05 COAHUILA DE ZARAGOZA/PDF/10_0025.pdf"
      }
    },
    {
      "type": "Feature",
      "geometry": {
        "type": "Point",
        "coordinates": [
          -103.23183,
          25.56798
        ]
      },
      "properties": {
        "CVE_LGJO": "10_0025",
        "CVE_POZO": "POZO 2024",
        "TIT_LGJO": "GEOHIDROLOGÍA DE LA LAGUNA, REALIZADA POR EL IMTA",
        "CVE_EDO": "05",
        "CVE_MPIO": "05017",
        "AÑO": "1993",
        "DESC": "POZO DE LA ZONA \"LA LAGUNA\".",
        "LONGITUD": -103.23183,
        "LATITUD": 25.56798,
        "CVE_ACUIF": "0523",
        "NOM_ACUIF": "PRINCIPAL-REGION LAGUNERA",
        "CT_POZO": "NO",
        "DISEÑO_PERF": "NO",
        "CORTE_LIT": "NO",
        "REG_ELEC": "NO",
        "INF_PERF": "NO",
        "REG_AFORO": "NO",
        "ANAL_AGUA": "NO",
        "CROQUIS": "SI",
        "TIPO_INF": "CROQUIS",
        "HGQ": "NO",
        "URL ": "https://sigagis.conagua.gob.mx/t_infbasica/INVENTARIO/05 COAHUILA DE ZARAGOZA/PDF/10_0025.pdf"
      }
    },
    {
      "type": "Feature",
      "geometry": {
        "type": "Point",
        "coordinates": [
          -103.59825,
          25.7243
        ]
      },
      "properties": {
        "CVE_LGJO": "10_0025",
        "CVE_POZO": "POZO 2075",
        "TIT_LGJO": "GEOHIDROLOGÍA DE LA LAGUNA, REALIZADA POR EL IMTA",
        "CVE_EDO": 10,
        "CVE_MPIO": 10007,
        "AÑO": "1993",
        "DESC": "POZO DE LA ZONA \"LA LAGUNA\".",
        "LONGITUD": -103.59825,
        "LATITUD": 25.7243,
        "CVE_ACUIF": "0523",
        "NOM_ACUIF": "PRINCIPAL-REGION LAGUNERA",
        "CT_POZO": "NO",
        "DISEÑO_PERF": "NO",
        "CORTE_LIT": "NO",
        "REG_ELEC": "NO",
        "INF_PERF": "NO",
        "REG_AFORO": "NO",
        "ANAL_AGUA": "NO",
        "CROQUIS": "SI",
        "TIPO_INF": "CROQUIS",
        "HGQ": "NO",
        "URL ": "https://sigagis.conagua.gob.mx/t_infbasica/INVENTARIO/10 DURANGO/PDF/10_0025.pdf"
      }
    },
    {
      "type": "Feature",
      "geometry": {
        "type": "Point",
        "coordinates": [
          -103.168957,
          25.522326
        ]
      },
      "properties": {
        "CVE_LGJO": "10_0025",
        "CVE_POZO": "POZO 2115",
        "TIT_LGJO": "GEOHIDROLOGÍA DE LA LAGUNA, REALIZADA POR EL IMTA",
        "CVE_EDO": "05",
        "CVE_MPIO": "05017",
        "AÑO": "1993",
        "DESC": "POZO DE LA ZONA \"LA LAGUNA\".",
        "LONGITUD": -103.168957,
        "LATITUD": 25.522326,
        "CVE_ACUIF": "0523",
        "NOM_ACUIF": "PRINCIPAL-REGION LAGUNERA",
        "CT_POZO": "NO",
        "DISEÑO_PERF": "NO",
        "CORTE_LIT": "NO",
        "REG_ELEC": "NO",
        "INF_PERF": "NO",
        "REG_AFORO": "NO",
        "ANAL_AGUA": "NO",
        "CROQUIS": "SI",
        "TIPO_INF": "CROQUIS",
        "HGQ": "NO",
        "URL ": "https://sigagis.conagua.gob.mx/t_infbasica/INVENTARIO/05 COAHUILA DE ZARAGOZA/PDF/10_0025.pdf"
      }
    },
    {
      "type": "Feature",
      "geometry": {
        "type": "Point",
        "coordinates": [
          -102.98867,
          25.78177
        ]
      },
      "properties": {
        "CVE_LGJO": "10_0025",
        "CVE_POZO": "POZO 2178 (A1990)",
        "TIT_LGJO": "GEOHIDROLOGÍA DE LA LAGUNA (I Y II ETAPA), REALIZADA POR EL IMTA",
        "CVE_EDO": "05",
        "CVE_MPIO": "05033",
        "AÑO": "1993",
        "DESC": "POZO SELECCIONADO (I Y II ETAPA ) EN LA INVESTIGACIÓN PARA CARACTERIZAR HIDROQUÍMICAMENTE DE LA ZONA \"LA LAGUNA\", DEGRADA POR CONCENTRACIONES ELEVADAS DE ARSÉNICO, MOSTRANDO UN DETERIORO EN SU CALIDAD FÍSICO-QUÍMICA.",
        "LONGITUD": -102.98867,
        "LATITUD": 25.78177,
        "CVE_ACUIF": "0523",
        "NOM_ACUIF": "PRINCIPAL-REGION LAGUNERA",
        "CT_POZO": "NO",
        "DISEÑO_PERF": "NO",
        "CORTE_LIT": "NO",
        "REG_ELEC": "NO",
        "INF_PERF": "NO",
        "REG_AFORO": "NO",
        "ANAL_AGUA": "SI",
        "CROQUIS": "SI",
        "TIPO_INF": "HIDROGEOQUÍMICO",
        "HGQ": "SI",
        "TEMP_°C": 23,
        "POT_H_s/u": 6.5,
        "CE_Us/cm": 4970,
        "As_mg/L": 0.1508,
        "URL ": "https://sigagis.conagua.gob.mx/t_infbasica/INVENTARIO/05 COAHUILA DE ZARAGOZA/PDF/10_0025.pdf"
      }
    },
    {
      "type": "Feature",
      "geometry": {
        "type": "Point",
        "coordinates": [
          -102.98867,
          25.78177
        ]
      },
      "properties": {
        "CVE_LGJO": "10_0025",
        "CVE_POZO": "POZO 2178 (A1993)",
        "TIT_LGJO": "GEOHIDROLOGÍA DE LA LAGUNA, REALIZADA POR EL IMTA",
        "CVE_EDO": "05",
        "CVE_MPIO": "05033",
        "AÑO": "1993",
        "DESC": "POZO SELECCIONADO EN LA INVESTIGACIÓN PARA CARACTERIZAR HIDROQUÍMICAMENTE DE LA ZONA \"LA LAGUNA\", DEGRADA POR CONCENTRACIONES ELEVADAS DE ARSÉNICO, MOSTRANDO UN DETERIORO EN SU CALIDAD FÍSICO-QUÍMICA.",
        "LONGITUD": -102.98867,
        "LATITUD": 25.78177,
        "CVE_ACUIF": "0523",
        "NOM_ACUIF": "PRINCIPAL-REGION LAGUNERA",
        "CT_POZO": "NO",
        "DISEÑO_PERF": "NO",
        "CORTE_LIT": "NO",
        "REG_ELEC": "NO",
        "INF_PERF": "NO",
        "REG_AFORO": "NO",
        "ANAL_AGUA": "SI",
        "CROQUIS": "SI",
        "TIPO_INF": "HIDROGEOQUÍMICO",
        "HGQ": "SI",
        "TEMP_°C": 23.1,
        "POT_H_s/u": 6.36,
        "CE_Us/cm": 3530,
        "As_mg/L": 0.236,
        "URL ": "https://sigagis.conagua.gob.mx/t_infbasica/INVENTARIO/05 COAHUILA DE ZARAGOZA/PDF/10_0025.pdf"
      }
    },
    {
      "type": "Feature",
      "geometry": {
        "type": "Point",
        "coordinates": [
          -103.0392,
          25.49407
        ]
      },
      "properties": {
        "CVE_LGJO": "10_0025",
        "CVE_POZO": "POZO 2234",
        "TIT_LGJO": "GEOHIDROLOGÍA DE LA LAGUNA, REALIZADA POR EL IMTA",
        "CVE_EDO": "05",
        "CVE_MPIO": "05017",
        "AÑO": "1993",
        "DESC": "POZO DE LA ZONA \"LA LAGUNA\".",
        "LONGITUD": -103.0392,
        "LATITUD": 25.49407,
        "CVE_ACUIF": "0523",
        "NOM_ACUIF": "PRINCIPAL-REGION LAGUNERA",
        "CT_POZO": "NO",
        "DISEÑO_PERF": "NO",
        "CORTE_LIT": "NO",
        "REG_ELEC": "NO",
        "INF_PERF": "NO",
        "REG_AFORO": "NO",
        "ANAL_AGUA": "NO",
        "CROQUIS": "SI",
        "TIPO_INF": "CROQUIS",
        "HGQ": "NO",
        "URL ": "https://sigagis.conagua.gob.mx/t_infbasica/INVENTARIO/05 COAHUILA DE ZARAGOZA/PDF/10_0025.pdf"
      }
    },
    {
      "type": "Feature",
      "geometry": {
        "type": "Point",
        "coordinates": [
          -103.439875,
          25.52285
        ]
      },
      "properties": {
        "CVE_LGJO": "10_0025",
        "CVE_POZO": "POZO 2240",
        "TIT_LGJO": "GEOHIDROLOGÍA DE LA LAGUNA, REALIZADA POR EL IMTA",
        "CVE_EDO": "05",
        "CVE_MPIO": "05035",
        "AÑO": "1993",
        "DESC": "POZO DE LA ZONA \"LA LAGUNA\".",
        "LONGITUD": -103.439875,
        "LATITUD": 25.52285,
        "CVE_ACUIF": "0523",
        "NOM_ACUIF": "PRINCIPAL-REGION LAGUNERA",
        "CT_POZO": "NO",
        "DISEÑO_PERF": "NO",
        "CORTE_LIT": "NO",
        "REG_ELEC": "NO",
        "INF_PERF": "NO",
        "REG_AFORO": "NO",
        "ANAL_AGUA": "NO",
        "CROQUIS": "SI",
        "TIPO_INF": "CROQUIS",
        "HGQ": "NO",
        "URL ": "https://sigagis.conagua.gob.mx/t_infbasica/INVENTARIO/05 COAHUILA DE ZARAGOZA/PDF/10_0025.pdf"
      }
    },
    {
      "type": "Feature",
      "geometry": {
        "type": "Point",
        "coordinates": [
          -103.268935,
          25.530788
        ]
      },
      "properties": {
        "CVE_LGJO": "10_0025",
        "CVE_POZO": "POZO 2314 (A1990)",
        "TIT_LGJO": "GEOHIDROLOGÍA DE LA LAGUNA (I Y II ETAPA), REALIZADA POR EL IMTA",
        "CVE_EDO": "05",
        "CVE_MPIO": "05017",
        "AÑO": "1993",
        "DESC": "POZO SELECCIONADO (I Y II ETAPA ) EN LA INVESTIGACIÓN PARA CARACTERIZAR HIDROQUÍMICAMENTE DE LA ZONA \"LA LAGUNA\", DEGRADA POR CONCENTRACIONES ELEVADAS DE ARSÉNICO, MOSTRANDO UN DETERIORO EN SU CALIDAD FÍSICO-QUÍMICA.",
        "LONGITUD": -103.268935,
        "LATITUD": 25.530788,
        "CVE_ACUIF": "0523",
        "NOM_ACUIF": "PRINCIPAL-REGION LAGUNERA",
        "CT_POZO": "NO",
        "DISEÑO_PERF": "NO",
        "CORTE_LIT": "NO",
        "REG_ELEC": "NO",
        "INF_PERF": "NO",
        "REG_AFORO": "NO",
        "ANAL_AGUA": "SI",
        "CROQUIS": "SI",
        "TIPO_INF": "HIDROGEOQUÍMICO",
        "HGQ": "SI",
        "TEMP_°C": 31.4,
        "POT_H_s/u": 6.9,
        "CE_Us/cm": 359,
        "As_mg/L": 0.0251,
        "URL ": "https://sigagis.conagua.gob.mx/t_infbasica/INVENTARIO/05 COAHUILA DE ZARAGOZA/PDF/10_0025.pdf"
      }
    },
    {
      "type": "Feature",
      "geometry": {
        "type": "Point",
        "coordinates": [
          -103.268935,
          25.530788
        ]
      },
      "properties": {
        "CVE_LGJO": "10_0025",
        "CVE_POZO": "POZO 2314 (A1993)",
        "TIT_LGJO": "GEOHIDROLOGÍA DE LA LAGUNA, REALIZADA POR EL IMTA",
        "CVE_EDO": "05",
        "CVE_MPIO": "05017",
        "AÑO": "1993",
        "DESC": "POZO SELECCIONADO EN LA INVESTIGACIÓN PARA CARACTERIZAR HIDROQUÍMICAMENTE DE LA ZONA \"LA LAGUNA\", DEGRADA POR CONCENTRACIONES ELEVADAS DE ARSÉNICO, MOSTRANDO UN DETERIORO EN SU CALIDAD FÍSICO-QUÍMICA.",
        "LONGITUD": -103.268935,
        "LATITUD": 25.530788,
        "CVE_ACUIF": "0523",
        "NOM_ACUIF": "PRINCIPAL-REGION LAGUNERA",
        "CT_POZO": "NO",
        "DISEÑO_PERF": "NO",
        "CORTE_LIT": "NO",
        "REG_ELEC": "NO",
        "INF_PERF": "NO",
        "REG_AFORO": "NO",
        "ANAL_AGUA": "SI",
        "CROQUIS": "SI",
        "TIPO_INF": "HIDROGEOQUÍMICO",
        "HGQ": "SI",
        "TEMP_°C": 32.3,
        "POT_H_s/u": 7.67,
        "CE_Us/cm": 1150,
        "As_mg/L": 0.0185,
        "URL ": "https://sigagis.conagua.gob.mx/t_infbasica/INVENTARIO/05 COAHUILA DE ZARAGOZA/PDF/10_0025.pdf"
      }
    },
    {
      "type": "Feature",
      "geometry": {
        "type": "Point",
        "coordinates": [
          -103.57691,
          25.5906
        ]
      },
      "properties": {
        "CVE_LGJO": "10_0025",
        "CVE_POZO": "POZO 2344",
        "TIT_LGJO": "GEOHIDROLOGÍA DE LA LAGUNA, REALIZADA POR EL IMTA",
        "CVE_EDO": 10,
        "CVE_MPIO": 10007,
        "AÑO": "1993",
        "DESC": "POZO DE LA ZONA \"LA LAGUNA\".",
        "LONGITUD": -103.57691,
        "LATITUD": 25.5906,
        "CVE_ACUIF": "0523",
        "NOM_ACUIF": "PRINCIPAL-REGION LAGUNERA",
        "CT_POZO": "NO",
        "DISEÑO_PERF": "NO",
        "CORTE_LIT": "NO",
        "REG_ELEC": "NO",
        "INF_PERF": "NO",
        "REG_AFORO": "NO",
        "ANAL_AGUA": "NO",
        "CROQUIS": "SI",
        "TIPO_INF": "CROQUIS",
        "HGQ": "NO",
        "URL ": "https://sigagis.conagua.gob.mx/t_infbasica/INVENTARIO/10 DURANGO/PDF/10_0025.pdf"
      }
    },
    {
      "type": "Feature",
      "geometry": {
        "type": "Point",
        "coordinates": [
          -103.42895,
          25.64992
        ]
      },
      "properties": {
        "CVE_LGJO": "10_0025",
        "CVE_POZO": "POZO 2382",
        "TIT_LGJO": "GEOHIDROLOGÍA DE LA LAGUNA, REALIZADA POR EL IMTA",
        "CVE_EDO": 10,
        "CVE_MPIO": 10007,
        "AÑO": "1993",
        "DESC": "POZO DE LA ZONA \"LA LAGUNA\".",
        "LONGITUD": -103.42895,
        "LATITUD": 25.64992,
        "CVE_ACUIF": "0523",
        "NOM_ACUIF": "PRINCIPAL-REGION LAGUNERA",
        "CT_POZO": "NO",
        "DISEÑO_PERF": "NO",
        "CORTE_LIT": "NO",
        "REG_ELEC": "NO",
        "INF_PERF": "NO",
        "REG_AFORO": "NO",
        "ANAL_AGUA": "NO",
        "CROQUIS": "SI",
        "TIPO_INF": "CROQUIS",
        "HGQ": "NO",
        "URL ": "https://sigagis.conagua.gob.mx/t_infbasica/INVENTARIO/10 DURANGO/PDF/10_0025.pdf"
      }
    },
    {
      "type": "Feature",
      "geometry": {
        "type": "Point",
        "coordinates": [
          -103.616825,
          25.513014
        ]
      },
      "properties": {
        "CVE_LGJO": "10_0025",
        "CVE_POZO": "POZO 2408",
        "TIT_LGJO": "GEOHIDROLOGÍA DE LA LAGUNA, REALIZADA POR EL IMTA",
        "CVE_EDO": 10,
        "CVE_MPIO": 10012,
        "AÑO": "1993",
        "DESC": "POZO DE LA ZONA \"LA LAGUNA\".",
        "LONGITUD": -103.616825,
        "LATITUD": 25.513014,
        "CVE_ACUIF": "0523",
        "NOM_ACUIF": "PRINCIPAL-REGION LAGUNERA",
        "CT_POZO": "NO",
        "DISEÑO_PERF": "NO",
        "CORTE_LIT": "NO",
        "REG_ELEC": "NO",
        "INF_PERF": "NO",
        "REG_AFORO": "NO",
        "ANAL_AGUA": "NO",
        "CROQUIS": "SI",
        "TIPO_INF": "CROQUIS",
        "HGQ": "NO",
        "URL ": "https://sigagis.conagua.gob.mx/t_infbasica/INVENTARIO/10 DURANGO/PDF/10_0025.pdf"
      }
    },
    {
      "type": "Feature",
      "geometry": {
        "type": "Point",
        "coordinates": [
          -103.35291,
          25.95263
        ]
      },
      "properties": {
        "CVE_LGJO": "10_0025",
        "CVE_POZO": "POZO 2479",
        "TIT_LGJO": "GEOHIDROLOGÍA DE LA LAGUNA, REALIZADA POR EL IMTA",
        "CVE_EDO": "05",
        "CVE_MPIO": "05009",
        "AÑO": "1993",
        "DESC": "POZO DE LA ZONA \"LA LAGUNA\".",
        "LONGITUD": -103.35291,
        "LATITUD": 25.95263,
        "CVE_ACUIF": "0523",
        "NOM_ACUIF": "PRINCIPAL-REGION LAGUNERA",
        "CT_POZO": "NO",
        "DISEÑO_PERF": "NO",
        "CORTE_LIT": "NO",
        "REG_ELEC": "NO",
        "INF_PERF": "NO",
        "REG_AFORO": "NO",
        "ANAL_AGUA": "NO",
        "CROQUIS": "SI",
        "TIPO_INF": "CROQUIS",
        "HGQ": "NO",
        "URL ": "https://sigagis.conagua.gob.mx/t_infbasica/INVENTARIO/05 COAHUILA DE ZARAGOZA/PDF/10_0025.pdf"
      }
    },
    {
      "type": "Feature",
      "geometry": {
        "type": "Point",
        "coordinates": [
          -103.19065,
          26.0024
        ]
      },
      "properties": {
        "CVE_LGJO": "10_0025",
        "CVE_POZO": "POZO 2510 (A1990)",
        "TIT_LGJO": "GEOHIDROLOGÍA DE LA LAGUNA (I Y II ETAPA), REALIZADA POR EL IMTA",
        "CVE_EDO": "05",
        "CVE_MPIO": "05009",
        "AÑO": "1993",
        "DESC": "POZO SELECCIONADO (I Y II ETAPA ) EN LA INVESTIGACIÓN PARA CARACTERIZAR HIDROQUÍMICAMENTE DE LA ZONA \"LA LAGUNA\", DEGRADA POR CONCENTRACIONES ELEVADAS DE ARSÉNICO, MOSTRANDO UN DETERIORO EN SU CALIDAD FÍSICO-QUÍMICA.",
        "LONGITUD": -103.19065,
        "LATITUD": 26.0024,
        "CVE_ACUIF": "0523",
        "NOM_ACUIF": "PRINCIPAL-REGION LAGUNERA",
        "CT_POZO": "NO",
        "DISEÑO_PERF": "NO",
        "CORTE_LIT": "NO",
        "REG_ELEC": "NO",
        "INF_PERF": "NO",
        "REG_AFORO": "NO",
        "ANAL_AGUA": "SI",
        "CROQUIS": "SI",
        "TIPO_INF": "HIDROGEOQUÍMICO",
        "HGQ": "SI",
        "TEMP_°C": 25,
        "POT_H_s/u": 7.4,
        "CE_Us/cm": 915,
        "As_mg/L": 0.4326,
        "URL ": "https://sigagis.conagua.gob.mx/t_infbasica/INVENTARIO/05 COAHUILA DE ZARAGOZA/PDF/10_0025.pdf"
      }
    },
    {
      "type": "Feature",
      "geometry": {
        "type": "Point",
        "coordinates": [
          -103.19065,
          26.0024
        ]
      },
      "properties": {
        "CVE_LGJO": "10_0025",
        "CVE_POZO": "POZO 2510 (A1993)",
        "TIT_LGJO": "GEOHIDROLOGÍA DE LA LAGUNA, REALIZADA POR EL IMTA",
        "CVE_EDO": "05",
        "CVE_MPIO": "05009",
        "AÑO": "1993",
        "DESC": "POZO SELECCIONADO EN LA INVESTIGACIÓN PARA CARACTERIZAR HIDROQUÍMICAMENTE DE LA ZONA \"LA LAGUNA\", DEGRADA POR CONCENTRACIONES ELEVADAS DE ARSÉNICO, MOSTRANDO UN DETERIORO EN SU CALIDAD FÍSICO-QUÍMICA.",
        "LONGITUD": -103.19065,
        "LATITUD": 26.0024,
        "CVE_ACUIF": "0523",
        "NOM_ACUIF": "PRINCIPAL-REGION LAGUNERA",
        "CT_POZO": "NO",
        "DISEÑO_PERF": "NO",
        "CORTE_LIT": "NO",
        "REG_ELEC": "NO",
        "INF_PERF": "NO",
        "REG_AFORO": "NO",
        "ANAL_AGUA": "SI",
        "CROQUIS": "SI",
        "TIPO_INF": "HIDROGEOQUÍMICO",
        "HGQ": "SI",
        "TEMP_°C": 24.1,
        "POT_H_s/u": 7.6,
        "CE_Us/cm": 1120,
        "As_mg/L": 0.1155,
        "URL ": "https://sigagis.conagua.gob.mx/t_infbasica/INVENTARIO/05 COAHUILA DE ZARAGOZA/PDF/10_0025.pdf"
      }
    },
    {
      "type": "Feature",
      "geometry": {
        "type": "Point",
        "coordinates": [
          -103.62378,
          25.49701
        ]
      },
      "properties": {
        "CVE_LGJO": "10_0025",
        "CVE_POZO": "POZO 2538",
        "TIT_LGJO": "GEOHIDROLOGÍA DE LA LAGUNA, REALIZADA POR EL IMTA",
        "CVE_EDO": 10,
        "CVE_MPIO": 10012,
        "AÑO": "1993",
        "DESC": "POZO DE LA ZONA \"LA LAGUNA\".",
        "LONGITUD": -103.62378,
        "LATITUD": 25.49701,
        "CVE_ACUIF": "0523",
        "NOM_ACUIF": "PRINCIPAL-REGION LAGUNERA",
        "CT_POZO": "NO",
        "DISEÑO_PERF": "NO",
        "CORTE_LIT": "NO",
        "REG_ELEC": "NO",
        "INF_PERF": "NO",
        "REG_AFORO": "NO",
        "ANAL_AGUA": "NO",
        "CROQUIS": "SI",
        "TIPO_INF": "CROQUIS",
        "HGQ": "NO",
        "URL ": "https://sigagis.conagua.gob.mx/t_infbasica/INVENTARIO/10 DURANGO/PDF/10_0025.pdf"
      }
    },
    {
      "type": "Feature",
      "geometry": {
        "type": "Point",
        "coordinates": [
          -103.40865,
          26.06211
        ]
      },
      "properties": {
        "CVE_LGJO": "10_0025",
        "CVE_POZO": "POZO 2554",
        "TIT_LGJO": "GEOHIDROLOGÍA DE LA LAGUNA, REALIZADA POR EL IMTA",
        "CVE_EDO": 10,
        "CVE_MPIO": 10036,
        "AÑO": "1993",
        "DESC": "POZO DE LA ZONA \"LA LAGUNA\".",
        "LONGITUD": -103.40865,
        "LATITUD": 26.06211,
        "CVE_ACUIF": "0523",
        "NOM_ACUIF": "PRINCIPAL-REGION LAGUNERA",
        "CT_POZO": "NO",
        "DISEÑO_PERF": "NO",
        "CORTE_LIT": "NO",
        "REG_ELEC": "NO",
        "INF_PERF": "NO",
        "REG_AFORO": "NO",
        "ANAL_AGUA": "NO",
        "CROQUIS": "SI",
        "TIPO_INF": "CROQUIS",
        "HGQ": "NO",
        "URL ": "https://sigagis.conagua.gob.mx/t_infbasica/INVENTARIO/10 DURANGO/PDF/10_0025.pdf"
      }
    },
    {
      "type": "Feature",
      "geometry": {
        "type": "Point",
        "coordinates": [
          -103.66653,
          25.4214
        ]
      },
      "properties": {
        "CVE_LGJO": "10_0025",
        "CVE_POZO": "POZO 2575",
        "TIT_LGJO": "GEOHIDROLOGÍA DE LA LAGUNA, REALIZADA POR EL IMTA",
        "CVE_EDO": 10,
        "CVE_MPIO": 10012,
        "AÑO": "1993",
        "DESC": "POZO DE LA ZONA \"LA LAGUNA\".",
        "LONGITUD": -103.66653,
        "LATITUD": 25.4214,
        "CVE_ACUIF": "0523",
        "NOM_ACUIF": "PRINCIPAL-REGION LAGUNERA",
        "CT_POZO": "NO",
        "DISEÑO_PERF": "NO",
        "CORTE_LIT": "NO",
        "REG_ELEC": "NO",
        "INF_PERF": "NO",
        "REG_AFORO": "NO",
        "ANAL_AGUA": "NO",
        "CROQUIS": "SI",
        "TIPO_INF": "CROQUIS",
        "HGQ": "NO",
        "URL ": "https://sigagis.conagua.gob.mx/t_infbasica/INVENTARIO/10 DURANGO/PDF/10_0025.pdf"
      }
    },
    {
      "type": "Feature",
      "geometry": {
        "type": "Point",
        "coordinates": [
          -103.742,
          25.44446
        ]
      },
      "properties": {
        "CVE_LGJO": "10_0025",
        "CVE_POZO": "POZO 2592",
        "TIT_LGJO": "GEOHIDROLOGÍA DE LA LAGUNA, REALIZADA POR EL IMTA",
        "CVE_EDO": 10,
        "CVE_MPIO": 10012,
        "AÑO": "1993",
        "DESC": "POZO DE LA ZONA \"LA LAGUNA\".",
        "LONGITUD": -103.742,
        "LATITUD": 25.44446,
        "CVE_ACUIF": "0523",
        "NOM_ACUIF": "PRINCIPAL-REGION LAGUNERA",
        "CT_POZO": "NO",
        "DISEÑO_PERF": "NO",
        "CORTE_LIT": "NO",
        "REG_ELEC": "NO",
        "INF_PERF": "NO",
        "REG_AFORO": "NO",
        "ANAL_AGUA": "NO",
        "CROQUIS": "SI",
        "TIPO_INF": "CROQUIS",
        "HGQ": "NO",
        "URL ": "https://sigagis.conagua.gob.mx/t_infbasica/INVENTARIO/10 DURANGO/PDF/10_0025.pdf"
      }
    },
    {
      "type": "Feature",
      "geometry": {
        "type": "Point",
        "coordinates": [
          -103.73385,
          25.50693
        ]
      },
      "properties": {
        "CVE_LGJO": "10_0025",
        "CVE_POZO": "POZO 2595",
        "TIT_LGJO": "GEOHIDROLOGÍA DE LA LAGUNA, REALIZADA POR EL IMTA",
        "CVE_EDO": 10,
        "CVE_MPIO": 10012,
        "AÑO": "1993",
        "DESC": "POZO DE LA ZONA \"LA LAGUNA\".",
        "LONGITUD": -103.73385,
        "LATITUD": 25.50693,
        "CVE_ACUIF": "0523",
        "NOM_ACUIF": "PRINCIPAL-REGION LAGUNERA",
        "CT_POZO": "NO",
        "DISEÑO_PERF": "NO",
        "CORTE_LIT": "NO",
        "REG_ELEC": "NO",
        "INF_PERF": "NO",
        "REG_AFORO": "NO",
        "ANAL_AGUA": "NO",
        "CROQUIS": "SI",
        "TIPO_INF": "CROQUIS",
        "HGQ": "NO",
        "URL ": "https://sigagis.conagua.gob.mx/t_infbasica/INVENTARIO/10 DURANGO/PDF/10_0025.pdf"
      }
    },
    {
      "type": "Feature",
      "geometry": {
        "type": "Point",
        "coordinates": [
          -103.69338,
          25.55569
        ]
      },
      "properties": {
        "CVE_LGJO": "10_0025",
        "CVE_POZO": "POZO 2605",
        "TIT_LGJO": "GEOHIDROLOGÍA DE LA LAGUNA, REALIZADA POR EL IMTA",
        "CVE_EDO": 10,
        "CVE_MPIO": 10012,
        "AÑO": "1993",
        "DESC": "POZO DE LA ZONA \"LA LAGUNA\".",
        "LONGITUD": -103.69338,
        "LATITUD": 25.55569,
        "CVE_ACUIF": "0523",
        "NOM_ACUIF": "PRINCIPAL-REGION LAGUNERA",
        "CT_POZO": "NO",
        "DISEÑO_PERF": "NO",
        "CORTE_LIT": "NO",
        "REG_ELEC": "NO",
        "INF_PERF": "NO",
        "REG_AFORO": "NO",
        "ANAL_AGUA": "NO",
        "CROQUIS": "SI",
        "TIPO_INF": "CROQUIS",
        "HGQ": "NO",
        "URL ": "https://sigagis.conagua.gob.mx/t_infbasica/INVENTARIO/10 DURANGO/PDF/10_0025.pdf"
      }
    },
    {
      "type": "Feature",
      "geometry": {
        "type": "Point",
        "coordinates": [
          -103.65638,
          25.52821
        ]
      },
      "properties": {
        "CVE_LGJO": "10_0025",
        "CVE_POZO": "POZO 2612",
        "TIT_LGJO": "GEOHIDROLOGÍA DE LA LAGUNA, REALIZADA POR EL IMTA",
        "CVE_EDO": 10,
        "CVE_MPIO": 10012,
        "AÑO": "1993",
        "DESC": "POZO DE LA ZONA \"LA LAGUNA\".",
        "LONGITUD": -103.65638,
        "LATITUD": 25.52821,
        "CVE_ACUIF": "0523",
        "NOM_ACUIF": "PRINCIPAL-REGION LAGUNERA",
        "CT_POZO": "NO",
        "DISEÑO_PERF": "NO",
        "CORTE_LIT": "NO",
        "REG_ELEC": "NO",
        "INF_PERF": "NO",
        "REG_AFORO": "NO",
        "ANAL_AGUA": "NO",
        "CROQUIS": "SI",
        "TIPO_INF": "CROQUIS",
        "HGQ": "NO",
        "URL ": "https://sigagis.conagua.gob.mx/t_infbasica/INVENTARIO/10 DURANGO/PDF/10_0025.pdf"
      }
    },
    {
      "type": "Feature",
      "geometry": {
        "type": "Point",
        "coordinates": [
          -103.61699,
          25.52817
        ]
      },
      "properties": {
        "CVE_LGJO": "10_0025",
        "CVE_POZO": "POZO 2624",
        "TIT_LGJO": "GEOHIDROLOGÍA DE LA LAGUNA, REALIZADA POR EL IMTA",
        "CVE_EDO": 10,
        "CVE_MPIO": 10012,
        "AÑO": "1993",
        "DESC": "POZO DE LA ZONA \"LA LAGUNA\".",
        "LONGITUD": -103.61699,
        "LATITUD": 25.52817,
        "CVE_ACUIF": "0523",
        "NOM_ACUIF": "PRINCIPAL-REGION LAGUNERA",
        "CT_POZO": "NO",
        "DISEÑO_PERF": "NO",
        "CORTE_LIT": "NO",
        "REG_ELEC": "NO",
        "INF_PERF": "NO",
        "REG_AFORO": "NO",
        "ANAL_AGUA": "NO",
        "CROQUIS": "SI",
        "TIPO_INF": "CROQUIS",
        "HGQ": "NO",
        "URL ": "https://sigagis.conagua.gob.mx/t_infbasica/INVENTARIO/10 DURANGO/PDF/10_0025.pdf"
      }
    },
    {
      "type": "Feature",
      "geometry": {
        "type": "Point",
        "coordinates": [
          -103.26892,
          25.9456
        ]
      },
      "properties": {
        "CVE_LGJO": "10_0025",
        "CVE_POZO": "POZO 2654 (A1990)",
        "TIT_LGJO": "GEOHIDROLOGÍA DE LA LAGUNA (I Y II ETAPA), REALIZADA POR EL IMTA",
        "CVE_EDO": "05",
        "CVE_MPIO": "05009",
        "AÑO": "1993",
        "DESC": "POZO SELECCIONADO (I Y II ETAPA ) EN LA INVESTIGACIÓN PARA CARACTERIZAR HIDROQUÍMICAMENTE DE LA ZONA \"LA LAGUNA\", DEGRADA POR CONCENTRACIONES ELEVADAS DE ARSÉNICO, MOSTRANDO UN DETERIORO EN SU CALIDAD FÍSICO-QUÍMICA.",
        "LONGITUD": -103.26892,
        "LATITUD": 25.9456,
        "CVE_ACUIF": "0523",
        "NOM_ACUIF": "PRINCIPAL-REGION LAGUNERA",
        "CT_POZO": "NO",
        "DISEÑO_PERF": "NO",
        "CORTE_LIT": "NO",
        "REG_ELEC": "NO",
        "INF_PERF": "NO",
        "REG_AFORO": "NO",
        "ANAL_AGUA": "SI",
        "CROQUIS": "SI",
        "TIPO_INF": "HIDROGEOQUÍMICO",
        "HGQ": "SI",
        "TEMP_°C": 28,
        "POT_H_s/u": 7.3,
        "CE_Us/cm": 756,
        "As_mg/L": 0.1833,
        "URL ": "https://sigagis.conagua.gob.mx/t_infbasica/INVENTARIO/05 COAHUILA DE ZARAGOZA/PDF/10_0025.pdf"
      }
    },
    {
      "type": "Feature",
      "geometry": {
        "type": "Point",
        "coordinates": [
          -103.26892,
          25.9456
        ]
      },
      "properties": {
        "CVE_LGJO": "10_0025",
        "CVE_POZO": "POZO 2654 (A1993)",
        "TIT_LGJO": "GEOHIDROLOGÍA DE LA LAGUNA, REALIZADA POR EL IMTA",
        "CVE_EDO": "05",
        "CVE_MPIO": "05009",
        "AÑO": "1993",
        "DESC": "POZO SELECCIONADO EN LA INVESTIGACIÓN PARA CARACTERIZAR HIDROQUÍMICAMENTE DE LA ZONA \"LA LAGUNA\", DEGRADA POR CONCENTRACIONES ELEVADAS DE ARSÉNICO, MOSTRANDO UN DETERIORO EN SU CALIDAD FÍSICO-QUÍMICA.",
        "LONGITUD": -103.26892,
        "LATITUD": 25.9456,
        "CVE_ACUIF": "0523",
        "NOM_ACUIF": "PRINCIPAL-REGION LAGUNERA",
        "CT_POZO": "NO",
        "DISEÑO_PERF": "NO",
        "CORTE_LIT": "NO",
        "REG_ELEC": "NO",
        "INF_PERF": "NO",
        "REG_AFORO": "NO",
        "ANAL_AGUA": "SI",
        "CROQUIS": "SI",
        "TIPO_INF": "HIDROGEOQUÍMICO",
        "HGQ": "SI",
        "TEMP_°C": 31.1,
        "POT_H_s/u": 7.65,
        "CE_Us/cm": 1840,
        "As_mg/L": 0.0795,
        "URL ": "https://sigagis.conagua.gob.mx/t_infbasica/INVENTARIO/05 COAHUILA DE ZARAGOZA/PDF/10_0025.pdf"
      }
    },
    {
      "type": "Feature",
      "geometry": {
        "type": "Point",
        "coordinates": [
          -103.66406,
          25.47384
        ]
      },
      "properties": {
        "CVE_LGJO": "10_0025",
        "CVE_POZO": "POZO 2679",
        "TIT_LGJO": "GEOHIDROLOGÍA DE LA LAGUNA, REALIZADA POR EL IMTA",
        "CVE_EDO": 10,
        "CVE_MPIO": 10012,
        "AÑO": "1993",
        "DESC": "POZO DE LA ZONA \"LA LAGUNA\".",
        "LONGITUD": -103.66406,
        "LATITUD": 25.47384,
        "CVE_ACUIF": "0523",
        "NOM_ACUIF": "PRINCIPAL-REGION LAGUNERA",
        "CT_POZO": "NO",
        "DISEÑO_PERF": "NO",
        "CORTE_LIT": "NO",
        "REG_ELEC": "NO",
        "INF_PERF": "NO",
        "REG_AFORO": "NO",
        "ANAL_AGUA": "NO",
        "CROQUIS": "SI",
        "TIPO_INF": "CROQUIS",
        "HGQ": "NO",
        "URL ": "https://sigagis.conagua.gob.mx/t_infbasica/INVENTARIO/10 DURANGO/PDF/10_0025.pdf"
      }
    },
    {
      "type": "Feature",
      "geometry": {
        "type": "Point",
        "coordinates": [
          -103.644505,
          25.715697
        ]
      },
      "properties": {
        "CVE_LGJO": "10_0025",
        "CVE_POZO": "POZO 2686",
        "TIT_LGJO": "GEOHIDROLOGÍA DE LA LAGUNA, REALIZADA POR EL IMTA",
        "CVE_EDO": 10,
        "CVE_MPIO": 10007,
        "AÑO": "1993",
        "DESC": "POZO DE LA ZONA \"LA LAGUNA\".",
        "LONGITUD": -103.644505,
        "LATITUD": 25.715697,
        "CVE_ACUIF": "0523",
        "NOM_ACUIF": "PRINCIPAL-REGION LAGUNERA",
        "CT_POZO": "NO",
        "DISEÑO_PERF": "NO",
        "CORTE_LIT": "NO",
        "REG_ELEC": "NO",
        "INF_PERF": "NO",
        "REG_AFORO": "NO",
        "ANAL_AGUA": "NO",
        "CROQUIS": "SI",
        "TIPO_INF": "CROQUIS",
        "HGQ": "NO",
        "URL ": "https://sigagis.conagua.gob.mx/t_infbasica/INVENTARIO/10 DURANGO/PDF/10_0025.pdf"
      }
    },
    {
      "type": "Feature",
      "geometry": {
        "type": "Point",
        "coordinates": [
          -103.309406,
          25.404673
        ]
      },
      "properties": {
        "CVE_LGJO": "10_0025",
        "CVE_POZO": "POZO 2734",
        "TIT_LGJO": "GEOHIDROLOGÍA DE LA LAGUNA, REALIZADA POR EL IMTA",
        "CVE_EDO": "05",
        "CVE_MPIO": "05017",
        "AÑO": "1993",
        "DESC": "POZO DE LA ZONA \"LA LAGUNA\".",
        "LONGITUD": -103.309406,
        "LATITUD": 25.404673,
        "CVE_ACUIF": "0523",
        "NOM_ACUIF": "PRINCIPAL-REGION LAGUNERA",
        "CT_POZO": "NO",
        "DISEÑO_PERF": "NO",
        "CORTE_LIT": "NO",
        "REG_ELEC": "NO",
        "INF_PERF": "NO",
        "REG_AFORO": "NO",
        "ANAL_AGUA": "NO",
        "CROQUIS": "SI",
        "TIPO_INF": "CROQUIS",
        "HGQ": "NO",
        "URL ": "https://sigagis.conagua.gob.mx/t_infbasica/INVENTARIO/05 COAHUILA DE ZARAGOZA/PDF/10_0025.pdf"
      }
    },
    {
      "type": "Feature",
      "geometry": {
        "type": "Point",
        "coordinates": [
          -103.60005,
          26.00158
        ]
      },
      "properties": {
        "CVE_LGJO": "10_0025",
        "CVE_POZO": "POZO 2755 (A1990)",
        "TIT_LGJO": "GEOHIDROLOGÍA DE LA LAGUNA (I Y II ETAPA), REALIZADA POR EL IMTA",
        "CVE_EDO": 10,
        "CVE_MPIO": 10036,
        "AÑO": "1993",
        "DESC": "POZO SELECCIONADO (I Y II ETAPA ) EN LA INVESTIGACIÓN PARA CARACTERIZAR HIDROQUÍMICAMENTE DE LA ZONA \"LA LAGUNA\", DEGRADA POR CONCENTRACIONES ELEVADAS DE ARSÉNICO, MOSTRANDO UN DETERIORO EN SU CALIDAD FÍSICO-QUÍMICA.",
        "LONGITUD": -103.60005,
        "LATITUD": 26.00158,
        "CVE_ACUIF": "0523",
        "NOM_ACUIF": "PRINCIPAL-REGION LAGUNERA",
        "CT_POZO": "NO",
        "DISEÑO_PERF": "NO",
        "CORTE_LIT": "NO",
        "REG_ELEC": "NO",
        "INF_PERF": "NO",
        "REG_AFORO": "NO",
        "ANAL_AGUA": "SI",
        "CROQUIS": "SI",
        "TIPO_INF": "HIDROGEOQUÍMICO",
        "HGQ": "SI",
        "TEMP_°C": 30,
        "POT_H_s/u": 6.5,
        "CE_Us/cm": 4930,
        "As_mg/L": 0.0232,
        "URL ": "https://sigagis.conagua.gob.mx/t_infbasica/INVENTARIO/10 DURANGO/PDF/10_0025.pdf"
      }
    },
    {
      "type": "Feature",
      "geometry": {
        "type": "Point",
        "coordinates": [
          -103.24131,
          25.31091
        ]
      },
      "properties": {
        "CVE_LGJO": "10_0025",
        "CVE_POZO": "POZO 2775 (A1993)",
        "TIT_LGJO": "GEOHIDROLOGÍA DE LA LAGUNA, REALIZADA POR EL IMTA",
        "CVE_EDO": "05",
        "CVE_MPIO": "05036",
        "AÑO": "1993",
        "DESC": "POZO SELECCIONADO EN LA INVESTIGACIÓN PARA CARACTERIZAR HIDROQUÍMICAMENTE DE LA ZONA \"LA LAGUNA\", DEGRADA POR CONCENTRACIONES ELEVADAS DE ARSÉNICO, MOSTRANDO UN DETERIORO EN SU CALIDAD FÍSICO-QUÍMICA.",
        "LONGITUD": -103.24131,
        "LATITUD": 25.31091,
        "CVE_ACUIF": "0523",
        "NOM_ACUIF": "PRINCIPAL-REGION LAGUNERA",
        "CT_POZO": "NO",
        "DISEÑO_PERF": "NO",
        "CORTE_LIT": "NO",
        "REG_ELEC": "NO",
        "INF_PERF": "NO",
        "REG_AFORO": "NO",
        "ANAL_AGUA": "SI",
        "CROQUIS": "SI",
        "TIPO_INF": "HIDROGEOQUÍMICO",
        "HGQ": "SI",
        "TEMP_°C": 28.4,
        "POT_H_s/u": 6.96,
        "CE_Us/cm": 4090,
        "As_mg/L": 0.0043,
        "URL ": "https://sigagis.conagua.gob.mx/t_infbasica/INVENTARIO/05 COAHUILA DE ZARAGOZA/PDF/10_0025.pdf"
      }
    },
    {
      "type": "Feature",
      "geometry": {
        "type": "Point",
        "coordinates": [
          -103.196212,
          25.300506
        ]
      },
      "properties": {
        "CVE_LGJO": "10_0025",
        "CVE_POZO": "POZO 2787",
        "TIT_LGJO": "GEOHIDROLOGÍA DE LA LAGUNA, REALIZADA POR EL IMTA",
        "CVE_EDO": "05",
        "CVE_MPIO": "05036",
        "AÑO": "1993",
        "DESC": "POZO DE LA ZONA \"LA LAGUNA\".",
        "LONGITUD": -103.196212,
        "LATITUD": 25.300506,
        "CVE_ACUIF": "0523",
        "NOM_ACUIF": "PRINCIPAL-REGION LAGUNERA",
        "CT_POZO": "NO",
        "DISEÑO_PERF": "NO",
        "CORTE_LIT": "NO",
        "REG_ELEC": "NO",
        "INF_PERF": "NO",
        "REG_AFORO": "NO",
        "ANAL_AGUA": "NO",
        "CROQUIS": "SI",
        "TIPO_INF": "CROQUIS",
        "HGQ": "NO",
        "URL ": "https://sigagis.conagua.gob.mx/t_infbasica/INVENTARIO/05 COAHUILA DE ZARAGOZA/PDF/10_0025.pdf"
      }
    },
    {
      "type": "Feature",
      "geometry": {
        "type": "Point",
        "coordinates": [
          -103.24897,
          25.385
        ]
      },
      "properties": {
        "CVE_LGJO": "10_0025",
        "CVE_POZO": "POZO 2812",
        "TIT_LGJO": "GEOHIDROLOGÍA DE LA LAGUNA, REALIZADA POR EL IMTA",
        "CVE_EDO": "05",
        "CVE_MPIO": "05036",
        "AÑO": "1993",
        "DESC": "POZO DE LA ZONA \"LA LAGUNA\".",
        "LONGITUD": -103.24897,
        "LATITUD": 25.385,
        "CVE_ACUIF": "0523",
        "NOM_ACUIF": "PRINCIPAL-REGION LAGUNERA",
        "CT_POZO": "NO",
        "DISEÑO_PERF": "NO",
        "CORTE_LIT": "NO",
        "REG_ELEC": "NO",
        "INF_PERF": "NO",
        "REG_AFORO": "NO",
        "ANAL_AGUA": "NO",
        "CROQUIS": "SI",
        "TIPO_INF": "CROQUIS",
        "HGQ": "NO",
        "URL ": "https://sigagis.conagua.gob.mx/t_infbasica/INVENTARIO/05 COAHUILA DE ZARAGOZA/PDF/10_0025.pdf"
      }
    },
    {
      "type": "Feature",
      "geometry": {
        "type": "Point",
        "coordinates": [
          -103.14118,
          25.96589
        ]
      },
      "properties": {
        "CVE_LGJO": "10_0025",
        "CVE_POZO": "POZO 2819",
        "TIT_LGJO": "GEOHIDROLOGÍA DE LA LAGUNA, REALIZADA POR EL IMTA",
        "CVE_EDO": "05",
        "CVE_MPIO": "05033",
        "AÑO": "1993",
        "DESC": "POZO DE LA ZONA \"LA LAGUNA\".",
        "LONGITUD": -103.14118,
        "LATITUD": 25.96589,
        "CVE_ACUIF": "0523",
        "NOM_ACUIF": "PRINCIPAL-REGION LAGUNERA",
        "CT_POZO": "NO",
        "DISEÑO_PERF": "NO",
        "CORTE_LIT": "NO",
        "REG_ELEC": "NO",
        "INF_PERF": "NO",
        "REG_AFORO": "NO",
        "ANAL_AGUA": "NO",
        "CROQUIS": "SI",
        "TIPO_INF": "CROQUIS",
        "HGQ": "NO",
        "URL ": "https://sigagis.conagua.gob.mx/t_infbasica/INVENTARIO/05 COAHUILA DE ZARAGOZA/PDF/10_0025.pdf"
      }
    },
    {
      "type": "Feature",
      "geometry": {
        "type": "Point",
        "coordinates": [
          -103.46059,
          25.94097
        ]
      },
      "properties": {
        "CVE_LGJO": "10_0025",
        "CVE_POZO": "POZO 2910",
        "TIT_LGJO": "GEOHIDROLOGÍA DE LA LAGUNA, REALIZADA POR EL IMTA",
        "CVE_EDO": 10,
        "CVE_MPIO": 10036,
        "AÑO": "1993",
        "DESC": "POZO DE LA ZONA \"LA LAGUNA\".",
        "LONGITUD": -103.46059,
        "LATITUD": 25.94097,
        "CVE_ACUIF": "0523",
        "NOM_ACUIF": "PRINCIPAL-REGION LAGUNERA",
        "CT_POZO": "NO",
        "DISEÑO_PERF": "NO",
        "CORTE_LIT": "NO",
        "REG_ELEC": "NO",
        "INF_PERF": "NO",
        "REG_AFORO": "NO",
        "ANAL_AGUA": "NO",
        "CROQUIS": "SI",
        "TIPO_INF": "CROQUIS",
        "HGQ": "NO",
        "URL ": "https://sigagis.conagua.gob.mx/t_infbasica/INVENTARIO/10 DURANGO/PDF/10_0025.pdf"
      }
    },
    {
      "type": "Feature",
      "geometry": {
        "type": "Point",
        "coordinates": [
          -103.52596,
          25.91099
        ]
      },
      "properties": {
        "CVE_LGJO": "10_0025",
        "CVE_POZO": "POZO 2984",
        "TIT_LGJO": "GEOHIDROLOGÍA DE LA LAGUNA, REALIZADA POR EL IMTA",
        "CVE_EDO": 10,
        "CVE_MPIO": 10036,
        "AÑO": "1993",
        "DESC": "POZO DE LA ZONA \"LA LAGUNA\".",
        "LONGITUD": -103.52596,
        "LATITUD": 25.91099,
        "CVE_ACUIF": "0523",
        "NOM_ACUIF": "PRINCIPAL-REGION LAGUNERA",
        "CT_POZO": "NO",
        "DISEÑO_PERF": "NO",
        "CORTE_LIT": "NO",
        "REG_ELEC": "NO",
        "INF_PERF": "NO",
        "REG_AFORO": "NO",
        "ANAL_AGUA": "NO",
        "CROQUIS": "SI",
        "TIPO_INF": "CROQUIS",
        "HGQ": "NO",
        "URL ": "https://sigagis.conagua.gob.mx/t_infbasica/INVENTARIO/10 DURANGO/PDF/10_0025.pdf"
      }
    },
    {
      "type": "Feature",
      "geometry": {
        "type": "Point",
        "coordinates": [
          -103.37935,
          26.00939
        ]
      },
      "properties": {
        "CVE_LGJO": "10_0025",
        "CVE_POZO": "POZO 3035",
        "TIT_LGJO": "GEOHIDROLOGÍA DE LA LAGUNA, REALIZADA POR EL IMTA",
        "CVE_EDO": 10,
        "CVE_MPIO": 10036,
        "AÑO": "1993",
        "DESC": "POZO DE LA ZONA \"LA LAGUNA\".",
        "LONGITUD": -103.37935,
        "LATITUD": 26.00939,
        "CVE_ACUIF": "0523",
        "NOM_ACUIF": "PRINCIPAL-REGION LAGUNERA",
        "CT_POZO": "NO",
        "DISEÑO_PERF": "NO",
        "CORTE_LIT": "NO",
        "REG_ELEC": "NO",
        "INF_PERF": "NO",
        "REG_AFORO": "NO",
        "ANAL_AGUA": "NO",
        "CROQUIS": "SI",
        "TIPO_INF": "CROQUIS",
        "HGQ": "NO",
        "URL ": "https://sigagis.conagua.gob.mx/t_infbasica/INVENTARIO/10 DURANGO/PDF/10_0025.pdf"
      }
    },
    {
      "type": "Feature",
      "geometry": {
        "type": "Point",
        "coordinates": [
          -103.04447,
          25.36687
        ]
      },
      "properties": {
        "CVE_LGJO": "10_0025",
        "CVE_POZO": "POZO 3054",
        "TIT_LGJO": "GEOHIDROLOGÍA DE LA LAGUNA, REALIZADA POR EL IMTA",
        "CVE_EDO": "05",
        "CVE_MPIO": "05036",
        "AÑO": "1993",
        "DESC": "POZO DE LA ZONA \"LA LAGUNA\".",
        "LONGITUD": -103.04447,
        "LATITUD": 25.36687,
        "CVE_ACUIF": "0523",
        "NOM_ACUIF": "PRINCIPAL-REGION LAGUNERA",
        "CT_POZO": "NO",
        "DISEÑO_PERF": "NO",
        "CORTE_LIT": "NO",
        "REG_ELEC": "NO",
        "INF_PERF": "NO",
        "REG_AFORO": "NO",
        "ANAL_AGUA": "NO",
        "CROQUIS": "SI",
        "TIPO_INF": "CROQUIS",
        "HGQ": "NO",
        "URL ": "https://sigagis.conagua.gob.mx/t_infbasica/INVENTARIO/05 COAHUILA DE ZARAGOZA/PDF/10_0025.pdf"
      }
    },
    {
      "type": "Feature",
      "geometry": {
        "type": "Point",
        "coordinates": [
          -102.88291,
          25.49337
        ]
      },
      "properties": {
        "CVE_LGJO": "10_0025",
        "CVE_POZO": "POZO 3089",
        "TIT_LGJO": "GEOHIDROLOGÍA DE LA LAGUNA, REALIZADA POR EL IMTA",
        "CVE_EDO": "05",
        "CVE_MPIO": "05036",
        "AÑO": "1993",
        "DESC": "POZO DE LA ZONA \"LA LAGUNA\".",
        "LONGITUD": -102.88291,
        "LATITUD": 25.49337,
        "CVE_ACUIF": "0523",
        "NOM_ACUIF": "PRINCIPAL-REGION LAGUNERA",
        "CT_POZO": "NO",
        "DISEÑO_PERF": "NO",
        "CORTE_LIT": "NO",
        "REG_ELEC": "NO",
        "INF_PERF": "NO",
        "REG_AFORO": "NO",
        "ANAL_AGUA": "NO",
        "CROQUIS": "SI",
        "TIPO_INF": "CROQUIS",
        "HGQ": "NO",
        "URL ": "https://sigagis.conagua.gob.mx/t_infbasica/INVENTARIO/05 COAHUILA DE ZARAGOZA/PDF/10_0025.pdf"
      }
    },
    {
      "type": "Feature",
      "geometry": {
        "type": "Point",
        "coordinates": [
          -103.448602,
          25.564129
        ]
      },
      "properties": {
        "CVE_LGJO": "10_0025",
        "CVE_POZO": "POZO 3143",
        "TIT_LGJO": "GEOHIDROLOGÍA DE LA LAGUNA, REALIZADA POR EL IMTA",
        "CVE_EDO": "05",
        "CVE_MPIO": "05035",
        "AÑO": "1993",
        "DESC": "POZO DE LA ZONA \"LA LAGUNA\".",
        "LONGITUD": -103.448602,
        "LATITUD": 25.564129,
        "CVE_ACUIF": "0523",
        "NOM_ACUIF": "PRINCIPAL-REGION LAGUNERA",
        "CT_POZO": "NO",
        "DISEÑO_PERF": "NO",
        "CORTE_LIT": "NO",
        "REG_ELEC": "NO",
        "INF_PERF": "NO",
        "REG_AFORO": "NO",
        "ANAL_AGUA": "NO",
        "CROQUIS": "SI",
        "TIPO_INF": "CROQUIS",
        "HGQ": "NO",
        "URL ": "https://sigagis.conagua.gob.mx/t_infbasica/INVENTARIO/05 COAHUILA DE ZARAGOZA/PDF/10_0025.pdf"
      }
    },
    {
      "type": "Feature",
      "geometry": {
        "type": "Point",
        "coordinates": [
          -103.56862,
          25.5271
        ]
      },
      "properties": {
        "CVE_LGJO": "10_0025",
        "CVE_POZO": "POZO 3252",
        "TIT_LGJO": "GEOHIDROLOGÍA DE LA LAGUNA, REALIZADA POR EL IMTA",
        "CVE_EDO": 10,
        "CVE_MPIO": 10012,
        "AÑO": "1993",
        "DESC": "POZO DE LA ZONA \"LA LAGUNA\".",
        "LONGITUD": -103.56862,
        "LATITUD": 25.5271,
        "CVE_ACUIF": "0523",
        "NOM_ACUIF": "PRINCIPAL-REGION LAGUNERA",
        "CT_POZO": "NO",
        "DISEÑO_PERF": "NO",
        "CORTE_LIT": "NO",
        "REG_ELEC": "NO",
        "INF_PERF": "NO",
        "REG_AFORO": "NO",
        "ANAL_AGUA": "NO",
        "CROQUIS": "SI",
        "TIPO_INF": "CROQUIS",
        "HGQ": "NO",
        "URL ": "https://sigagis.conagua.gob.mx/t_infbasica/INVENTARIO/10 DURANGO/PDF/10_0025.pdf"
      }
    },
    {
      "type": "Feature",
      "geometry": {
        "type": "Point",
        "coordinates": [
          -103.51511,
          25.5058
        ]
      },
      "properties": {
        "CVE_LGJO": "10_0025",
        "CVE_POZO": "POZO 3345",
        "TIT_LGJO": "GEOHIDROLOGÍA DE LA LAGUNA, REALIZADA POR EL IMTA",
        "CVE_EDO": 10,
        "CVE_MPIO": 10012,
        "AÑO": "1993",
        "DESC": "POZO DE LA ZONA \"LA LAGUNA\".",
        "LONGITUD": -103.51511,
        "LATITUD": 25.5058,
        "CVE_ACUIF": "0523",
        "NOM_ACUIF": "PRINCIPAL-REGION LAGUNERA",
        "CT_POZO": "NO",
        "DISEÑO_PERF": "NO",
        "CORTE_LIT": "NO",
        "REG_ELEC": "NO",
        "INF_PERF": "NO",
        "REG_AFORO": "NO",
        "ANAL_AGUA": "NO",
        "CROQUIS": "SI",
        "TIPO_INF": "CROQUIS",
        "HGQ": "NO",
        "URL ": "https://sigagis.conagua.gob.mx/t_infbasica/INVENTARIO/10 DURANGO/PDF/10_0025.pdf"
      }
    },
    {
      "type": "Feature",
      "geometry": {
        "type": "Point",
        "coordinates": [
          -103.51376,
          25.52706
        ]
      },
      "properties": {
        "CVE_LGJO": "10_0025",
        "CVE_POZO": "POZO 3383",
        "TIT_LGJO": "GEOHIDROLOGÍA DE LA LAGUNA, REALIZADA POR EL IMTA",
        "CVE_EDO": 10,
        "CVE_MPIO": 10012,
        "AÑO": "1993",
        "DESC": "POZO DE LA ZONA \"LA LAGUNA\".",
        "LONGITUD": -103.51376,
        "LATITUD": 25.52706,
        "CVE_ACUIF": "0523",
        "NOM_ACUIF": "PRINCIPAL-REGION LAGUNERA",
        "CT_POZO": "NO",
        "DISEÑO_PERF": "NO",
        "CORTE_LIT": "NO",
        "REG_ELEC": "NO",
        "INF_PERF": "NO",
        "REG_AFORO": "NO",
        "ANAL_AGUA": "NO",
        "CROQUIS": "SI",
        "TIPO_INF": "CROQUIS",
        "HGQ": "NO",
        "URL ": "https://sigagis.conagua.gob.mx/t_infbasica/INVENTARIO/10 DURANGO/PDF/10_0025.pdf"
      }
    },
    {
      "type": "Feature",
      "geometry": {
        "type": "Point",
        "coordinates": [
          -103.41497,
          25.54339
        ]
      },
      "properties": {
        "CVE_LGJO": "10_0025",
        "CVE_POZO": "POZO 3775",
        "TIT_LGJO": "GEOHIDROLOGÍA DE LA LAGUNA, REALIZADA POR EL IMTA",
        "CVE_EDO": "05",
        "CVE_MPIO": "05035",
        "AÑO": "1993",
        "DESC": "POZO DE LA ZONA \"LA LAGUNA\".",
        "LONGITUD": -103.41497,
        "LATITUD": 25.54339,
        "CVE_ACUIF": "0523",
        "NOM_ACUIF": "PRINCIPAL-REGION LAGUNERA",
        "CT_POZO": "NO",
        "DISEÑO_PERF": "NO",
        "CORTE_LIT": "NO",
        "REG_ELEC": "NO",
        "INF_PERF": "NO",
        "REG_AFORO": "NO",
        "ANAL_AGUA": "NO",
        "CROQUIS": "SI",
        "TIPO_INF": "CROQUIS",
        "HGQ": "NO",
        "URL ": "https://sigagis.conagua.gob.mx/t_infbasica/INVENTARIO/05 COAHUILA DE ZARAGOZA/PDF/10_0025.pdf"
      }
    }
  ]
}