{"type":"FeatureCollection","features":[{"type":"Feature","geometry":{"type":"Point","coordinates":[-103.37356,26.046618000000002]},"properties":{"CVE_LGJO":"10_0001","CVE_POZO":"POZO 1339","NOMB_POZO":null,"TIT_LGJO":"LEÓN   COAHUILA-DURANGO","CVE_EDO":10,"CVE_MPIO":10036.0,"AÑO":1962,"DESC":"REGISTRO ELÉCTRICO DEL POZO 1339, PROPIEDAD DEL SR. ENRIQUE ALONSO FERNÁNDEZ, MPIO. DE TLAHUALILO, ESTADO DE DURANGO","DATUMG":null,"CVE_ACUIF":523,"NOM_ACUIF":"PRINCIPAL-REGION LAGUNERA","CT_POZO":"NO","DISEÑO_PERF":"NO","CORTE_LIT":"SI","REG_ELEC":"SI","INF_PERF":"NO","REG_AFORO":"NO","ANAL_AGUA":"NO","CROQUIS":"NO","TIPO_INF":"HIDROGEOLÓGICA","PROF_TOT_m":180.14,"PROF_REG_m":154.0,"HGQ":"NO","F_INICIO":null,"F_FINAL":"1962-06-25","NE_M":null,"ND_M":null,"ALTITUD_msnm":null,"Q_LPS":null,"Ca":null,"Mg":null,"Na":null,"Cl":null,"SO4":null,"HCO3":null,"STD_ppm":null,"LONG_COL_m":null,"ADEME_pulg":null,"TEMP_°C":null,"POT_H_s/u":null,"CE_Us/cm":null,"As_mg/L":null,"URL":"https://sigagis.conagua.gob.mx/t_infbasica/INVENTARIO/10 DURANGO/PDF/10_0001.pdf","CVE_EDO_STR":"10","NOM_EDO_OFICIAL":"DURANGO","CVE_ACUIF_STR":"0523","NOM_ACUIF_OFICIAL":"PRINCIPAL-REGIÓN LAGUNERA","ACUIF_ENCONTRADO":true}},{"type":"Feature","geometry":{"type":"Point","coordinates":[-103.635615,25.881271666666667]},"properties":{"CVE_LGJO":"10_0002","CVE_POZO":"POZO 1957","NOMB_POZO":null,"TIT_LGJO":"EJIDO BERMEJILLO SECC.1  COAHUILA-DURANGO","CVE_EDO":10,"CVE_MPIO":10013.0,"AÑO":1963,"DESC":"REGISTRO ELÉCTRICO.","DATUMG":null,"CVE_ACUIF":523,"NOM_ACUIF":"PRINCIPAL-REGION LAGUNERA","CT_POZO":"NO","DISEÑO_PERF":"NO","CORTE_LIT":"SI","REG_ELEC":"SI","INF_PERF":"NO","REG_AFORO":"NO","ANAL_AGUA":"NO","CROQUIS":"NO","TIPO_INF":"HIDROGEOLÓGICA","PROF_TOT_m":306.32,"PROF_REG_m":298.0,"HGQ":"NO","F_INICIO":null,"F_FINAL":"1963-04-24","NE_M":null,"ND_M":null,"ALTITUD_msnm":null,"Q_LPS":null,"Ca":null,"Mg":null,"Na":null,"Cl":null,"SO4":null,"HCO3":null,"STD_ppm":null,"LONG_COL_m":null,"ADEME_pulg":null,"TEMP_°C":null,"POT_H_s/u":null,"CE_Us/cm":null,"As_mg/L":null,"URL":"https://sigagis.conagua.gob.mx/t_infbasica/INVENTARIO/10 DURANGO/PDF/10_0002.pdf","CVE_EDO_STR":"10","NOM_EDO_OFICIAL":"DURANGO","CVE_ACUIF_STR":"0523","NOM_ACUIF_OFICIAL":"PRINCIPAL-REGIÓN LAGUNERA","ACUIF_ENCONTRADO":true}},{"type":"Feature","geometry":{"type":"Point","coordinates":[-103.535275,25.694321666666667]},"properties":{"CVE_LGJO":"10_0003","CVE_POZO":"POZO 1331","NOMB_POZO":null,"TIT_LGJO":"EJIDO EL JUNCO   COAHUILA-DURANGO","CVE_EDO":10,"CVE_MPIO":10007.0,"AÑO":1964,"DESC":"REGISTRO ELÉCTRICO.","DATUMG":null,"CVE_ACUIF":523,"NOM_ACUIF":"PRINCIPAL-REGION LAGUNERA","CT_POZO":"NO","DISEÑO_PERF":"NO","CORTE_LIT":"SI","REG_ELEC":"SI","INF_PERF":"NO","REG_AFORO":"NO","ANAL_AGUA":"NO","CROQUIS":"NO","TIPO_INF":"HIDROGEOLÓGICA","PROF_TOT_m":304.8,"PROF_REG_m":304.7,"HGQ":"NO ","F_INICIO":"1964-09-29","F_FINAL":"1964-10-01","NE_M":null,"ND_M":null,"ALTITUD_msnm":null,"Q_LPS":null,"Ca":null,"Mg":null,"Na":null,"Cl":null,"SO4":null,"HCO3":null,"STD_ppm":null,"LONG_COL_m":null,"ADEME_pulg":null,"TEMP_°C":null,"POT_H_s/u":null,"CE_Us/cm":null,"As_mg/L":null,"URL":"https://sigagis.conagua.gob.mx/t_infbasica/INVENTARIO/10 DURANGO/PDF/10_0003.pdf","CVE_EDO_STR":"10","NOM_EDO_OFICIAL":"DURANGO","CVE_ACUIF_STR":"0523","NOM_ACUIF_OFICIAL":"PRINCIPAL-REGIÓN LAGUNERA","ACUIF_ENCONTRADO":true}},{"type":"Feature","geometry":{"type":"Point","coordinates":[-102.8611111111111,25.482777777777777]},"properties":{"CVE_LGJO":"10_0012","CVE_POZO":"SIN ID","NOMB_POZO":null,"TIT_LGJO":"AREA DE VIESCA  COAHUILA-DURANGO","CVE_EDO":10,"CVE_MPIO":5036.0,"AÑO":1977,"DESC":"ESTUDIO GEOHIDROLÓGICO DE LA ZONA.","DATUMG":null,"CVE_ACUIF":523,"NOM_ACUIF":"PRINCIPAL-REGION LAGUNERA","CT_POZO":"NO","DISEÑO_PERF":"NO","CORTE_LIT":"NO","REG_ELEC":"NO","INF_PERF":"NO","REG_AFORO":"NO","ANAL_AGUA":"NO","CROQUIS":"SI","TIPO_INF":"CROQUIS","PROF_TOT_m":147.0,"PROF_REG_m":null,"HGQ":"NO ","F_INICIO":null,"F_FINAL":"1977-03-14","NE_M":null,"ND_M":null,"ALTITUD_msnm":1500.0,"Q_LPS":null,"Ca":null,"Mg":null,"Na":null,"Cl":null,"SO4":null,"HCO3":null,"STD_ppm":2000.0,"LONG_COL_m":null,"ADEME_pulg":null,"TEMP_°C":null,"POT_H_s/u":null,"CE_Us/cm":null,"As_mg/L":null,"URL":"https://sigagis.conagua.gob.mx/t_infbasica/INVENTARIO/10 DURANGO/PDF/10_0012.pdf","CVE_EDO_STR":"10","NOM_EDO_OFICIAL":"DURANGO","CVE_ACUIF_STR":"0523","NOM_ACUIF_OFICIAL":"PRINCIPAL-REGIÓN LAGUNERA","ACUIF_ENCONTRADO":true}},{"type":"Feature","geometry":{"type":"Point","coordinates":[-102.98141944444444,25.311061111111112]},"properties":{"CVE_LGJO":"10_0015","CVE_POZO":"10-V.CARRANZA (SIN CLAVE)","NOMB_POZO":null,"TIT_LGJO":"ISÓTOPOS AMBIENTALES   COAHUILA-DURANGO","CVE_EDO":10,"CVE_MPIO":5036.0,"AÑO":1978,"DESC":"ESTUDIO DE ACUÍFEROS EN CALIZAS Y RELLENOS.","DATUMG":null,"CVE_ACUIF":532,"NOM_ACUIF":"PRINCIPAL-REGION LAGUNERA","CT_POZO":"NO","DISEÑO_PERF":"NO","CORTE_LIT":"NO","REG_ELEC":"NO","INF_PERF":"NO","REG_AFORO":"NO","ANAL_AGUA":"SI","CROQUIS":"SI","TIPO_INF":"HIDROGEOQUÍMICO","PROF_TOT_m":null,"PROF_REG_m":null,"HGQ":"SI","F_INICIO":null,"F_FINAL":null,"NE_M":32.32,"ND_M":null,"ALTITUD_msnm":1107.94,"Q_LPS":null,"Ca":68.0,"Mg":28.0,"Na":49.0,"Cl":42.0,"SO4":91.0,"HCO3":292.0,"STD_ppm":570.0,"LONG_COL_m":null,"ADEME_pulg":null,"TEMP_°C":null,"POT_H_s/u":7.32,"CE_Us/cm":null,"As_mg/L":null,"URL":"https://sigagis.conagua.gob.mx/t_infbasica/INVENTARIO/10 DURANGO/PDF/10_0015.pdf","CVE_EDO_STR":"10","NOM_EDO_OFICIAL":"DURANGO","CVE_ACUIF_STR":"0532","NOM_ACUIF_OFICIAL":"PRINCIPAL-REGION LAGUNERA","ACUIF_ENCONTRADO":false}},{"type":"Feature","geometry":{"type":"Point","coordinates":[-102.977,25.333499999999997]},"properties":{"CVE_LGJO":"10_0015","CVE_POZO":"11-V.CARRANZA (2899)","NOMB_POZO":null,"TIT_LGJO":"ISÓTOPOS AMBIENTALES   COAHUILA-DURANGO","CVE_EDO":10,"CVE_MPIO":5036.0,"AÑO":1978,"DESC":"ESTUDIO DE ACUÍFEROS EN CALIZAS Y RELLENOS.","DATUMG":null,"CVE_ACUIF":533,"NOM_ACUIF":"PRINCIPAL-REGION LAGUNERA","CT_POZO":"NO","DISEÑO_PERF":"NO","CORTE_LIT":"NO","REG_ELEC":"NO","INF_PERF":"NO","REG_AFORO":"NO","ANAL_AGUA":"SI","CROQUIS":"SI","TIPO_INF":"HIDROGEOQUÍMICO","PROF_TOT_m":null,"PROF_REG_m":null,"HGQ":"SI","F_INICIO":null,"F_FINAL":null,"NE_M":null,"ND_M":null,"ALTITUD_msnm":1101.58,"Q_LPS":10.0,"Ca":86.0,"Mg":35.0,"Na":41.0,"Cl":42.0,"SO4":130.0,"HCO3":311.0,"STD_ppm":645.0,"LONG_COL_m":null,"ADEME_pulg":null,"TEMP_°C":null,"POT_H_s/u":7.42,"CE_Us/cm":null,"As_mg/L":null,"URL":"https://sigagis.conagua.gob.mx/t_infbasica/INVENTARIO/10 DURANGO/PDF/10_0015.pdf","CVE_EDO_STR":"10","NOM_EDO_OFICIAL":"DURANGO","CVE_ACUIF_STR":"0533","NOM_ACUIF_OFICIAL":"PRINCIPAL-REGION LAGUNERA","ACUIF_ENCONTRADO":false}},{"type":"Feature","geometry":{"type":"Point","coordinates":[-102.95406944444444,25.72911111111111]},"properties":{"CVE_LGJO":"10_0015","CVE_POZO":"12-EL NILO (SIN CLAVE)","NOMB_POZO":null,"TIT_LGJO":"ISÓTOPOS AMBIENTALES   COAHUILA-DURANGO","CVE_EDO":10,"CVE_MPIO":5033.0,"AÑO":1978,"DESC":"ESTUDIO DE ACUÍFEROS EN CALIZAS Y RELLENOS.","DATUMG":null,"CVE_ACUIF":534,"NOM_ACUIF":"PRINCIPAL-REGION LAGUNERA","CT_POZO":"NO","DISEÑO_PERF":"NO","CORTE_LIT":"NO","REG_ELEC":"NO","INF_PERF":"NO","REG_AFORO":"NO","ANAL_AGUA":"SI","CROQUIS":"SI","TIPO_INF":"HIDROGEOQUÍMICO","PROF_TOT_m":null,"PROF_REG_m":null,"HGQ":"SI","F_INICIO":null,"F_FINAL":null,"NE_M":3.52,"ND_M":null,"ALTITUD_msnm":1098.0,"Q_LPS":null,"Ca":186.0,"Mg":8.0,"Na":115.0,"Cl":54.0,"SO4":300.0,"HCO3":439.0,"STD_ppm":1102.0,"LONG_COL_m":null,"ADEME_pulg":null,"TEMP_°C":null,"POT_H_s/u":7.32,"CE_Us/cm":null,"As_mg/L":null,"URL":"https://sigagis.conagua.gob.mx/t_infbasica/INVENTARIO/10 DURANGO/PDF/10_0015.pdf","CVE_EDO_STR":"10","NOM_EDO_OFICIAL":"DURANGO","CVE_ACUIF_STR":"0534","NOM_ACUIF_OFICIAL":"PRINCIPAL-REGION LAGUNERA","ACUIF_ENCONTRADO":false}},{"type":"Feature","geometry":{"type":"Point","coordinates":[-103.71825,25.842880555555553]},"properties":{"CVE_LGJO":"10_0015","CVE_POZO":"13-SANTA RITA (2912)","NOMB_POZO":null,"TIT_LGJO":"ISÓTOPOS AMBIENTALES   COAHUILA-DURANGO","CVE_EDO":10,"CVE_MPIO":10013.0,"AÑO":1978,"DESC":"ESTUDIO DE ACUÍFEROS EN CALIZAS Y RELLENOS.","DATUMG":null,"CVE_ACUIF":535,"NOM_ACUIF":"PRINCIPAL-REGION LAGUNERA","CT_POZO":"NO","DISEÑO_PERF":"NO","CORTE_LIT":"NO","REG_ELEC":"NO","INF_PERF":"NO","REG_AFORO":"NO","ANAL_AGUA":"SI","CROQUIS":"SI","TIPO_INF":"HIDROGEOQUÍMICO","PROF_TOT_m":null,"PROF_REG_m":null,"HGQ":"SI","F_INICIO":null,"F_FINAL":null,"NE_M":42.35,"ND_M":null,"ALTITUD_msnm":1170.92,"Q_LPS":10.0,"Ca":208.0,"Mg":49.0,"Na":0.0,"Cl":106.0,"SO4":240.0,"HCO3":356.0,"STD_ppm":959.0,"LONG_COL_m":null,"ADEME_pulg":null,"TEMP_°C":null,"POT_H_s/u":7.36,"CE_Us/cm":null,"As_mg/L":null,"URL":"https://sigagis.conagua.gob.mx/t_infbasica/INVENTARIO/10 DURANGO/PDF/10_0015.pdf","CVE_EDO_STR":"10","NOM_EDO_OFICIAL":"DURANGO","CVE_ACUIF_STR":"0535","NOM_ACUIF_OFICIAL":"PRINCIPAL-REGION LAGUNERA","ACUIF_ENCONTRADO":false}},{"type":"Feature","geometry":{"type":"Point","coordinates":[-103.71278055555555,25.825319444444442]},"properties":{"CVE_LGJO":"10_0015","CVE_POZO":"14-SAN JORGE (2907)","NOMB_POZO":null,"TIT_LGJO":"ISÓTOPOS AMBIENTALES   COAHUILA-DURANGO","CVE_EDO":10,"CVE_MPIO":10013.0,"AÑO":1978,"DESC":"ESTUDIO DE ACUÍFEROS EN CALIZAS Y RELLENOS.","DATUMG":null,"CVE_ACUIF":536,"NOM_ACUIF":"PRINCIPAL-REGION LAGUNERA","CT_POZO":"NO","DISEÑO_PERF":"NO","CORTE_LIT":"NO","REG_ELEC":"NO","INF_PERF":"NO","REG_AFORO":"NO","ANAL_AGUA":"SI","CROQUIS":"SI","TIPO_INF":"HIDROGEOQUÍMICO","PROF_TOT_m":null,"PROF_REG_m":null,"HGQ":"SI","F_INICIO":null,"F_FINAL":null,"NE_M":64.8,"ND_M":null,"ALTITUD_msnm":1176.92,"Q_LPS":6.0,"Ca":88.0,"Mg":48.0,"Na":56.0,"Cl":35.0,"SO4":184.0,"HCO3":366.0,"STD_ppm":777.0,"LONG_COL_m":null,"ADEME_pulg":null,"TEMP_°C":null,"POT_H_s/u":7.37,"CE_Us/cm":null,"As_mg/L":null,"URL":"https://sigagis.conagua.gob.mx/t_infbasica/INVENTARIO/10 DURANGO/PDF/10_0015.pdf","CVE_EDO_STR":"10","NOM_EDO_OFICIAL":"DURANGO","CVE_ACUIF_STR":"0536","NOM_ACUIF_OFICIAL":"PRINCIPAL-REGION LAGUNERA","ACUIF_ENCONTRADO":false}},{"type":"Feature","geometry":{"type":"Point","coordinates":[-103.7291,25.799261111111115]},"properties":{"CVE_LGJO":"10_0015","CVE_POZO":"15-EL SUSPIRO (2911)","NOMB_POZO":null,"TIT_LGJO":"ISÓTOPOS AMBIENTALES   COAHUILA-DURANGO","CVE_EDO":10,"CVE_MPIO":10013.0,"AÑO":1978,"DESC":"ESTUDIO DE ACUÍFEROS EN CALIZAS Y RELLENOS.","DATUMG":null,"CVE_ACUIF":537,"NOM_ACUIF":"PRINCIPAL-REGION LAGUNERA","CT_POZO":"NO","DISEÑO_PERF":"NO","CORTE_LIT":"NO","REG_ELEC":"NO","INF_PERF":"NO","REG_AFORO":"NO","ANAL_AGUA":"SI","CROQUIS":"SI","TIPO_INF":"HIDROGEOQUÍMICO","PROF_TOT_m":null,"PROF_REG_m":null,"HGQ":"SI","F_INICIO":null,"F_FINAL":null,"NE_M":55.41,"ND_M":null,"ALTITUD_msnm":1233.77,"Q_LPS":10.0,"Ca":80.0,"Mg":19.0,"Na":50.0,"Cl":33.0,"SO4":75.0,"HCO3":322.0,"STD_ppm":579.0,"LONG_COL_m":null,"ADEME_pulg":null,"TEMP_°C":null,"POT_H_s/u":7.43,"CE_Us/cm":null,"As_mg/L":null,"URL":"https://sigagis.conagua.gob.mx/t_infbasica/INVENTARIO/10 DURANGO/PDF/10_0015.pdf","CVE_EDO_STR":"10","NOM_EDO_OFICIAL":"DURANGO","CVE_ACUIF_STR":"0537","NOM_ACUIF_OFICIAL":"PRINCIPAL-REGION LAGUNERA","ACUIF_ENCONTRADO":false}},{"type":"Feature","geometry":{"type":"Point","coordinates":[-103.8074,25.666530555555553]},"properties":{"CVE_LGJO":"10_0015","CVE_POZO":"16-JACALES (SIN CLAVE)","NOMB_POZO":null,"TIT_LGJO":"ISÓTOPOS AMBIENTALES   COAHUILA-DURANGO","CVE_EDO":10,"CVE_MPIO":10012.0,"AÑO":1978,"DESC":"ESTUDIO DE ACUÍFEROS EN CALIZAS Y RELLENOS.","DATUMG":null,"CVE_ACUIF":538,"NOM_ACUIF":"PRINCIPAL-REGION LAGUNERA","CT_POZO":"NO","DISEÑO_PERF":"NO","CORTE_LIT":"NO","REG_ELEC":"NO","INF_PERF":"NO","REG_AFORO":"NO","ANAL_AGUA":"SI","CROQUIS":"SI","TIPO_INF":"HIDROGEOQUÍMICO","PROF_TOT_m":null,"PROF_REG_m":null,"HGQ":"SI","F_INICIO":null,"F_FINAL":null,"NE_M":35.25,"ND_M":null,"ALTITUD_msnm":1324.98,"Q_LPS":null,"Ca":130.0,"Mg":23.0,"Na":4.0,"Cl":39.0,"SO4":50.0,"HCO3":393.0,"STD_ppm":639.0,"LONG_COL_m":null,"ADEME_pulg":null,"TEMP_°C":null,"POT_H_s/u":7.22,"CE_Us/cm":null,"As_mg/L":null,"URL":"https://sigagis.conagua.gob.mx/t_infbasica/INVENTARIO/10 DURANGO/PDF/10_0015.pdf","CVE_EDO_STR":"10","NOM_EDO_OFICIAL":"DURANGO","CVE_ACUIF_STR":"0538","NOM_ACUIF_OFICIAL":"PRINCIPAL-REGION LAGUNERA","ACUIF_ENCONTRADO":false}},{"type":"Feature","geometry":{"type":"Point","coordinates":[-103.70181944444445,25.578780555555554]},"properties":{"CVE_LGJO":"10_0015","CVE_POZO":"17-LA SIETE (2610)","NOMB_POZO":null,"TIT_LGJO":"ISÓTOPOS AMBIENTALES   COAHUILA-DURANGO","CVE_EDO":10,"CVE_MPIO":10012.0,"AÑO":1978,"DESC":"ESTUDIO DE ACUÍFEROS EN CALIZAS Y RELLENOS.","DATUMG":null,"CVE_ACUIF":539,"NOM_ACUIF":"PRINCIPAL-REGION LAGUNERA","CT_POZO":"NO","DISEÑO_PERF":"NO","CORTE_LIT":"NO","REG_ELEC":"NO","INF_PERF":"NO","REG_AFORO":"NO","ANAL_AGUA":"SI","CROQUIS":"SI","TIPO_INF":"HIDROGEOQUÍMICO","PROF_TOT_m":null,"PROF_REG_m":null,"HGQ":"SI","F_INICIO":null,"F_FINAL":null,"NE_M":76.59,"ND_M":null,"ALTITUD_msnm":1218.08,"Q_LPS":21.0,"Ca":166.0,"Mg":20.0,"Na":0.0,"Cl":67.0,"SO4":150.0,"HCO3":285.0,"STD_ppm":688.0,"LONG_COL_m":null,"ADEME_pulg":null,"TEMP_°C":null,"POT_H_s/u":7.2,"CE_Us/cm":null,"As_mg/L":null,"URL":"https://sigagis.conagua.gob.mx/t_infbasica/INVENTARIO/10 DURANGO/PDF/10_0015.pdf","CVE_EDO_STR":"10","NOM_EDO_OFICIAL":"DURANGO","CVE_ACUIF_STR":"0539","NOM_ACUIF_OFICIAL":"PRINCIPAL-REGION LAGUNERA","ACUIF_ENCONTRADO":false}},{"type":"Feature","geometry":{"type":"Point","coordinates":[-103.8590111111111,25.715680555555554]},"properties":{"CVE_LGJO":"10_0015","CVE_POZO":"18-VICENTE SUAREZ (2876)","NOMB_POZO":null,"TIT_LGJO":"ISÓTOPOS AMBIENTALES   COAHUILA-DURANGO","CVE_EDO":10,"CVE_MPIO":10012.0,"AÑO":1978,"DESC":"ESTUDIO DE ACUÍFEROS EN CALIZAS Y RELLENOS.","DATUMG":null,"CVE_ACUIF":540,"NOM_ACUIF":"PRINCIPAL-REGION LAGUNERA","CT_POZO":"NO","DISEÑO_PERF":"NO","CORTE_LIT":"NO","REG_ELEC":"NO","INF_PERF":"NO","REG_AFORO":"NO","ANAL_AGUA":"SI","CROQUIS":"SI","TIPO_INF":"HIDROGEOQUÍMICO","PROF_TOT_m":null,"PROF_REG_m":null,"HGQ":"SI","F_INICIO":null,"F_FINAL":null,"NE_M":50.41,"ND_M":null,"ALTITUD_msnm":1342.79,"Q_LPS":40.0,"Ca":84.0,"Mg":31.0,"Na":0.0,"Cl":12.0,"SO4":18.0,"HCO3":314.0,"STD_ppm":459.0,"LONG_COL_m":null,"ADEME_pulg":null,"TEMP_°C":null,"POT_H_s/u":7.25,"CE_Us/cm":null,"As_mg/L":null,"URL":"https://sigagis.conagua.gob.mx/t_infbasica/INVENTARIO/10 DURANGO/PDF/10_0015.pdf","CVE_EDO_STR":"10","NOM_EDO_OFICIAL":"DURANGO","CVE_ACUIF_STR":"0540","NOM_ACUIF_OFICIAL":"PRINCIPAL-REGION LAGUNERA","ACUIF_ENCONTRADO":false}},{"type":"Feature","geometry":{"type":"Point","coordinates":[-103.87513888888888,25.74103888888889]},"properties":{"CVE_LGJO":"10_0015","CVE_POZO":"19-VICENTE SUAREZ (2875)","NOMB_POZO":null,"TIT_LGJO":"ISÓTOPOS AMBIENTALES   COAHUILA-DURANGO","CVE_EDO":10,"CVE_MPIO":10012.0,"AÑO":1978,"DESC":"ESTUDIO DE ACUÍFEROS EN CALIZAS Y RELLENOS.","DATUMG":null,"CVE_ACUIF":541,"NOM_ACUIF":"PRINCIPAL-REGION LAGUNERA","CT_POZO":"NO","DISEÑO_PERF":"NO","CORTE_LIT":"NO","REG_ELEC":"NO","INF_PERF":"NO","REG_AFORO":"NO","ANAL_AGUA":"SI","CROQUIS":"SI","TIPO_INF":"HIDROGEOQUÍMICO","PROF_TOT_m":null,"PROF_REG_m":null,"HGQ":"SI","F_INICIO":null,"F_FINAL":null,"NE_M":54.73,"ND_M":null,"ALTITUD_msnm":1388.14,"Q_LPS":46.0,"Ca":80.0,"Mg":30.0,"Na":10.0,"Cl":26.0,"SO4":43.0,"HCO3":322.0,"STD_ppm":511.0,"LONG_COL_m":null,"ADEME_pulg":null,"TEMP_°C":null,"POT_H_s/u":7.42,"CE_Us/cm":null,"As_mg/L":null,"URL":"https://sigagis.conagua.gob.mx/t_infbasica/INVENTARIO/10 DURANGO/PDF/10_0015.pdf","CVE_EDO_STR":"10","NOM_EDO_OFICIAL":"DURANGO","CVE_ACUIF_STR":"0541","NOM_ACUIF_OFICIAL":"PRINCIPAL-REGION LAGUNERA","ACUIF_ENCONTRADO":false}},{"type":"Feature","geometry":{"type":"Point","coordinates":[-103.06201944444445,25.46751944444444]},"properties":{"CVE_LGJO":"10_0015","CVE_POZO":"20-GABINO VAZQUEZ (2136)","NOMB_POZO":null,"TIT_LGJO":"ISÓTOPOS AMBIENTALES   COAHUILA-DURANGO","CVE_EDO":10,"CVE_MPIO":5036.0,"AÑO":1978,"DESC":"ESTUDIO DE ACUÍFEROS EN CALIZAS Y RELLENOS.","DATUMG":null,"CVE_ACUIF":542,"NOM_ACUIF":"PRINCIPAL-REGION LAGUNERA","CT_POZO":"NO","DISEÑO_PERF":"NO","CORTE_LIT":"NO","REG_ELEC":"NO","INF_PERF":"NO","REG_AFORO":"NO","ANAL_AGUA":"SI","CROQUIS":"SI","TIPO_INF":"HIDROGEOQUÍMICO","PROF_TOT_m":null,"PROF_REG_m":null,"HGQ":"SI","F_INICIO":null,"F_FINAL":null,"NE_M":46.55,"ND_M":null,"ALTITUD_msnm":1109.0,"Q_LPS":40.0,"Ca":560.0,"Mg":79.0,"Na":310.0,"Cl":532.0,"SO4":1300.0,"HCO3":366.0,"STD_ppm":3147.0,"LONG_COL_m":null,"ADEME_pulg":null,"TEMP_°C":null,"POT_H_s/u":7.02,"CE_Us/cm":null,"As_mg/L":null,"URL":"https://sigagis.conagua.gob.mx/t_infbasica/INVENTARIO/10 DURANGO/PDF/10_0015.pdf","CVE_EDO_STR":"10","NOM_EDO_OFICIAL":"DURANGO","CVE_ACUIF_STR":"0542","NOM_ACUIF_OFICIAL":"PRINCIPAL-REGION LAGUNERA","ACUIF_ENCONTRADO":false}},{"type":"Feature","geometry":{"type":"Point","coordinates":[-103.0736111111111,25.47201944444444]},"properties":{"CVE_LGJO":"10_0015","CVE_POZO":"21-GABINO VAZQUEZ (2085)","NOMB_POZO":null,"TIT_LGJO":"ISÓTOPOS AMBIENTALES   COAHUILA-DURANGO","CVE_EDO":10,"CVE_MPIO":5036.0,"AÑO":1978,"DESC":"ESTUDIO DE ACUÍFEROS EN CALIZAS Y RELLENOS.","DATUMG":null,"CVE_ACUIF":543,"NOM_ACUIF":"PRINCIPAL-REGION LAGUNERA","CT_POZO":"NO","DISEÑO_PERF":"NO","CORTE_LIT":"NO","REG_ELEC":"NO","INF_PERF":"NO","REG_AFORO":"NO","ANAL_AGUA":"SI","CROQUIS":"SI","TIPO_INF":"HIDROGEOQUÍMICO","PROF_TOT_m":null,"PROF_REG_m":null,"HGQ":"SI","F_INICIO":null,"F_FINAL":null,"NE_M":null,"ND_M":null,"ALTITUD_msnm":1109.0,"Q_LPS":35.0,"Ca":40.0,"Mg":9.0,"Na":121.0,"Cl":39.0,"SO4":130.0,"HCO3":256.0,"STD_ppm":595.0,"LONG_COL_m":null,"ADEME_pulg":null,"TEMP_°C":null,"POT_H_s/u":7.55,"CE_Us/cm":null,"As_mg/L":null,"URL":"https://sigagis.conagua.gob.mx/t_infbasica/INVENTARIO/10 DURANGO/PDF/10_0015.pdf","CVE_EDO_STR":"10","NOM_EDO_OFICIAL":"DURANGO","CVE_ACUIF_STR":"0543","NOM_ACUIF_OFICIAL":"PRINCIPAL-REGION LAGUNERA","ACUIF_ENCONTRADO":false}},{"type":"Feature","geometry":{"type":"Point","coordinates":[-103.62764999999999,25.720730555555555]},"properties":{"CVE_LGJO":"10_0015","CVE_POZO":"22-DINAMITA (SIN CLAVE)","NOMB_POZO":null,"TIT_LGJO":"ISÓTOPOS AMBIENTALES   COAHUILA-DURANGO","CVE_EDO":10,"CVE_MPIO":10007.0,"AÑO":1978,"DESC":"ESTUDIO DE ACUÍFEROS EN CALIZAS Y RELLENOS.","DATUMG":null,"CVE_ACUIF":544,"NOM_ACUIF":"PRINCIPAL-REGION LAGUNERA","CT_POZO":"NO","DISEÑO_PERF":"NO","CORTE_LIT":"NO","REG_ELEC":"NO","INF_PERF":"NO","REG_AFORO":"NO","ANAL_AGUA":"SI","CROQUIS":"SI","TIPO_INF":"HIDROGEOQUÍMICO","PROF_TOT_m":null,"PROF_REG_m":null,"HGQ":"SI","F_INICIO":null,"F_FINAL":null,"NE_M":33.41,"ND_M":null,"ALTITUD_msnm":1184.25,"Q_LPS":24.0,"Ca":80.0,"Mg":19.0,"Na":17.0,"Cl":17.0,"SO4":56.0,"HCO3":285.0,"STD_ppm":474.0,"LONG_COL_m":null,"ADEME_pulg":null,"TEMP_°C":null,"POT_H_s/u":7.35,"CE_Us/cm":null,"As_mg/L":null,"URL":"https://sigagis.conagua.gob.mx/t_infbasica/INVENTARIO/10 DURANGO/PDF/10_0015.pdf","CVE_EDO_STR":"10","NOM_EDO_OFICIAL":"DURANGO","CVE_ACUIF_STR":"0544","NOM_ACUIF_OFICIAL":"PRINCIPAL-REGION LAGUNERA","ACUIF_ENCONTRADO":false}},{"type":"Feature","geometry":{"type":"Point","coordinates":[-103.60934999999999,25.755211111111112]},"properties":{"CVE_LGJO":"10_0015","CVE_POZO":"23-RCHO. LAS CARMELAS (1612)","NOMB_POZO":null,"TIT_LGJO":"ISÓTOPOS AMBIENTALES   COAHUILA-DURANGO","CVE_EDO":10,"CVE_MPIO":10007.0,"AÑO":1978,"DESC":"ESTUDIO DE ACUÍFEROS EN CALIZAS Y RELLENOS.","DATUMG":null,"CVE_ACUIF":545,"NOM_ACUIF":"PRINCIPAL-REGION LAGUNERA","CT_POZO":"NO","DISEÑO_PERF":"NO","CORTE_LIT":"NO","REG_ELEC":"NO","INF_PERF":"NO","REG_AFORO":"NO","ANAL_AGUA":"SI","CROQUIS":"SI","TIPO_INF":"HIDROGEOQUÍMICO","PROF_TOT_m":null,"PROF_REG_m":null,"HGQ":"SI","F_INICIO":null,"F_FINAL":null,"NE_M":75.4,"ND_M":null,"ALTITUD_msnm":1138.79,"Q_LPS":12.0,"Ca":200.0,"Mg":51.0,"Na":39.0,"Cl":149.0,"SO4":390.0,"HCO3":219.0,"STD_ppm":1048.0,"LONG_COL_m":null,"ADEME_pulg":null,"TEMP_°C":null,"POT_H_s/u":7.22,"CE_Us/cm":null,"As_mg/L":null,"URL":"https://sigagis.conagua.gob.mx/t_infbasica/INVENTARIO/10 DURANGO/PDF/10_0015.pdf","CVE_EDO_STR":"10","NOM_EDO_OFICIAL":"DURANGO","CVE_ACUIF_STR":"0545","NOM_ACUIF_OFICIAL":"PRINCIPAL-REGION LAGUNERA","ACUIF_ENCONTRADO":false}},{"type":"Feature","geometry":{"type":"Point","coordinates":[-103.61505,25.77275]},"properties":{"CVE_LGJO":"10_0015","CVE_POZO":"24-STA ELENA (3619","NOMB_POZO":null,"TIT_LGJO":"ISÓTOPOS AMBIENTALES   COAHUILA-DURANGO","CVE_EDO":10,"CVE_MPIO":10007.0,"AÑO":1978,"DESC":"ESTUDIO DE ACUÍFEROS EN CALIZAS Y RELLENOS.","DATUMG":null,"CVE_ACUIF":546,"NOM_ACUIF":"PRINCIPAL-REGION LAGUNERA","CT_POZO":"NO","DISEÑO_PERF":"NO","CORTE_LIT":"NO","REG_ELEC":"NO","INF_PERF":"NO","REG_AFORO":"NO","ANAL_AGUA":"SI","CROQUIS":"SI","TIPO_INF":"HIDROGEOQUÍMICO","PROF_TOT_m":null,"PROF_REG_m":null,"HGQ":"SI","F_INICIO":null,"F_FINAL":null,"NE_M":52.5,"ND_M":null,"ALTITUD_msnm":1135.92,"Q_LPS":3.0,"Ca":188.0,"Mg":128.0,"Na":0.0,"Cl":58.0,"SO4":590.0,"HCO3":190.0,"STD_ppm":1154.0,"LONG_COL_m":null,"ADEME_pulg":null,"TEMP_°C":null,"POT_H_s/u":7.25,"CE_Us/cm":null,"As_mg/L":null,"URL":"https://sigagis.conagua.gob.mx/t_infbasica/INVENTARIO/10 DURANGO/PDF/10_0015.pdf","CVE_EDO_STR":"10","NOM_EDO_OFICIAL":"DURANGO","CVE_ACUIF_STR":"0546","NOM_ACUIF_OFICIAL":"PRINCIPAL-REGION LAGUNERA","ACUIF_ENCONTRADO":false}},{"type":"Feature","geometry":{"type":"Point","coordinates":[-103.74573055555555,25.858369444444445]},"properties":{"CVE_LGJO":"10_0015","CVE_POZO":"25-SAN ISIDRO (417)","NOMB_POZO":null,"TIT_LGJO":"ISÓTOPOS AMBIENTALES   COAHUILA-DURANGO","CVE_EDO":10,"CVE_MPIO":10013.0,"AÑO":1978,"DESC":"ESTUDIO DE ACUÍFEROS EN CALIZAS Y RELLENOS.","DATUMG":null,"CVE_ACUIF":547,"NOM_ACUIF":"PRINCIPAL-REGION LAGUNERA","CT_POZO":"NO","DISEÑO_PERF":"NO","CORTE_LIT":"NO","REG_ELEC":"NO","INF_PERF":"NO","REG_AFORO":"NO","ANAL_AGUA":"SI","CROQUIS":"SI","TIPO_INF":"HIDROGEOQUÍMICO","PROF_TOT_m":null,"PROF_REG_m":null,"HGQ":"SI","F_INICIO":null,"F_FINAL":null,"NE_M":57.73,"ND_M":null,"ALTITUD_msnm":1194.13,"Q_LPS":null,"Ca":9.3,"Mg":36.6,"Na":80.0,"Cl":41.0,"SO4":262.0,"HCO3":204.0,"STD_ppm":835.0,"LONG_COL_m":null,"ADEME_pulg":null,"TEMP_°C":null,"POT_H_s/u":7.22,"CE_Us/cm":null,"As_mg/L":null,"URL":"https://sigagis.conagua.gob.mx/t_infbasica/INVENTARIO/10 DURANGO/PDF/10_0015.pdf","CVE_EDO_STR":"10","NOM_EDO_OFICIAL":"DURANGO","CVE_ACUIF_STR":"0547","NOM_ACUIF_OFICIAL":"PRINCIPAL-REGION LAGUNERA","ACUIF_ENCONTRADO":false}},{"type":"Feature","geometry":{"type":"Point","coordinates":[-103.62158888888888,25.916169444444442]},"properties":{"CVE_LGJO":"10_0015","CVE_POZO":"26-EL ROSALINO (2884)","NOMB_POZO":null,"TIT_LGJO":"ISÓTOPOS AMBIENTALES   COAHUILA-DURANGO","CVE_EDO":10,"CVE_MPIO":10036.0,"AÑO":1978,"DESC":"ESTUDIO DE ACUÍFEROS EN CALIZAS Y RELLENOS.","DATUMG":null,"CVE_ACUIF":548,"NOM_ACUIF":"PRINCIPAL-REGION LAGUNERA","CT_POZO":"NO","DISEÑO_PERF":"NO","CORTE_LIT":"NO","REG_ELEC":"NO","INF_PERF":"NO","REG_AFORO":"NO","ANAL_AGUA":"SI","CROQUIS":"SI","TIPO_INF":"HIDROGEOQUÍMICO","PROF_TOT_m":null,"PROF_REG_m":null,"HGQ":"SI","F_INICIO":null,"F_FINAL":null,"NE_M":85.55,"ND_M":null,"ALTITUD_msnm":1111.24,"Q_LPS":35.0,"Ca":466.0,"Mg":135.0,"Na":249.0,"Cl":100.0,"SO4":1910.0,"HCO3":157.0,"STD_ppm":3060.0,"LONG_COL_m":null,"ADEME_pulg":null,"TEMP_°C":null,"POT_H_s/u":7.45,"CE_Us/cm":null,"As_mg/L":null,"URL":"https://sigagis.conagua.gob.mx/t_infbasica/INVENTARIO/10 DURANGO/PDF/10_0015.pdf","CVE_EDO_STR":"10","NOM_EDO_OFICIAL":"DURANGO","CVE_ACUIF_STR":"0548","NOM_ACUIF_OFICIAL":"PRINCIPAL-REGION LAGUNERA","ACUIF_ENCONTRADO":false}},{"type":"Feature","geometry":{"type":"Point","coordinates":[-103.62983888888888,25.933580555555555]},"properties":{"CVE_LGJO":"10_0015","CVE_POZO":"27-SAN ISIDRO (2745)","NOMB_POZO":null,"TIT_LGJO":"ISÓTOPOS AMBIENTALES   COAHUILA-DURANGO","CVE_EDO":10,"CVE_MPIO":10036.0,"AÑO":1978,"DESC":"ESTUDIO DE ACUÍFEROS EN CALIZAS Y RELLENOS.","DATUMG":null,"CVE_ACUIF":549,"NOM_ACUIF":"PRINCIPAL-REGION LAGUNERA","CT_POZO":"NO","DISEÑO_PERF":"NO","CORTE_LIT":"NO","REG_ELEC":"NO","INF_PERF":"NO","REG_AFORO":"NO","ANAL_AGUA":"SI","CROQUIS":"SI","TIPO_INF":"HIDROGEOQUÍMICO","PROF_TOT_m":null,"PROF_REG_m":null,"HGQ":"SI","F_INICIO":null,"F_FINAL":null,"NE_M":85.0,"ND_M":null,"ALTITUD_msnm":1108.15,"Q_LPS":14.0,"Ca":489.0,"Mg":151.0,"Na":244.0,"Cl":110.0,"SO4":2040.0,"HCO3":74.7,"STD_ppm":3152.0,"LONG_COL_m":null,"ADEME_pulg":null,"TEMP_°C":null,"POT_H_s/u":7.71,"CE_Us/cm":null,"As_mg/L":null,"URL":"https://sigagis.conagua.gob.mx/t_infbasica/INVENTARIO/10 DURANGO/PDF/10_0015.pdf","CVE_EDO_STR":"10","NOM_EDO_OFICIAL":"DURANGO","CVE_ACUIF_STR":"0549","NOM_ACUIF_OFICIAL":"PRINCIPAL-REGION LAGUNERA","ACUIF_ENCONTRADO":false}},{"type":"Feature","geometry":{"type":"Point","coordinates":[-103.78398888888889,25.790980555555556]},"properties":{"CVE_LGJO":"10_0015","CVE_POZO":"28-LA OJUELA (SIN CLAVE)","NOMB_POZO":null,"TIT_LGJO":"ISÓTOPOS AMBIENTALES   COAHUILA-DURANGO","CVE_EDO":10,"CVE_MPIO":10013.0,"AÑO":1978,"DESC":"ESTUDIO DE ACUÍFEROS EN CALIZAS Y RELLENOS.","DATUMG":null,"CVE_ACUIF":550,"NOM_ACUIF":"PRINCIPAL-REGION LAGUNERA","CT_POZO":"NO","DISEÑO_PERF":"NO","CORTE_LIT":"NO","REG_ELEC":"NO","INF_PERF":"NO","REG_AFORO":"NO","ANAL_AGUA":"SI","CROQUIS":"SI","TIPO_INF":"HIDROGEOQUÍMICO","PROF_TOT_m":null,"PROF_REG_m":null,"HGQ":"SI","F_INICIO":null,"F_FINAL":null,"NE_M":null,"ND_M":null,"ALTITUD_msnm":null,"Q_LPS":null,"Ca":49.8,"Mg":11.9,"Na":20.0,"Cl":9.9,"SO4":107.0,"HCO3":106.0,"STD_ppm":330.0,"LONG_COL_m":null,"ADEME_pulg":null,"TEMP_°C":null,"POT_H_s/u":7.32,"CE_Us/cm":null,"As_mg/L":null,"URL":"https://sigagis.conagua.gob.mx/t_infbasica/INVENTARIO/10 DURANGO/PDF/10_0015.pdf","CVE_EDO_STR":"10","NOM_EDO_OFICIAL":"DURANGO","CVE_ACUIF_STR":"0550","NOM_ACUIF_OFICIAL":"PRINCIPAL-REGION LAGUNERA","ACUIF_ENCONTRADO":false}},{"type":"Feature","geometry":{"type":"Point","coordinates":[-103.64771944444445,25.9343]},"properties":{"CVE_LGJO":"10_0015","CVE_POZO":"29-LA PLATOSA (2504)","NOMB_POZO":null,"TIT_LGJO":"ISÓTOPOS AMBIENTALES   COAHUILA-DURANGO","CVE_EDO":10,"CVE_MPIO":10013.0,"AÑO":1978,"DESC":"ESTUDIO DE ACUÍFEROS EN CALIZAS Y RELLENOS.","DATUMG":null,"CVE_ACUIF":551,"NOM_ACUIF":"PRINCIPAL-REGION LAGUNERA","CT_POZO":"NO","DISEÑO_PERF":"NO","CORTE_LIT":"NO","REG_ELEC":"NO","INF_PERF":"NO","REG_AFORO":"NO","ANAL_AGUA":"SI","CROQUIS":"SI","TIPO_INF":"HIDROGEOQUÍMICO","PROF_TOT_m":null,"PROF_REG_m":null,"HGQ":"SI","F_INICIO":null,"F_FINAL":null,"NE_M":38.0,"ND_M":null,"ALTITUD_msnm":1113.94,"Q_LPS":null,"Ca":568.0,"Mg":162.0,"Na":344.0,"Cl":142.0,"SO4":2430.0,"HCO3":70.2,"STD_ppm":3753.0,"LONG_COL_m":null,"ADEME_pulg":null,"TEMP_°C":null,"POT_H_s/u":7.58,"CE_Us/cm":null,"As_mg/L":null,"URL":"https://sigagis.conagua.gob.mx/t_infbasica/INVENTARIO/10 DURANGO/PDF/10_0015.pdf","CVE_EDO_STR":"10","NOM_EDO_OFICIAL":"DURANGO","CVE_ACUIF_STR":"0551","NOM_ACUIF_OFICIAL":"PRINCIPAL-REGION LAGUNERA","ACUIF_ENCONTRADO":false}},{"type":"Feature","geometry":{"type":"Point","coordinates":[-103.73861111111111,25.060930555555558]},"properties":{"CVE_LGJO":"10_0015","CVE_POZO":"2-VERDEÑA (SIN CLAVE)","NOMB_POZO":null,"TIT_LGJO":"ISÓTOPOS AMBIENTALES   COAHUILA-DURANGO","CVE_EDO":10,"CVE_MPIO":10004.0,"AÑO":1978,"DESC":"ESTUDIO DE ACUÍFEROS EN CALIZAS Y RELLENOS.","DATUMG":null,"CVE_ACUIF":524,"NOM_ACUIF":"PRINCIPAL-REGION LAGUNERA","CT_POZO":"NO","DISEÑO_PERF":"NO","CORTE_LIT":"NO","REG_ELEC":"NO","INF_PERF":"NO","REG_AFORO":"NO","ANAL_AGUA":"SI","CROQUIS":"SI","TIPO_INF":"HIDROGEOQUÍMICO","PROF_TOT_m":null,"PROF_REG_m":null,"HGQ":"SI","F_INICIO":null,"F_FINAL":null,"NE_M":null,"ND_M":null,"ALTITUD_msnm":null,"Q_LPS":null,"Ca":180.0,"Mg":64.6,"Na":214.0,"Cl":138.0,"SO4":880.0,"HCO3":74.7,"STD_ppm":1603.0,"LONG_COL_m":null,"ADEME_pulg":null,"TEMP_°C":null,"POT_H_s/u":7.58,"CE_Us/cm":null,"As_mg/L":null,"URL":"https://sigagis.conagua.gob.mx/t_infbasica/INVENTARIO/10 DURANGO/PDF/10_0015.pdf","CVE_EDO_STR":"10","NOM_EDO_OFICIAL":"DURANGO","CVE_ACUIF_STR":"0524","NOM_ACUIF_OFICIAL":"ACATITA","ACUIF_ENCONTRADO":true}},{"type":"Feature","geometry":{"type":"Point","coordinates":[-103.39871111111111,25.98483888888889]},"properties":{"CVE_LGJO":"10_0015","CVE_POZO":"32-SAN FRANCISCO (1835)","NOMB_POZO":null,"TIT_LGJO":"ISÓTOPOS AMBIENTALES   COAHUILA-DURANGO","CVE_EDO":10,"CVE_MPIO":10036.0,"AÑO":1978,"DESC":"ESTUDIO DE ACUÍFEROS EN CALIZAS Y RELLENOS.","DATUMG":null,"CVE_ACUIF":552,"NOM_ACUIF":"PRINCIPAL-REGION LAGUNERA","CT_POZO":"NO","DISEÑO_PERF":"NO","CORTE_LIT":"NO","REG_ELEC":"NO","INF_PERF":"NO","REG_AFORO":"NO","ANAL_AGUA":"SI","CROQUIS":"SI","TIPO_INF":"HIDROGEOQUÍMICO","PROF_TOT_m":null,"PROF_REG_m":null,"HGQ":"SI","F_INICIO":null,"F_FINAL":null,"NE_M":null,"ND_M":null,"ALTITUD_msnm":1120.0,"Q_LPS":12.0,"Ca":30.0,"Mg":1.2,"Na":151.0,"Cl":17.7,"SO4":241.0,"HCO3":127.0,"STD_ppm":618.0,"LONG_COL_m":null,"ADEME_pulg":null,"TEMP_°C":null,"POT_H_s/u":7.6,"CE_Us/cm":null,"As_mg/L":null,"URL":"https://sigagis.conagua.gob.mx/t_infbasica/INVENTARIO/10 DURANGO/PDF/10_0015.pdf","CVE_EDO_STR":"10","NOM_EDO_OFICIAL":"DURANGO","CVE_ACUIF_STR":"0552","NOM_ACUIF_OFICIAL":"PRINCIPAL-REGION LAGUNERA","ACUIF_ENCONTRADO":false}},{"type":"Feature","geometry":{"type":"Point","coordinates":[-103.38586111111111,25.972719444444444]},"properties":{"CVE_LGJO":"10_0015","CVE_POZO":"33-SAN FRANCISCO (2887)","NOMB_POZO":null,"TIT_LGJO":"ISÓTOPOS AMBIENTALES   COAHUILA-DURANGO","CVE_EDO":10,"CVE_MPIO":10036.0,"AÑO":1978,"DESC":"ESTUDIO DE ACUÍFEROS EN CALIZAS Y RELLENOS.","DATUMG":null,"CVE_ACUIF":553,"NOM_ACUIF":"PRINCIPAL-REGION LAGUNERA","CT_POZO":"NO","DISEÑO_PERF":"NO","CORTE_LIT":"NO","REG_ELEC":"NO","INF_PERF":"NO","REG_AFORO":"NO","ANAL_AGUA":"SI","CROQUIS":"SI","TIPO_INF":"HIDROGEOQUÍMICO","PROF_TOT_m":null,"PROF_REG_m":null,"HGQ":"SI","F_INICIO":null,"F_FINAL":null,"NE_M":null,"ND_M":null,"ALTITUD_msnm":1120.0,"Q_LPS":18.0,"Ca":92.7,"Mg":4.5,"Na":183.0,"Cl":73.0,"SO4":428.0,"HCO3":124.0,"STD_ppm":1573.0,"LONG_COL_m":null,"ADEME_pulg":null,"TEMP_°C":null,"POT_H_s/u":7.58,"CE_Us/cm":null,"As_mg/L":null,"URL":"https://sigagis.conagua.gob.mx/t_infbasica/INVENTARIO/10 DURANGO/PDF/10_0015.pdf","CVE_EDO_STR":"10","NOM_EDO_OFICIAL":"DURANGO","CVE_ACUIF_STR":"0553","NOM_ACUIF_OFICIAL":"PRINCIPAL-REGION LAGUNERA","ACUIF_ENCONTRADO":false}},{"type":"Feature","geometry":{"type":"Point","coordinates":[-105.03508055555555,25.57618888888889]},"properties":{"CVE_LGJO":"10_0015","CVE_POZO":"34-EL PALMITO (SIN CLAVE)","NOMB_POZO":null,"TIT_LGJO":"ISÓTOPOS AMBIENTALES   COAHUILA-DURANGO","CVE_EDO":10,"CVE_MPIO":10011.0,"AÑO":1978,"DESC":"ESTUDIO DE ACUÍFEROS EN CALIZAS Y RELLENOS.","DATUMG":null,"CVE_ACUIF":554,"NOM_ACUIF":"PRINCIPAL-REGION LAGUNERA","CT_POZO":"NO","DISEÑO_PERF":"NO","CORTE_LIT":"NO","REG_ELEC":"NO","INF_PERF":"NO","REG_AFORO":"NO","ANAL_AGUA":"NO","CROQUIS":"SI","TIPO_INF":"CROQUIS","PROF_TOT_m":null,"PROF_REG_m":null,"HGQ":"NO","F_INICIO":null,"F_FINAL":null,"NE_M":null,"ND_M":null,"ALTITUD_msnm":1850.0,"Q_LPS":null,"Ca":null,"Mg":null,"Na":null,"Cl":null,"SO4":null,"HCO3":null,"STD_ppm":null,"LONG_COL_m":null,"ADEME_pulg":null,"TEMP_°C":null,"POT_H_s/u":null,"CE_Us/cm":null,"As_mg/L":null,"URL":"https://sigagis.conagua.gob.mx/t_infbasica/INVENTARIO/10 DURANGO/PDF/10_0015.pdf","CVE_EDO_STR":"10","NOM_EDO_OFICIAL":"DURANGO","CVE_ACUIF_STR":"0554","NOM_ACUIF_OFICIAL":"PRINCIPAL-REGION LAGUNERA","ACUIF_ENCONTRADO":false}},{"type":"Feature","geometry":{"type":"Point","coordinates":[-104.51976111111111,25.120250000000002]},"properties":{"CVE_LGJO":"10_0015","CVE_POZO":"35-HIDALGO DE SAN ANT (87)","NOMB_POZO":null,"TIT_LGJO":"ISÓTOPOS AMBIENTALES   COAHUILA-DURANGO","CVE_EDO":10,"CVE_MPIO":10024.0,"AÑO":1978,"DESC":"ESTUDIO DE ACUÍFEROS EN CALIZAS Y RELLENOS.","DATUMG":null,"CVE_ACUIF":555,"NOM_ACUIF":"PRINCIPAL-REGION LAGUNERA","CT_POZO":"NO","DISEÑO_PERF":"NO","CORTE_LIT":"NO","REG_ELEC":"NO","INF_PERF":"NO","REG_AFORO":"NO","ANAL_AGUA":"SI","CROQUIS":"SI","TIPO_INF":"HIDROGEOQUÍMICO","PROF_TOT_m":null,"PROF_REG_m":null,"HGQ":"SI","F_INICIO":null,"F_FINAL":null,"NE_M":60.0,"ND_M":null,"ALTITUD_msnm":1450.0,"Q_LPS":60.0,"Ca":100.0,"Mg":35.0,"Na":33.0,"Cl":74.0,"SO4":120.0,"HCO3":267.0,"STD_ppm":640.0,"LONG_COL_m":null,"ADEME_pulg":null,"TEMP_°C":null,"POT_H_s/u":7.9,"CE_Us/cm":null,"As_mg/L":null,"URL":"https://sigagis.conagua.gob.mx/t_infbasica/INVENTARIO/10 DURANGO/PDF/10_0015.pdf","CVE_EDO_STR":"10","NOM_EDO_OFICIAL":"DURANGO","CVE_ACUIF_STR":"0555","NOM_ACUIF_OFICIAL":"PRINCIPAL-REGION LAGUNERA","ACUIF_ENCONTRADO":false}},{"type":"Feature","geometry":{"type":"Point","coordinates":[-104.06944999999999,25.26263888888889]},"properties":{"CVE_LGJO":"10_0015","CVE_POZO":"36-AGUISTIN MELGAR (73)","NOMB_POZO":null,"TIT_LGJO":"ISÓTOPOS AMBIENTALES   COAHUILA-DURANGO","CVE_EDO":10,"CVE_MPIO":10015.0,"AÑO":1978,"DESC":"ESTUDIO DE ACUÍFEROS EN CALIZAS Y RELLENOS.","DATUMG":null,"CVE_ACUIF":556,"NOM_ACUIF":"PRINCIPAL-REGION LAGUNERA","CT_POZO":"NO","DISEÑO_PERF":"NO","CORTE_LIT":"NO","REG_ELEC":"NO","INF_PERF":"NO","REG_AFORO":"NO","ANAL_AGUA":"SI","CROQUIS":"SI","TIPO_INF":"HIDROGEOQUÍMICO","PROF_TOT_m":null,"PROF_REG_m":null,"HGQ":"SI","F_INICIO":null,"F_FINAL":null,"NE_M":60.0,"ND_M":null,"ALTITUD_msnm":1260.0,"Q_LPS":0.5,"Ca":80.0,"Mg":103.0,"Na":107.0,"Cl":42.0,"SO4":500.0,"HCO3":338.0,"STD_ppm":1170.0,"LONG_COL_m":null,"ADEME_pulg":null,"TEMP_°C":null,"POT_H_s/u":8.05,"CE_Us/cm":null,"As_mg/L":null,"URL":"https://sigagis.conagua.gob.mx/t_infbasica/INVENTARIO/10 DURANGO/PDF/10_0015.pdf","CVE_EDO_STR":"10","NOM_EDO_OFICIAL":"DURANGO","CVE_ACUIF_STR":"0556","NOM_ACUIF_OFICIAL":"PRINCIPAL-REGION LAGUNERA","ACUIF_ENCONTRADO":false}},{"type":"Feature","geometry":{"type":"Point","coordinates":[-103.9067388888889,25.233930555555556]},"properties":{"CVE_LGJO":"10_0015","CVE_POZO":"37-V.CARRANZA (62)","NOMB_POZO":null,"TIT_LGJO":"ISÓTOPOS AMBIENTALES   COAHUILA-DURANGO","CVE_EDO":10,"CVE_MPIO":10015.0,"AÑO":1978,"DESC":"ESTUDIO DE ACUÍFEROS EN CALIZAS Y RELLENOS.","DATUMG":null,"CVE_ACUIF":557,"NOM_ACUIF":"PRINCIPAL-REGION LAGUNERA","CT_POZO":"NO","DISEÑO_PERF":"NO","CORTE_LIT":"NO","REG_ELEC":"NO","INF_PERF":"NO","REG_AFORO":"NO","ANAL_AGUA":"SI","CROQUIS":"SI","TIPO_INF":"HIDROGEOQUÍMICO","PROF_TOT_m":null,"PROF_REG_m":null,"HGQ":"SI","F_INICIO":null,"F_FINAL":null,"NE_M":80.0,"ND_M":null,"ALTITUD_msnm":1230.0,"Q_LPS":70.0,"Ca":36.0,"Mg":1.0,"Na":258.0,"Cl":71.0,"SO4":125.0,"HCO3":501.0,"STD_ppm":1001.0,"LONG_COL_m":null,"ADEME_pulg":null,"TEMP_°C":null,"POT_H_s/u":8.1,"CE_Us/cm":null,"As_mg/L":null,"URL":"https://sigagis.conagua.gob.mx/t_infbasica/INVENTARIO/10 DURANGO/PDF/10_0015.pdf","CVE_EDO_STR":"10","NOM_EDO_OFICIAL":"DURANGO","CVE_ACUIF_STR":"0557","NOM_ACUIF_OFICIAL":"PRINCIPAL-REGION LAGUNERA","ACUIF_ENCONTRADO":false}},{"type":"Feature","geometry":{"type":"Point","coordinates":[-103.77038888888889,25.276769444444444]},"properties":{"CVE_LGJO":"10_0015","CVE_POZO":"38-FRANCISCO ZARCO (SIN CLAVE)","NOMB_POZO":null,"TIT_LGJO":"ISÓTOPOS AMBIENTALES   COAHUILA-DURANGO","CVE_EDO":10,"CVE_MPIO":10004.0,"AÑO":1978,"DESC":"ESTUDIO DE ACUÍFEROS EN CALIZAS Y RELLENOS.","DATUMG":null,"CVE_ACUIF":558,"NOM_ACUIF":"PRINCIPAL-REGION LAGUNERA","CT_POZO":"NO","DISEÑO_PERF":"NO","CORTE_LIT":"NO","REG_ELEC":"NO","INF_PERF":"NO","REG_AFORO":"NO","ANAL_AGUA":"SI","CROQUIS":"SI","TIPO_INF":"HIDROGEOQUÍMICO","PROF_TOT_m":null,"PROF_REG_m":null,"HGQ":"SI","F_INICIO":null,"F_FINAL":null,"NE_M":null,"ND_M":null,"ALTITUD_msnm":1200.0,"Q_LPS":null,"Ca":112.0,"Mg":34.0,"Na":0.0,"Cl":23.0,"SO4":1.0,"HCO3":263.0,"STD_ppm":433.0,"LONG_COL_m":null,"ADEME_pulg":null,"TEMP_°C":null,"POT_H_s/u":7.92,"CE_Us/cm":null,"As_mg/L":null,"URL":"https://sigagis.conagua.gob.mx/t_infbasica/INVENTARIO/10 DURANGO/PDF/10_0015.pdf","CVE_EDO_STR":"10","NOM_EDO_OFICIAL":"DURANGO","CVE_ACUIF_STR":"0558","NOM_ACUIF_OFICIAL":"PRINCIPAL-REGION LAGUNERA","ACUIF_ENCONTRADO":false}},{"type":"Feature","geometry":{"type":"Point","coordinates":[-103.34336111111111,25.820369444444445]},"properties":{"CVE_LGJO":"10_0015","CVE_POZO":"39-SAN ALBERTO (2065)","NOMB_POZO":null,"TIT_LGJO":"ISÓTOPOS AMBIENTALES   COAHUILA-DURANGO","CVE_EDO":10,"CVE_MPIO":10007.0,"AÑO":1978,"DESC":"ESTUDIO DE ACUÍFEROS EN CALIZAS Y RELLENOS.","DATUMG":null,"CVE_ACUIF":559,"NOM_ACUIF":"PRINCIPAL-REGION LAGUNERA","CT_POZO":"NO","DISEÑO_PERF":"NO","CORTE_LIT":"NO","REG_ELEC":"NO","INF_PERF":"NO","REG_AFORO":"NO","ANAL_AGUA":"SI","CROQUIS":"SI","TIPO_INF":"HIDROGEOQUÍMICO","PROF_TOT_m":null,"PROF_REG_m":null,"HGQ":"SI","F_INICIO":null,"F_FINAL":null,"NE_M":80.0,"ND_M":null,"ALTITUD_msnm":1083.0,"Q_LPS":40.0,"Ca":124.0,"Mg":13.0,"Na":38.0,"Cl":88.0,"SO4":195.0,"HCO3":146.0,"STD_ppm":604.0,"LONG_COL_m":null,"ADEME_pulg":null,"TEMP_°C":null,"POT_H_s/u":7.95,"CE_Us/cm":null,"As_mg/L":null,"URL":"https://sigagis.conagua.gob.mx/t_infbasica/INVENTARIO/10 DURANGO/PDF/10_0015.pdf","CVE_EDO_STR":"10","NOM_EDO_OFICIAL":"DURANGO","CVE_ACUIF_STR":"0559","NOM_ACUIF_OFICIAL":"PRINCIPAL-REGION LAGUNERA","ACUIF_ENCONTRADO":false}},{"type":"Feature","geometry":{"type":"Point","coordinates":[-103.45758888888889,25.37798888888889]},"properties":{"CVE_LGJO":"10_0015","CVE_POZO":"3-LA CAMPANA (1848)","NOMB_POZO":null,"TIT_LGJO":"ISÓTOPOS AMBIENTALES   COAHUILA-DURANGO","CVE_EDO":10,"CVE_MPIO":10012.0,"AÑO":1978,"DESC":"ESTUDIO DE ACUÍFEROS EN CALIZAS Y RELLENOS.","DATUMG":null,"CVE_ACUIF":525,"NOM_ACUIF":"PRINCIPAL-REGION LAGUNERA","CT_POZO":"NO","DISEÑO_PERF":"NO","CORTE_LIT":"NO","REG_ELEC":"NO","INF_PERF":"NO","REG_AFORO":"NO","ANAL_AGUA":"SI","CROQUIS":"SI","TIPO_INF":"HIDROGEOQUÍMICO","PROF_TOT_m":null,"PROF_REG_m":null,"HGQ":"SI","F_INICIO":null,"F_FINAL":null,"NE_M":67.29,"ND_M":null,"ALTITUD_msnm":1183.0,"Q_LPS":null,"Ca":159.0,"Mg":50.6,"Na":172.0,"Cl":103.0,"SO4":528.0,"HCO3":275.0,"STD_ppm":1405.0,"LONG_COL_m":null,"ADEME_pulg":null,"TEMP_°C":null,"POT_H_s/u":7.34,"CE_Us/cm":null,"As_mg/L":null,"URL":"https://sigagis.conagua.gob.mx/t_infbasica/INVENTARIO/10 DURANGO/PDF/10_0015.pdf","CVE_EDO_STR":"10","NOM_EDO_OFICIAL":"DURANGO","CVE_ACUIF_STR":"0525","NOM_ACUIF_OFICIAL":"LAS DELICIAS","ACUIF_ENCONTRADO":true}},{"type":"Feature","geometry":{"type":"Point","coordinates":[-103.39881944444446,25.859969444444445]},"properties":{"CVE_LGJO":"10_0015","CVE_POZO":"40-EL BARRO (2087)","NOMB_POZO":null,"TIT_LGJO":"ISÓTOPOS AMBIENTALES   COAHUILA-DURANGO","CVE_EDO":10,"CVE_MPIO":10007.0,"AÑO":1978,"DESC":"ESTUDIO DE ACUÍFEROS EN CALIZAS Y RELLENOS.","DATUMG":null,"CVE_ACUIF":560,"NOM_ACUIF":"PRINCIPAL-REGION LAGUNERA","CT_POZO":"NO","DISEÑO_PERF":"NO","CORTE_LIT":"NO","REG_ELEC":"NO","INF_PERF":"NO","REG_AFORO":"NO","ANAL_AGUA":"SI","CROQUIS":"SI","TIPO_INF":"HIDROGEOQUÍMICO","PROF_TOT_m":null,"PROF_REG_m":null,"HGQ":"SI","F_INICIO":null,"F_FINAL":null,"NE_M":80.0,"ND_M":null,"ALTITUD_msnm":1060.0,"Q_LPS":35.0,"Ca":46.0,"Mg":2.0,"Na":70.0,"Cl":32.0,"SO4":67.0,"HCO3":197.0,"STD_ppm":414.0,"LONG_COL_m":null,"ADEME_pulg":null,"TEMP_°C":null,"POT_H_s/u":8.2,"CE_Us/cm":null,"As_mg/L":null,"URL":"https://sigagis.conagua.gob.mx/t_infbasica/INVENTARIO/10 DURANGO/PDF/10_0015.pdf","CVE_EDO_STR":"10","NOM_EDO_OFICIAL":"DURANGO","CVE_ACUIF_STR":"0560","NOM_ACUIF_OFICIAL":"PRINCIPAL-REGION LAGUNERA","ACUIF_ENCONTRADO":false}},{"type":"Feature","geometry":{"type":"Point","coordinates":[-103.4086138888889,25.95615833333333]},"properties":{"CVE_LGJO":"10_0015","CVE_POZO":"41-GRANJA EL PILAR (1374)","NOMB_POZO":null,"TIT_LGJO":"ISÓTOPOS AMBIENTALES   COAHUILA-DURANGO","CVE_EDO":10,"CVE_MPIO":10036.0,"AÑO":1978,"DESC":"ESTUDIO DE ACUÍFEROS EN CALIZAS Y RELLENOS.","DATUMG":null,"CVE_ACUIF":561,"NOM_ACUIF":"PRINCIPAL-REGION LAGUNERA","CT_POZO":"NO","DISEÑO_PERF":"NO","CORTE_LIT":"NO","REG_ELEC":"NO","INF_PERF":"NO","REG_AFORO":"NO","ANAL_AGUA":"SI","CROQUIS":"SI","TIPO_INF":"HIDROGEOQUÍMICO","PROF_TOT_m":null,"PROF_REG_m":null,"HGQ":"SI","F_INICIO":null,"F_FINAL":null,"NE_M":80.0,"ND_M":null,"ALTITUD_msnm":1075.0,"Q_LPS":50.0,"Ca":90.0,"Mg":13.0,"Na":245.0,"Cl":96.0,"SO4":475.0,"HCO3":223.0,"STD_ppm":1142.0,"LONG_COL_m":null,"ADEME_pulg":null,"TEMP_°C":null,"POT_H_s/u":7.95,"CE_Us/cm":null,"As_mg/L":null,"URL":"https://sigagis.conagua.gob.mx/t_infbasica/INVENTARIO/10 DURANGO/PDF/10_0015.pdf","CVE_EDO_STR":"10","NOM_EDO_OFICIAL":"DURANGO","CVE_ACUIF_STR":"0561","NOM_ACUIF_OFICIAL":"PRINCIPAL-REGION LAGUNERA","ACUIF_ENCONTRADO":false}},{"type":"Feature","geometry":{"type":"Point","coordinates":[-103.47056111111111,25.35408055555556]},"properties":{"CVE_LGJO":"10_0015","CVE_POZO":"4-LA VENTANA (2565)","NOMB_POZO":null,"TIT_LGJO":"ISÓTOPOS AMBIENTALES   COAHUILA-DURANGO","CVE_EDO":10,"CVE_MPIO":10012.0,"AÑO":1978,"DESC":"ESTUDIO DE ACUÍFEROS EN CALIZAS Y RELLENOS.","DATUMG":null,"CVE_ACUIF":526,"NOM_ACUIF":"PRINCIPAL-REGION LAGUNERA","CT_POZO":"NO","DISEÑO_PERF":"NO","CORTE_LIT":"NO","REG_ELEC":"NO","INF_PERF":"NO","REG_AFORO":"NO","ANAL_AGUA":"SI","CROQUIS":"SI","TIPO_INF":"HIDROGEOQUÍMICO","PROF_TOT_m":null,"PROF_REG_m":null,"HGQ":"SI","F_INICIO":null,"F_FINAL":null,"NE_M":null,"ND_M":null,"ALTITUD_msnm":1183.0,"Q_LPS":60.0,"Ca":81.4,"Mg":49.5,"Na":173.0,"Cl":85.1,"SO4":517.0,"HCO3":105.0,"STD_ppm":1051.0,"LONG_COL_m":null,"ADEME_pulg":null,"TEMP_°C":null,"POT_H_s/u":7.35,"CE_Us/cm":null,"As_mg/L":null,"URL":"https://sigagis.conagua.gob.mx/t_infbasica/INVENTARIO/10 DURANGO/PDF/10_0015.pdf","CVE_EDO_STR":"10","NOM_EDO_OFICIAL":"DURANGO","CVE_ACUIF_STR":"0526","NOM_ACUIF_OFICIAL":"SERRANIA DEL BURRO","ACUIF_ENCONTRADO":true}},{"type":"Feature","geometry":{"type":"Point","coordinates":[-103.32791944444445,25.086230555555556]},"properties":{"CVE_LGJO":"10_0015","CVE_POZO":"5-FLOR JIMULCO(3008)","NOMB_POZO":null,"TIT_LGJO":"ISÓTOPOS AMBIENTALES   COAHUILA-DURANGO","CVE_EDO":10,"CVE_MPIO":10006.0,"AÑO":1978,"DESC":"ESTUDIO DE ACUÍFEROS EN CALIZAS Y RELLENOS.","DATUMG":null,"CVE_ACUIF":527,"NOM_ACUIF":"PRINCIPAL-REGION LAGUNERA","CT_POZO":"NO","DISEÑO_PERF":"NO","CORTE_LIT":"NO","REG_ELEC":"NO","INF_PERF":"NO","REG_AFORO":"NO","ANAL_AGUA":"SI","CROQUIS":"SI","TIPO_INF":"HIDROGEOQUÍMICO","PROF_TOT_m":null,"PROF_REG_m":null,"HGQ":"SI","F_INICIO":null,"F_FINAL":null,"NE_M":13.17,"ND_M":null,"ALTITUD_msnm":1270.0,"Q_LPS":null,"Ca":74.4,"Mg":26.4,"Na":224.0,"Cl":67.0,"SO4":477.0,"HCO3":253.0,"STD_ppm":1162.0,"LONG_COL_m":null,"ADEME_pulg":null,"TEMP_°C":null,"POT_H_s/u":7.33,"CE_Us/cm":null,"As_mg/L":null,"URL":"https://sigagis.conagua.gob.mx/t_infbasica/INVENTARIO/10 DURANGO/PDF/10_0015.pdf","CVE_EDO_STR":"10","NOM_EDO_OFICIAL":"DURANGO","CVE_ACUIF_STR":"0527","NOM_ACUIF_OFICIAL":"VALLE DE SAN MARCOS","ACUIF_ENCONTRADO":true}},{"type":"Feature","geometry":{"type":"Point","coordinates":[-103.38876944444445,25.14445]},"properties":{"CVE_LGJO":"10_0015","CVE_POZO":"6-ZARAGOZA (2999)","NOMB_POZO":null,"TIT_LGJO":"ISÓTOPOS AMBIENTALES   COAHUILA-DURANGO","CVE_EDO":10,"CVE_MPIO":10006.0,"AÑO":1978,"DESC":"ESTUDIO DE ACUÍFEROS EN CALIZAS Y RELLENOS.","DATUMG":null,"CVE_ACUIF":528,"NOM_ACUIF":"PRINCIPAL-REGION LAGUNERA","CT_POZO":"NO","DISEÑO_PERF":"NO","CORTE_LIT":"NO","REG_ELEC":"NO","INF_PERF":"NO","REG_AFORO":"NO","ANAL_AGUA":"SI","CROQUIS":"SI","TIPO_INF":"HIDROGEOQUÍMICO","PROF_TOT_m":null,"PROF_REG_m":null,"HGQ":"SI","F_INICIO":null,"F_FINAL":null,"NE_M":null,"ND_M":null,"ALTITUD_msnm":1255.0,"Q_LPS":45.0,"Ca":136.0,"Mg":75.3,"Na":714.0,"Cl":234.0,"SO4":1630.0,"HCO3":129.0,"STD_ppm":2967.0,"LONG_COL_m":null,"ADEME_pulg":null,"TEMP_°C":null,"POT_H_s/u":7.25,"CE_Us/cm":null,"As_mg/L":null,"URL":"https://sigagis.conagua.gob.mx/t_infbasica/INVENTARIO/10 DURANGO/PDF/10_0015.pdf","CVE_EDO_STR":"10","NOM_EDO_OFICIAL":"DURANGO","CVE_ACUIF_STR":"0528","NOM_ACUIF_OFICIAL":"CUATROCIÉNEGAS","ACUIF_ENCONTRADO":true}},{"type":"Feature","geometry":{"type":"Point","coordinates":[-102.81068055555555,25.332930555555556]},"properties":{"CVE_LGJO":"10_0015","CVE_POZO":"7-VIESCA (3011)","NOMB_POZO":null,"TIT_LGJO":"ISÓTOPOS AMBIENTALES   COAHUILA-DURANGO","CVE_EDO":10,"CVE_MPIO":5036.0,"AÑO":1978,"DESC":"ESTUDIO DE ACUÍFEROS EN CALIZAS Y RELLENOS.","DATUMG":null,"CVE_ACUIF":529,"NOM_ACUIF":"PRINCIPAL-REGION LAGUNERA","CT_POZO":"NO","DISEÑO_PERF":"NO","CORTE_LIT":"NO","REG_ELEC":"NO","INF_PERF":"NO","REG_AFORO":"NO","ANAL_AGUA":"SI","CROQUIS":"SI","TIPO_INF":"HIDROGEOQUÍMICO","PROF_TOT_m":null,"PROF_REG_m":null,"HGQ":"SI","F_INICIO":null,"F_FINAL":null,"NE_M":42.24,"ND_M":null,"ALTITUD_msnm":1099.82,"Q_LPS":40.0,"Ca":60.8,"Mg":36.4,"Na":226.0,"Cl":154.0,"SO4":464.0,"HCO3":102.0,"STD_ppm":1043.0,"LONG_COL_m":null,"ADEME_pulg":null,"TEMP_°C":null,"POT_H_s/u":7.45,"CE_Us/cm":null,"As_mg/L":null,"URL":"https://sigagis.conagua.gob.mx/t_infbasica/INVENTARIO/10 DURANGO/PDF/10_0015.pdf","CVE_EDO_STR":"10","NOM_EDO_OFICIAL":"DURANGO","CVE_ACUIF_STR":"0529","NOM_ACUIF_OFICIAL":"PRINCIPAL-REGION LAGUNERA","ACUIF_ENCONTRADO":false}},{"type":"Feature","geometry":{"type":"Point","coordinates":[-102.8732111111111,25.328488888888888]},"properties":{"CVE_LGJO":"10_0015","CVE_POZO":"8-VIESCA (3055)","NOMB_POZO":null,"TIT_LGJO":"ISÓTOPOS AMBIENTALES   COAHUILA-DURANGO","CVE_EDO":10,"CVE_MPIO":5036.0,"AÑO":1978,"DESC":"ESTUDIO DE ACUÍFEROS EN CALIZAS Y RELLENOS.","DATUMG":null,"CVE_ACUIF":530,"NOM_ACUIF":"PRINCIPAL-REGION LAGUNERA","CT_POZO":"NO","DISEÑO_PERF":"NO","CORTE_LIT":"NO","REG_ELEC":"NO","INF_PERF":"NO","REG_AFORO":"NO","ANAL_AGUA":"SI","CROQUIS":"SI","TIPO_INF":"HIDROGEOQUÍMICO","PROF_TOT_m":null,"PROF_REG_m":null,"HGQ":"SI","F_INICIO":null,"F_FINAL":null,"NE_M":null,"ND_M":null,"ALTITUD_msnm":1102.21,"Q_LPS":null,"Ca":187.0,"Mg":65.6,"Na":356.0,"Cl":450.0,"SO4":788.0,"HCO3":67.3,"STD_ppm":1955.0,"LONG_COL_m":null,"ADEME_pulg":null,"TEMP_°C":null,"POT_H_s/u":7.44,"CE_Us/cm":null,"As_mg/L":null,"URL":"https://sigagis.conagua.gob.mx/t_infbasica/INVENTARIO/10 DURANGO/PDF/10_0015.pdf","CVE_EDO_STR":"10","NOM_EDO_OFICIAL":"DURANGO","CVE_ACUIF_STR":"0530","NOM_ACUIF_OFICIAL":"PRINCIPAL-REGION LAGUNERA","ACUIF_ENCONTRADO":false}},{"type":"Feature","geometry":{"type":"Point","coordinates":[-103.01015,25.31538888888889]},"properties":{"CVE_LGJO":"10_0015","CVE_POZO":"9-V.CARRANZA (SIN CLAVE)","NOMB_POZO":null,"TIT_LGJO":"ISÓTOPOS AMBIENTALES   COAHUILA-DURANGO","CVE_EDO":10,"CVE_MPIO":5036.0,"AÑO":1978,"DESC":"ESTUDIO DE ACUÍFEROS EN CALIZAS Y RELLENOS.","DATUMG":null,"CVE_ACUIF":531,"NOM_ACUIF":"PRINCIPAL-REGION LAGUNERA","CT_POZO":"NO","DISEÑO_PERF":"NO","CORTE_LIT":"NO","REG_ELEC":"NO","INF_PERF":"NO","REG_AFORO":"NO","ANAL_AGUA":"SI","CROQUIS":"SI","TIPO_INF":"HIDROGEOQUÍMICO","PROF_TOT_m":null,"PROF_REG_m":null,"HGQ":"SI","F_INICIO":null,"F_FINAL":null,"NE_M":34.5,"ND_M":null,"ALTITUD_msnm":1110.04,"Q_LPS":null,"Ca":65.2,"Mg":25.1,"Na":69.1,"Cl":26.0,"SO4":164.0,"HCO3":236.0,"STD_ppm":618.0,"LONG_COL_m":null,"ADEME_pulg":null,"TEMP_°C":null,"POT_H_s/u":7.55,"CE_Us/cm":null,"As_mg/L":null,"URL":"https://sigagis.conagua.gob.mx/t_infbasica/INVENTARIO/10 DURANGO/PDF/10_0015.pdf","CVE_EDO_STR":"10","NOM_EDO_OFICIAL":"DURANGO","CVE_ACUIF_STR":"0531","NOM_ACUIF_OFICIAL":"PRINCIPAL-REGION LAGUNERA","ACUIF_ENCONTRADO":false}},{"type":"Feature","geometry":{"type":"Point","coordinates":[-103.35555555555555,25.668055555555558]},"properties":{"CVE_LGJO":"10_0020","CVE_POZO":"SIN ID","NOMB_POZO":null,"TIT_LGJO":"EJIDO ALBIA  COAHUILA-DURANGO","CVE_EDO":10,"CVE_MPIO":5035.0,"AÑO":1985,"DESC":"DICTAMEN.","DATUMG":null,"CVE_ACUIF":523,"NOM_ACUIF":"PRINCIPAL-REGION LAGUNERA","CT_POZO":"NO","DISEÑO_PERF":"NO","CORTE_LIT":"NO","REG_ELEC":"NO","INF_PERF":"NO","REG_AFORO":"NO","ANAL_AGUA":"NO","CROQUIS":"SI","TIPO_INF":"PROFUNDIDAD","PROF_TOT_m":250.0,"PROF_REG_m":null,"HGQ":"NO","F_INICIO":null,"F_FINAL":"1985-05-14","NE_M":90.0,"ND_M":108.0,"ALTITUD_msnm":null,"Q_LPS":null,"Ca":null,"Mg":null,"Na":null,"Cl":null,"SO4":null,"HCO3":null,"STD_ppm":null,"LONG_COL_m":null,"ADEME_pulg":null,"TEMP_°C":null,"POT_H_s/u":null,"CE_Us/cm":null,"As_mg/L":null,"URL":"https://sigagis.conagua.gob.mx/t_infbasica/INVENTARIO/10 DURANGO/PDF/10_0020.pdf","CVE_EDO_STR":"10","NOM_EDO_OFICIAL":"DURANGO","CVE_ACUIF_STR":"0523","NOM_ACUIF_OFICIAL":"PRINCIPAL-REGIÓN LAGUNERA","ACUIF_ENCONTRADO":true}},{"type":"Feature","geometry":{"type":"Point","coordinates":[-103.66666666666667,25.533333333333335]},"properties":{"CVE_LGJO":"10_0021","CVE_POZO":"PDGOECL85-01","NOMB_POZO":"LEÓN GUZMÁN (EL PAVO)","TIT_LGJO":"HOJA DE CONTROL DE AVANCE Y TERMINACIÓN DEL POZO PDGOECL85-01, LOCALIDAD DE EJIDO LEÓN GUZMÁN, MPIO. DE LERDO, EDO. DE DURANGO","CVE_EDO":10,"CVE_MPIO":10012.0,"AÑO":1985,"DESC":"HOJA DE CONTROL DE AVANCE Y TERMINACIÓN DEL POZO","DATUMG":null,"CVE_ACUIF":523,"NOM_ACUIF":"PRINCIPAL-REGION LAGUNERA","CT_POZO":"NO","DISEÑO_PERF":"NO","CORTE_LIT":"NO","REG_ELEC":"NO","INF_PERF":"SI","REG_AFORO":"NO","ANAL_AGUA":"NO","CROQUIS":"NO","TIPO_INF":"PROFUNDIDAD","PROF_TOT_m":197.0,"PROF_REG_m":194.0,"HGQ":"NO","F_INICIO":"1985-02-01","F_FINAL":"1985-04-18","NE_M":32.0,"ND_M":null,"ALTITUD_msnm":1035.0,"Q_LPS":null,"Ca":null,"Mg":null,"Na":null,"Cl":null,"SO4":null,"HCO3":null,"STD_ppm":null,"LONG_COL_m":null,"ADEME_pulg":null,"TEMP_°C":null,"POT_H_s/u":null,"CE_Us/cm":null,"As_mg/L":null,"URL":"https://sigagis.conagua.gob.mx/t_infbasica/INVENTARIO/10 DURANGO/PDF/10_0021.pdf","CVE_EDO_STR":"10","NOM_EDO_OFICIAL":"DURANGO","CVE_ACUIF_STR":"0523","NOM_ACUIF_OFICIAL":"PRINCIPAL-REGIÓN LAGUNERA","ACUIF_ENCONTRADO":true}},{"type":"Feature","geometry":{"type":"Point","coordinates":[-103.38777777777779,26.04638888888889]},"properties":{"CVE_LGJO":"10_0024","CVE_POZO":"SIN ID","NOMB_POZO":null,"TIT_LGJO":"PERFORACIÓN DE 5 POZOS EXPLORATORIOS  COAHUILA-DURANGO","CVE_EDO":10,"CVE_MPIO":10086.0,"AÑO":1993,"DESC":"INFORME DE LA PERFORACIÓN.","DATUMG":null,"CVE_ACUIF":523,"NOM_ACUIF":"PRINCIPAL-REGION LAGUNERA","CT_POZO":"NO","DISEÑO_PERF":"NO","CORTE_LIT":"NO","REG_ELEC":"NO","INF_PERF":"NO","REG_AFORO":"NO","ANAL_AGUA":"NO","CROQUIS":"SI","TIPO_INF":"CROQUIS","PROF_TOT_m":null,"PROF_REG_m":null,"HGQ":"NO","F_INICIO":null,"F_FINAL":"1993-03-26","NE_M":null,"ND_M":null,"ALTITUD_msnm":null,"Q_LPS":null,"Ca":null,"Mg":null,"Na":null,"Cl":null,"SO4":null,"HCO3":null,"STD_ppm":null,"LONG_COL_m":null,"ADEME_pulg":null,"TEMP_°C":null,"POT_H_s/u":null,"CE_Us/cm":null,"As_mg/L":null,"URL":"https://sigagis.conagua.gob.mx/t_infbasica/INVENTARIO/10 DURANGO/PDF/10_0024.pdf","CVE_EDO_STR":"10","NOM_EDO_OFICIAL":"DURANGO","CVE_ACUIF_STR":"0523","NOM_ACUIF_OFICIAL":"PRINCIPAL-REGIÓN LAGUNERA","ACUIF_ENCONTRADO":true}},{"type":"Feature","geometry":{"type":"Point","coordinates":[-103.61944444444444,25.900277777777777]},"properties":{"CVE_LGJO":"10_0024","CVE_POZO":"SIN ID","NOMB_POZO":null,"TIT_LGJO":"PERFORACIÓN DE 5 POZOS EXPLORATORIOS  COAHUILA-DURANGO","CVE_EDO":10,"CVE_MPIO":10013.0,"AÑO":1993,"DESC":"INFORME DE LA PERFORACIÓN.","DATUMG":null,"CVE_ACUIF":523,"NOM_ACUIF":"PRINCIPAL-REGION LAGUNERA","CT_POZO":"NO","DISEÑO_PERF":"NO","CORTE_LIT":"NO","REG_ELEC":"NO","INF_PERF":"NO","REG_AFORO":"NO","ANAL_AGUA":"NO","CROQUIS":"SI","TIPO_INF":"CROQUIS","PROF_TOT_m":null,"PROF_REG_m":null,"HGQ":"NO","F_INICIO":null,"F_FINAL":"1993-03-26","NE_M":null,"ND_M":null,"ALTITUD_msnm":null,"Q_LPS":null,"Ca":null,"Mg":null,"Na":null,"Cl":null,"SO4":null,"HCO3":null,"STD_ppm":null,"LONG_COL_m":null,"ADEME_pulg":null,"TEMP_°C":null,"POT_H_s/u":null,"CE_Us/cm":null,"As_mg/L":null,"URL":"https://sigagis.conagua.gob.mx/t_infbasica/INVENTARIO/10 DURANGO/PDF/10_0024.pdf","CVE_EDO_STR":"10","NOM_EDO_OFICIAL":"DURANGO","CVE_ACUIF_STR":"0523","NOM_ACUIF_OFICIAL":"PRINCIPAL-REGIÓN LAGUNERA","ACUIF_ENCONTRADO":true}},{"type":"Feature","geometry":{"type":"Point","coordinates":[-103.13583333333334,25.791111111111114]},"properties":{"CVE_LGJO":"10_0024","CVE_POZO":"SIN ID","NOMB_POZO":null,"TIT_LGJO":"PERFORACIÓN DE 5 POZOS EXPLORATORIOS  COAHUILA-DURANGO","CVE_EDO":10,"CVE_MPIO":5033.0,"AÑO":1993,"DESC":"INFORME DE LA PERFORACIÓN.","DATUMG":null,"CVE_ACUIF":523,"NOM_ACUIF":"PRINCIPAL-REGION LAGUNERA","CT_POZO":"NO","DISEÑO_PERF":"NO","CORTE_LIT":"NO","REG_ELEC":"NO","INF_PERF":"NO","REG_AFORO":"NO","ANAL_AGUA":"NO","CROQUIS":"SI","TIPO_INF":"CROQUIS","PROF_TOT_m":null,"PROF_REG_m":null,"HGQ":"NO","F_INICIO":null,"F_FINAL":"1993-03-26","NE_M":null,"ND_M":null,"ALTITUD_msnm":null,"Q_LPS":null,"Ca":null,"Mg":null,"Na":null,"Cl":null,"SO4":null,"HCO3":null,"STD_ppm":null,"LONG_COL_m":null,"ADEME_pulg":null,"TEMP_°C":null,"POT_H_s/u":null,"CE_Us/cm":null,"As_mg/L":null,"URL":"https://sigagis.conagua.gob.mx/t_infbasica/INVENTARIO/10 DURANGO/PDF/10_0024.pdf","CVE_EDO_STR":"10","NOM_EDO_OFICIAL":"DURANGO","CVE_ACUIF_STR":"0523","NOM_ACUIF_OFICIAL":"PRINCIPAL-REGIÓN LAGUNERA","ACUIF_ENCONTRADO":true}},{"type":"Feature","geometry":{"type":"Point","coordinates":[-103.43055555555556,25.620833333333334]},"properties":{"CVE_LGJO":"10_0024","CVE_POZO":"SIN ID","NOMB_POZO":null,"TIT_LGJO":"PERFORACIÓN DE 5 POZOS EXPLORATORIOS  COAHUILA-DURANGO","CVE_EDO":10,"CVE_MPIO":10007.0,"AÑO":1993,"DESC":"INFORME DE LA PERFORACIÓN.","DATUMG":null,"CVE_ACUIF":523,"NOM_ACUIF":"PRINCIPAL-REGION LAGUNERA","CT_POZO":"NO","DISEÑO_PERF":"NO","CORTE_LIT":"NO","REG_ELEC":"NO","INF_PERF":"NO","REG_AFORO":"NO","ANAL_AGUA":"NO","CROQUIS":"SI","TIPO_INF":"CROQUIS","PROF_TOT_m":null,"PROF_REG_m":null,"HGQ":"NO","F_INICIO":null,"F_FINAL":"1993-03-26","NE_M":null,"ND_M":null,"ALTITUD_msnm":null,"Q_LPS":null,"Ca":null,"Mg":null,"Na":null,"Cl":null,"SO4":null,"HCO3":null,"STD_ppm":null,"LONG_COL_m":null,"ADEME_pulg":null,"TEMP_°C":null,"POT_H_s/u":null,"CE_Us/cm":null,"As_mg/L":null,"URL":"https://sigagis.conagua.gob.mx/t_infbasica/INVENTARIO/10 DURANGO/PDF/10_0024.pdf","CVE_EDO_STR":"10","NOM_EDO_OFICIAL":"DURANGO","CVE_ACUIF_STR":"0523","NOM_ACUIF_OFICIAL":"PRINCIPAL-REGIÓN LAGUNERA","ACUIF_ENCONTRADO":true}},{"type":"Feature","geometry":{"type":"Point","coordinates":[-103.23273888888889,25.506769444444444]},"properties":{"CVE_LGJO":"10_0024","CVE_POZO":"SIN ID","NOMB_POZO":null,"TIT_LGJO":"PERFORACIÓN DE 5 POZOS EXPLORATORIOS  COAHUILA-DURANGO","CVE_EDO":10,"CVE_MPIO":5017.0,"AÑO":1993,"DESC":"INFORME DE LA PERFORACIÓN.","DATUMG":null,"CVE_ACUIF":523,"NOM_ACUIF":"PRINCIPAL-REGION LAGUNERA","CT_POZO":"NO","DISEÑO_PERF":"NO","CORTE_LIT":"NO","REG_ELEC":"NO","INF_PERF":"NO","REG_AFORO":"NO","ANAL_AGUA":"NO","CROQUIS":"SI","TIPO_INF":"CROQUIS","PROF_TOT_m":null,"PROF_REG_m":null,"HGQ":"NO","F_INICIO":null,"F_FINAL":"1993-03-26","NE_M":null,"ND_M":null,"ALTITUD_msnm":null,"Q_LPS":null,"Ca":null,"Mg":null,"Na":null,"Cl":null,"SO4":null,"HCO3":null,"STD_ppm":null,"LONG_COL_m":null,"ADEME_pulg":null,"TEMP_°C":null,"POT_H_s/u":null,"CE_Us/cm":null,"As_mg/L":null,"URL":"https://sigagis.conagua.gob.mx/t_infbasica/INVENTARIO/10 DURANGO/PDF/10_0024.pdf","CVE_EDO_STR":"10","NOM_EDO_OFICIAL":"DURANGO","CVE_ACUIF_STR":"0523","NOM_ACUIF_OFICIAL":"PRINCIPAL-REGIÓN LAGUNERA","ACUIF_ENCONTRADO":true}},{"type":"Feature","geometry":{"type":"Point","coordinates":[-103.51948,25.59212]},"properties":{"CVE_LGJO":"10_0025","CVE_POZO":"POZO 17 (A1990)","NOMB_POZO":null,"TIT_LGJO":"GEOHIDROLOGÍA DE LA LAGUNA (I Y II ETAPA), REALIZADA POR EL IMTA","CVE_EDO":10,"CVE_MPIO":10007.0,"AÑO":1993,"DESC":"POZO SELECCIONADO (I Y II ETAPA ) EN LA INVESTIGACIÓN PARA CARACTERIZAR HIDROQUÍMICAMENTE DE LA ZONA \"LA LAGUNA\", DEGRADA POR CONCENTRACIONES ELEVADAS DE ARSÉNICO, MOSTRANDO UN DETERIORO EN SU CALIDAD FÍSICO-QUÍMICA.","DATUMG":null,"CVE_ACUIF":523,"NOM_ACUIF":"PRINCIPAL-REGION LAGUNERA","CT_POZO":"NO","DISEÑO_PERF":"NO","CORTE_LIT":"NO","REG_ELEC":"NO","INF_PERF":"NO","REG_AFORO":"NO","ANAL_AGUA":"SI","CROQUIS":"SI","TIPO_INF":"HIDROGEOQUÍMICO","PROF_TOT_m":null,"PROF_REG_m":null,"HGQ":"SI","F_INICIO":null,"F_FINAL":null,"NE_M":60.96,"ND_M":null,"ALTITUD_msnm":null,"Q_LPS":null,"Ca":null,"Mg":null,"Na":null,"Cl":null,"SO4":null,"HCO3":null,"STD_ppm":null,"LONG_COL_m":null,"ADEME_pulg":null,"TEMP_°C":28,"POT_H_s/u":6.9,"CE_Us/cm":900,"As_mg/L":0.0167,"URL":"https://sigagis.conagua.gob.mx/t_infbasica/INVENTARIO/10 DURANGO/PDF/10_0025.pdf","CVE_EDO_STR":"10","NOM_EDO_OFICIAL":"DURANGO","CVE_ACUIF_STR":"0523","NOM_ACUIF_OFICIAL":"PRINCIPAL-REGIÓN LAGUNERA","ACUIF_ENCONTRADO":true}},{"type":"Feature","geometry":{"type":"Point","coordinates":[-103.51948,25.59212]},"properties":{"CVE_LGJO":"10_0025","CVE_POZO":"POZO 17 (A1993)","NOMB_POZO":null,"TIT_LGJO":"GEOHIDROLOGÍA DE LA LAGUNA, REALIZADA POR EL IMTA","CVE_EDO":10,"CVE_MPIO":10007.0,"AÑO":1993,"DESC":"POZO SELECCIONADO EN LA INVESTIGACIÓN PARA CARACTERIZAR HIDROQUÍMICAMENTE DE LA ZONA \"LA LAGUNA\", DEGRADA POR CONCENTRACIONES ELEVADAS DE ARSÉNICO, MOSTRANDO UN DETERIORO EN SU CALIDAD FÍSICO-QUÍMICA.","DATUMG":null,"CVE_ACUIF":523,"NOM_ACUIF":"PRINCIPAL-REGION LAGUNERA","CT_POZO":"NO","DISEÑO_PERF":"NO","CORTE_LIT":"NO","REG_ELEC":"NO","INF_PERF":"NO","REG_AFORO":"NO","ANAL_AGUA":"SI","CROQUIS":"SI","TIPO_INF":"HIDROGEOQUÍMICO","PROF_TOT_m":null,"PROF_REG_m":null,"HGQ":"SI","F_INICIO":null,"F_FINAL":null,"NE_M":60.96,"ND_M":null,"ALTITUD_msnm":null,"Q_LPS":null,"Ca":null,"Mg":null,"Na":null,"Cl":null,"SO4":null,"HCO3":null,"STD_ppm":null,"LONG_COL_m":null,"ADEME_pulg":null,"TEMP_°C":27.6,"POT_H_s/u":7.1,"CE_Us/cm":797,"As_mg/L":0.0067,"URL":"https://sigagis.conagua.gob.mx/t_infbasica/INVENTARIO/10 DURANGO/PDF/10_0025.pdf","CVE_EDO_STR":"10","NOM_EDO_OFICIAL":"DURANGO","CVE_ACUIF_STR":"0523","NOM_ACUIF_OFICIAL":"PRINCIPAL-REGIÓN LAGUNERA","ACUIF_ENCONTRADO":true}},{"type":"Feature","geometry":{"type":"Point","coordinates":[-103.52213,25.67924]},"properties":{"CVE_LGJO":"10_0025","CVE_POZO":"POZO 55","NOMB_POZO":null,"TIT_LGJO":"GEOHIDROLOGÍA DE LA LAGUNA, REALIZADA POR EL IMTA","CVE_EDO":10,"CVE_MPIO":10007.0,"AÑO":1993,"DESC":"POZO DE LA ZONA \"LA LAGUNA\".","DATUMG":null,"CVE_ACUIF":523,"NOM_ACUIF":"PRINCIPAL-REGION LAGUNERA","CT_POZO":"NO","DISEÑO_PERF":"NO","CORTE_LIT":"NO","REG_ELEC":"NO","INF_PERF":"NO","REG_AFORO":"NO","ANAL_AGUA":"NO","CROQUIS":"SI","TIPO_INF":"CROQUIS","PROF_TOT_m":null,"PROF_REG_m":null,"HGQ":"NO","F_INICIO":null,"F_FINAL":null,"NE_M":null,"ND_M":null,"ALTITUD_msnm":null,"Q_LPS":null,"Ca":null,"Mg":null,"Na":null,"Cl":null,"SO4":null,"HCO3":null,"STD_ppm":null,"LONG_COL_m":null,"ADEME_pulg":null,"TEMP_°C":null,"POT_H_s/u":null,"CE_Us/cm":null,"As_mg/L":null,"URL":"https://sigagis.conagua.gob.mx/t_infbasica/INVENTARIO/10 DURANGO/PDF/10_0025.pdf","CVE_EDO_STR":"10","NOM_EDO_OFICIAL":"DURANGO","CVE_ACUIF_STR":"0523","NOM_ACUIF_OFICIAL":"PRINCIPAL-REGIÓN LAGUNERA","ACUIF_ENCONTRADO":true}},{"type":"Feature","geometry":{"type":"Point","coordinates":[-103.60884,25.71124]},"properties":{"CVE_LGJO":"10_0025","CVE_POZO":"POZO 116 (A1993)","NOMB_POZO":null,"TIT_LGJO":"GEOHIDROLOGÍA DE LA LAGUNA, REALIZADA POR EL IMTA","CVE_EDO":10,"CVE_MPIO":10007.0,"AÑO":1993,"DESC":"POZO SELECCIONADO EN LA INVESTIGACIÓN PARA CARACTERIZAR HIDROQUÍMICAMENTE DE LA ZONA \"LA LAGUNA\", DEGRADA POR CONCENTRACIONES ELEVADAS DE ARSÉNICO, MOSTRANDO UN DETERIORO EN SU CALIDAD FÍSICO-QUÍMICA.","DATUMG":null,"CVE_ACUIF":523,"NOM_ACUIF":"PRINCIPAL-REGION LAGUNERA","CT_POZO":"NO","DISEÑO_PERF":"NO","CORTE_LIT":"NO","REG_ELEC":"NO","INF_PERF":"NO","REG_AFORO":"NO","ANAL_AGUA":"NO","CROQUIS":"SI","TIPO_INF":"PROFUNDIDAD","PROF_TOT_m":null,"PROF_REG_m":null,"HGQ":"SI","F_INICIO":null,"F_FINAL":null,"NE_M":70.71,"ND_M":null,"ALTITUD_msnm":null,"Q_LPS":null,"Ca":null,"Mg":null,"Na":null,"Cl":null,"SO4":null,"HCO3":null,"STD_ppm":null,"LONG_COL_m":null,"ADEME_pulg":null,"TEMP_°C":null,"POT_H_s/u":null,"CE_Us/cm":null,"As_mg/L":null,"URL":"https://sigagis.conagua.gob.mx/t_infbasica/INVENTARIO/10 DURANGO/PDF/10_0025.pdf","CVE_EDO_STR":"10","NOM_EDO_OFICIAL":"DURANGO","CVE_ACUIF_STR":"0523","NOM_ACUIF_OFICIAL":"PRINCIPAL-REGIÓN LAGUNERA","ACUIF_ENCONTRADO":true}},{"type":"Feature","geometry":{"type":"Point","coordinates":[-103.51905,25.78266]},"properties":{"CVE_LGJO":"10_0025","CVE_POZO":"POZO 158 (A1993)","NOMB_POZO":null,"TIT_LGJO":"GEOHIDROLOGÍA DE LA LAGUNA, REALIZADA POR EL IMTA","CVE_EDO":10,"CVE_MPIO":10007.0,"AÑO":1993,"DESC":"POZO SELECCIONADO EN LA INVESTIGACIÓN PARA CARACTERIZAR HIDROQUÍMICAMENTE DE LA ZONA \"LA LAGUNA\", DEGRADA POR CONCENTRACIONES ELEVADAS DE ARSÉNICO, MOSTRANDO UN DETERIORO EN SU CALIDAD FÍSICO-QUÍMICA.","DATUMG":null,"CVE_ACUIF":523,"NOM_ACUIF":"PRINCIPAL-REGION LAGUNERA","CT_POZO":"NO","DISEÑO_PERF":"NO","CORTE_LIT":"NO","REG_ELEC":"NO","INF_PERF":"NO","REG_AFORO":"NO","ANAL_AGUA":"NO","CROQUIS":"SI","TIPO_INF":"PROFUNDIDAD","PROF_TOT_m":null,"PROF_REG_m":null,"HGQ":"SI","F_INICIO":null,"F_FINAL":null,"NE_M":84.12,"ND_M":null,"ALTITUD_msnm":null,"Q_LPS":null,"Ca":null,"Mg":null,"Na":null,"Cl":null,"SO4":null,"HCO3":null,"STD_ppm":null,"LONG_COL_m":null,"ADEME_pulg":null,"TEMP_°C":null,"POT_H_s/u":null,"CE_Us/cm":null,"As_mg/L":null,"URL":"https://sigagis.conagua.gob.mx/t_infbasica/INVENTARIO/10 DURANGO/PDF/10_0025.pdf","CVE_EDO_STR":"10","NOM_EDO_OFICIAL":"DURANGO","CVE_ACUIF_STR":"0523","NOM_ACUIF_OFICIAL":"PRINCIPAL-REGIÓN LAGUNERA","ACUIF_ENCONTRADO":true}},{"type":"Feature","geometry":{"type":"Point","coordinates":[-103.60046,25.65878]},"properties":{"CVE_LGJO":"10_0025","CVE_POZO":"POZO 186","NOMB_POZO":null,"TIT_LGJO":"GEOHIDROLOGÍA DE LA LAGUNA, REALIZADA POR EL IMTA","CVE_EDO":10,"CVE_MPIO":10007.0,"AÑO":1993,"DESC":"POZO DE LA ZONA \"LA LAGUNA\".","DATUMG":null,"CVE_ACUIF":523,"NOM_ACUIF":"PRINCIPAL-REGION LAGUNERA","CT_POZO":"NO","DISEÑO_PERF":"NO","CORTE_LIT":"NO","REG_ELEC":"NO","INF_PERF":"NO","REG_AFORO":"NO","ANAL_AGUA":"NO","CROQUIS":"SI","TIPO_INF":"CROQUIS","PROF_TOT_m":null,"PROF_REG_m":null,"HGQ":"NO","F_INICIO":null,"F_FINAL":null,"NE_M":null,"ND_M":null,"ALTITUD_msnm":null,"Q_LPS":null,"Ca":null,"Mg":null,"Na":null,"Cl":null,"SO4":null,"HCO3":null,"STD_ppm":null,"LONG_COL_m":null,"ADEME_pulg":null,"TEMP_°C":null,"POT_H_s/u":null,"CE_Us/cm":null,"As_mg/L":null,"URL":"https://sigagis.conagua.gob.mx/t_infbasica/INVENTARIO/10 DURANGO/PDF/10_0025.pdf","CVE_EDO_STR":"10","NOM_EDO_OFICIAL":"DURANGO","CVE_ACUIF_STR":"0523","NOM_ACUIF_OFICIAL":"PRINCIPAL-REGIÓN LAGUNERA","ACUIF_ENCONTRADO":true}},{"type":"Feature","geometry":{"type":"Point","coordinates":[-103.47294,25.57819]},"properties":{"CVE_LGJO":"10_0025","CVE_POZO":"POZO 233","NOMB_POZO":null,"TIT_LGJO":"GEOHIDROLOGÍA DE LA LAGUNA, REALIZADA POR EL IMTA","CVE_EDO":10,"CVE_MPIO":10007.0,"AÑO":1993,"DESC":"POZO DE LA ZONA \"LA LAGUNA\".","DATUMG":null,"CVE_ACUIF":523,"NOM_ACUIF":"PRINCIPAL-REGION LAGUNERA","CT_POZO":"NO","DISEÑO_PERF":"NO","CORTE_LIT":"NO","REG_ELEC":"NO","INF_PERF":"NO","REG_AFORO":"NO","ANAL_AGUA":"NO","CROQUIS":"SI","TIPO_INF":"CROQUIS","PROF_TOT_m":null,"PROF_REG_m":null,"HGQ":"NO","F_INICIO":null,"F_FINAL":null,"NE_M":null,"ND_M":null,"ALTITUD_msnm":null,"Q_LPS":null,"Ca":null,"Mg":null,"Na":null,"Cl":null,"SO4":null,"HCO3":null,"STD_ppm":null,"LONG_COL_m":null,"ADEME_pulg":null,"TEMP_°C":null,"POT_H_s/u":null,"CE_Us/cm":null,"As_mg/L":null,"URL":"https://sigagis.conagua.gob.mx/t_infbasica/INVENTARIO/10 DURANGO/PDF/10_0025.pdf","CVE_EDO_STR":"10","NOM_EDO_OFICIAL":"DURANGO","CVE_ACUIF_STR":"0523","NOM_ACUIF_OFICIAL":"PRINCIPAL-REGIÓN LAGUNERA","ACUIF_ENCONTRADO":true}},{"type":"Feature","geometry":{"type":"Point","coordinates":[-103.43636,25.619898]},"properties":{"CVE_LGJO":"10_0025","CVE_POZO":"POZO 251","NOMB_POZO":null,"TIT_LGJO":"GEOHIDROLOGÍA DE LA LAGUNA, REALIZADA POR EL IMTA","CVE_EDO":10,"CVE_MPIO":10007.0,"AÑO":1993,"DESC":"POZO DE LA ZONA \"LA LAGUNA\".","DATUMG":null,"CVE_ACUIF":523,"NOM_ACUIF":"PRINCIPAL-REGION LAGUNERA","CT_POZO":"NO","DISEÑO_PERF":"NO","CORTE_LIT":"NO","REG_ELEC":"NO","INF_PERF":"NO","REG_AFORO":"NO","ANAL_AGUA":"NO","CROQUIS":"SI","TIPO_INF":"CROQUIS","PROF_TOT_m":null,"PROF_REG_m":null,"HGQ":"NO","F_INICIO":null,"F_FINAL":null,"NE_M":null,"ND_M":null,"ALTITUD_msnm":null,"Q_LPS":null,"Ca":null,"Mg":null,"Na":null,"Cl":null,"SO4":null,"HCO3":null,"STD_ppm":null,"LONG_COL_m":null,"ADEME_pulg":null,"TEMP_°C":null,"POT_H_s/u":null,"CE_Us/cm":null,"As_mg/L":null,"URL":"https://sigagis.conagua.gob.mx/t_infbasica/INVENTARIO/10 DURANGO/PDF/10_0025.pdf","CVE_EDO_STR":"10","NOM_EDO_OFICIAL":"DURANGO","CVE_ACUIF_STR":"0523","NOM_ACUIF_OFICIAL":"PRINCIPAL-REGIÓN LAGUNERA","ACUIF_ENCONTRADO":true}},{"type":"Feature","geometry":{"type":"Point","coordinates":[-103.45767,25.63754]},"properties":{"CVE_LGJO":"10_0025","CVE_POZO":"POZO 257 (1990)","NOMB_POZO":null,"TIT_LGJO":"GEOHIDROLOGÍA DE LA LAGUNA (I Y II ETAPA), REALIZADA POR EL IMTA","CVE_EDO":10,"CVE_MPIO":10007.0,"AÑO":1993,"DESC":"POZO SELECCIONADO (I Y II ETAPA ) EN LA INVESTIGACIÓN PARA CARACTERIZAR HIDROQUÍMICAMENTE DE LA ZONA \"LA LAGUNA\", DEGRADA POR CONCENTRACIONES ELEVADAS DE ARSÉNICO, MOSTRANDO UN DETERIORO EN SU CALIDAD FÍSICO-QUÍMICA.","DATUMG":null,"CVE_ACUIF":523,"NOM_ACUIF":"PRINCIPAL-REGION LAGUNERA","CT_POZO":"NO","DISEÑO_PERF":"NO","CORTE_LIT":"NO","REG_ELEC":"NO","INF_PERF":"NO","REG_AFORO":"NO","ANAL_AGUA":"SI","CROQUIS":"SI","TIPO_INF":"HIDROGEOQUÍMICO","PROF_TOT_m":null,"PROF_REG_m":null,"HGQ":"SI","F_INICIO":null,"F_FINAL":null,"NE_M":null,"ND_M":null,"ALTITUD_msnm":null,"Q_LPS":null,"Ca":null,"Mg":null,"Na":null,"Cl":null,"SO4":null,"HCO3":null,"STD_ppm":null,"LONG_COL_m":null,"ADEME_pulg":null,"TEMP_°C":26,"POT_H_s/u":6.9,"CE_Us/cm":1379,"As_mg/L":0.0053,"URL":"https://sigagis.conagua.gob.mx/t_infbasica/INVENTARIO/10 DURANGO/PDF/10_0025.pdf","CVE_EDO_STR":"10","NOM_EDO_OFICIAL":"DURANGO","CVE_ACUIF_STR":"0523","NOM_ACUIF_OFICIAL":"PRINCIPAL-REGIÓN LAGUNERA","ACUIF_ENCONTRADO":true}},{"type":"Feature","geometry":{"type":"Point","coordinates":[-103.45767,25.63754]},"properties":{"CVE_LGJO":"10_0025","CVE_POZO":"POZO 257 (1993)","NOMB_POZO":null,"TIT_LGJO":"GEOHIDROLOGÍA DE LA LAGUNA, REALIZADA POR EL IMTA","CVE_EDO":10,"CVE_MPIO":10007.0,"AÑO":1993,"DESC":"POZO SELECCIONADO EN LA INVESTIGACIÓN PARA CARACTERIZAR HIDROQUÍMICAMENTE DE LA ZONA \"LA LAGUNA\", DEGRADA POR CONCENTRACIONES ELEVADAS DE ARSÉNICO, MOSTRANDO UN DETERIORO EN SU CALIDAD FÍSICO-QUÍMICA.","DATUMG":null,"CVE_ACUIF":523,"NOM_ACUIF":"PRINCIPAL-REGION LAGUNERA","CT_POZO":"NO","DISEÑO_PERF":"NO","CORTE_LIT":"NO","REG_ELEC":"NO","INF_PERF":"NO","REG_AFORO":"NO","ANAL_AGUA":"SI","CROQUIS":"SI","TIPO_INF":"HIDROGEOQUÍMICO","PROF_TOT_m":null,"PROF_REG_m":null,"HGQ":"SI","F_INICIO":null,"F_FINAL":null,"NE_M":null,"ND_M":null,"ALTITUD_msnm":null,"Q_LPS":null,"Ca":null,"Mg":null,"Na":null,"Cl":null,"SO4":null,"HCO3":null,"STD_ppm":null,"LONG_COL_m":null,"ADEME_pulg":null,"TEMP_°C":26,"POT_H_s/u":6.82,"CE_Us/cm":1070,"As_mg/L":0.0023,"URL":"https://sigagis.conagua.gob.mx/t_infbasica/INVENTARIO/10 DURANGO/PDF/10_0025.pdf","CVE_EDO_STR":"10","NOM_EDO_OFICIAL":"DURANGO","CVE_ACUIF_STR":"0523","NOM_ACUIF_OFICIAL":"PRINCIPAL-REGIÓN LAGUNERA","ACUIF_ENCONTRADO":true}},{"type":"Feature","geometry":{"type":"Point","coordinates":[-103.4329,25.74007]},"properties":{"CVE_LGJO":"10_0025","CVE_POZO":"POZO 268 (A1990)","NOMB_POZO":null,"TIT_LGJO":"GEOHIDROLOGÍA DE LA LAGUNA (I Y II ETAPA), REALIZADA POR EL IMTA","CVE_EDO":10,"CVE_MPIO":10007.0,"AÑO":1993,"DESC":"POZO SELECCIONADO (I Y II ETAPA ) EN LA INVESTIGACIÓN PARA CARACTERIZAR HIDROQUÍMICAMENTE DE LA ZONA \"LA LAGUNA\", DEGRADA POR CONCENTRACIONES ELEVADAS DE ARSÉNICO, MOSTRANDO UN DETERIORO EN SU CALIDAD FÍSICO-QUÍMICA.","DATUMG":null,"CVE_ACUIF":523,"NOM_ACUIF":"PRINCIPAL-REGION LAGUNERA","CT_POZO":"NO","DISEÑO_PERF":"NO","CORTE_LIT":"NO","REG_ELEC":"NO","INF_PERF":"NO","REG_AFORO":"NO","ANAL_AGUA":"SI","CROQUIS":"SI","TIPO_INF":"HIDROGEOQUÍMICO","PROF_TOT_m":null,"PROF_REG_m":null,"HGQ":"SI","F_INICIO":null,"F_FINAL":null,"NE_M":null,"ND_M":null,"ALTITUD_msnm":null,"Q_LPS":null,"Ca":null,"Mg":null,"Na":null,"Cl":null,"SO4":null,"HCO3":null,"STD_ppm":null,"LONG_COL_m":null,"ADEME_pulg":null,"TEMP_°C":29,"POT_H_s/u":6.9,"CE_Us/cm":370,"As_mg/L":0.0097,"URL":"https://sigagis.conagua.gob.mx/t_infbasica/INVENTARIO/10 DURANGO/PDF/10_0025.pdf","CVE_EDO_STR":"10","NOM_EDO_OFICIAL":"DURANGO","CVE_ACUIF_STR":"0523","NOM_ACUIF_OFICIAL":"PRINCIPAL-REGIÓN LAGUNERA","ACUIF_ENCONTRADO":true}},{"type":"Feature","geometry":{"type":"Point","coordinates":[-103.4329,25.74007]},"properties":{"CVE_LGJO":"10_0025","CVE_POZO":"POZO 268 (A1993)","NOMB_POZO":null,"TIT_LGJO":"GEOHIDROLOGÍA DE LA LAGUNA, REALIZADA POR EL IMTA","CVE_EDO":10,"CVE_MPIO":10007.0,"AÑO":1993,"DESC":"POZO SELECCIONADO EN LA INVESTIGACIÓN PARA CARACTERIZAR HIDROQUÍMICAMENTE DE LA ZONA \"LA LAGUNA\", DEGRADA POR CONCENTRACIONES ELEVADAS DE ARSÉNICO, MOSTRANDO UN DETERIORO EN SU CALIDAD FÍSICO-QUÍMICA.","DATUMG":null,"CVE_ACUIF":523,"NOM_ACUIF":"PRINCIPAL-REGION LAGUNERA","CT_POZO":"NO","DISEÑO_PERF":"NO","CORTE_LIT":"NO","REG_ELEC":"NO","INF_PERF":"NO","REG_AFORO":"NO","ANAL_AGUA":"SI","CROQUIS":"SI","TIPO_INF":"HIDROGEOQUÍMICO","PROF_TOT_m":null,"PROF_REG_m":null,"HGQ":"SI","F_INICIO":null,"F_FINAL":null,"NE_M":null,"ND_M":null,"ALTITUD_msnm":null,"Q_LPS":null,"Ca":null,"Mg":null,"Na":null,"Cl":null,"SO4":null,"HCO3":null,"STD_ppm":null,"LONG_COL_m":null,"ADEME_pulg":null,"TEMP_°C":29,"POT_H_s/u":7.25,"CE_Us/cm":378,"As_mg/L":0.0038,"URL":"https://sigagis.conagua.gob.mx/t_infbasica/INVENTARIO/10 DURANGO/PDF/10_0025.pdf","CVE_EDO_STR":"10","NOM_EDO_OFICIAL":"DURANGO","CVE_ACUIF_STR":"0523","NOM_ACUIF_OFICIAL":"PRINCIPAL-REGIÓN LAGUNERA","ACUIF_ENCONTRADO":true}},{"type":"Feature","geometry":{"type":"Point","coordinates":[-103.43027,25.68595]},"properties":{"CVE_LGJO":"10_0025","CVE_POZO":"POZO 297 (A1990)","NOMB_POZO":null,"TIT_LGJO":"GEOHIDROLOGÍA DE LA LAGUNA (I Y II ETAPA), REALIZADA POR EL IMTA","CVE_EDO":10,"CVE_MPIO":10007.0,"AÑO":1993,"DESC":"POZO SELECCIONADO (I Y II ETAPA ) EN LA INVESTIGACIÓN PARA CARACTERIZAR HIDROQUÍMICAMENTE DE LA ZONA \"LA LAGUNA\", DEGRADA POR CONCENTRACIONES ELEVADAS DE ARSÉNICO, MOSTRANDO UN DETERIORO EN SU CALIDAD FÍSICO-QUÍMICA.","DATUMG":null,"CVE_ACUIF":523,"NOM_ACUIF":"PRINCIPAL-REGION LAGUNERA","CT_POZO":"NO","DISEÑO_PERF":"NO","CORTE_LIT":"NO","REG_ELEC":"NO","INF_PERF":"NO","REG_AFORO":"NO","ANAL_AGUA":"SI","CROQUIS":"SI","TIPO_INF":"HIDROGEOQUÍMICO","PROF_TOT_m":null,"PROF_REG_m":null,"HGQ":"SI","F_INICIO":null,"F_FINAL":null,"NE_M":null,"ND_M":null,"ALTITUD_msnm":null,"Q_LPS":null,"Ca":null,"Mg":null,"Na":null,"Cl":null,"SO4":null,"HCO3":null,"STD_ppm":null,"LONG_COL_m":null,"ADEME_pulg":null,"TEMP_°C":26,"POT_H_s/u":6.8,"CE_Us/cm":970,"As_mg/L":0.0049,"URL":"https://sigagis.conagua.gob.mx/t_infbasica/INVENTARIO/10 DURANGO/PDF/10_0025.pdf","CVE_EDO_STR":"10","NOM_EDO_OFICIAL":"DURANGO","CVE_ACUIF_STR":"0523","NOM_ACUIF_OFICIAL":"PRINCIPAL-REGIÓN LAGUNERA","ACUIF_ENCONTRADO":true}},{"type":"Feature","geometry":{"type":"Point","coordinates":[-103.43027,25.68595]},"properties":{"CVE_LGJO":"10_0025","CVE_POZO":"POZO 297 (A1993)","NOMB_POZO":null,"TIT_LGJO":"GEOHIDROLOGÍA DE LA LAGUNA, REALIZADA POR EL IMTA","CVE_EDO":10,"CVE_MPIO":10007.0,"AÑO":1993,"DESC":"POZO SELECCIONADO EN LA INVESTIGACIÓN PARA CARACTERIZAR HIDROQUÍMICAMENTE DE LA ZONA \"LA LAGUNA\", DEGRADA POR CONCENTRACIONES ELEVADAS DE ARSÉNICO, MOSTRANDO UN DETERIORO EN SU CALIDAD FÍSICO-QUÍMICA.","DATUMG":null,"CVE_ACUIF":523,"NOM_ACUIF":"PRINCIPAL-REGION LAGUNERA","CT_POZO":"NO","DISEÑO_PERF":"NO","CORTE_LIT":"NO","REG_ELEC":"NO","INF_PERF":"NO","REG_AFORO":"NO","ANAL_AGUA":"SI","CROQUIS":"SI","TIPO_INF":"HIDROGEOQUÍMICO","PROF_TOT_m":null,"PROF_REG_m":null,"HGQ":"SI","F_INICIO":null,"F_FINAL":null,"NE_M":null,"ND_M":null,"ALTITUD_msnm":null,"Q_LPS":null,"Ca":null,"Mg":null,"Na":null,"Cl":null,"SO4":null,"HCO3":null,"STD_ppm":null,"LONG_COL_m":null,"ADEME_pulg":null,"TEMP_°C":26.3,"POT_H_s/u":6.86,"CE_Us/cm":1228,"As_mg/L":0.0021,"URL":"https://sigagis.conagua.gob.mx/t_infbasica/INVENTARIO/10 DURANGO/PDF/10_0025.pdf","CVE_EDO_STR":"10","NOM_EDO_OFICIAL":"DURANGO","CVE_ACUIF_STR":"0523","NOM_ACUIF_OFICIAL":"PRINCIPAL-REGIÓN LAGUNERA","ACUIF_ENCONTRADO":true}},{"type":"Feature","geometry":{"type":"Point","coordinates":[-103.40649,25.61117]},"properties":{"CVE_LGJO":"10_0025","CVE_POZO":"POZO 331 (A1990)","NOMB_POZO":null,"TIT_LGJO":"GEOHIDROLOGÍA DE LA LAGUNA (I Y II ETAPA), REALIZADA POR EL IMTA","CVE_EDO":5,"CVE_MPIO":5035.0,"AÑO":1993,"DESC":"POZO SELECCIONADO (I Y II ETAPA ) EN LA INVESTIGACIÓN PARA CARACTERIZAR HIDROQUÍMICAMENTE DE LA ZONA \"LA LAGUNA\", DEGRADA POR CONCENTRACIONES ELEVADAS DE ARSÉNICO, MOSTRANDO UN DETERIORO EN SU CALIDAD FÍSICO-QUÍMICA.","DATUMG":null,"CVE_ACUIF":523,"NOM_ACUIF":"PRINCIPAL-REGION LAGUNERA","CT_POZO":"NO","DISEÑO_PERF":"NO","CORTE_LIT":"NO","REG_ELEC":"NO","INF_PERF":"NO","REG_AFORO":"NO","ANAL_AGUA":"SI","CROQUIS":"SI","TIPO_INF":"HIDROGEOQUÍMICO","PROF_TOT_m":null,"PROF_REG_m":null,"HGQ":"SI","F_INICIO":null,"F_FINAL":null,"NE_M":null,"ND_M":null,"ALTITUD_msnm":null,"Q_LPS":null,"Ca":null,"Mg":null,"Na":null,"Cl":null,"SO4":null,"HCO3":null,"STD_ppm":null,"LONG_COL_m":null,"ADEME_pulg":null,"TEMP_°C":28.8,"POT_H_s/u":8.5,"CE_Us/cm":550,"As_mg/L":0.304,"URL":"https://sigagis.conagua.gob.mx/t_infbasica/INVENTARIO/05 COAHUILA DE ZARAGOZA/PDF/10_0025.pdf","CVE_EDO_STR":"05","NOM_EDO_OFICIAL":"COAHUILA","CVE_ACUIF_STR":"0523","NOM_ACUIF_OFICIAL":"PRINCIPAL-REGIÓN LAGUNERA","ACUIF_ENCONTRADO":true}},{"type":"Feature","geometry":{"type":"Point","coordinates":[-103.40649,25.61117]},"properties":{"CVE_LGJO":"10_0025","CVE_POZO":"POZO 331 (A1993)","NOMB_POZO":null,"TIT_LGJO":"GEOHIDROLOGÍA DE LA LAGUNA, REALIZADA POR EL IMTA","CVE_EDO":5,"CVE_MPIO":5035.0,"AÑO":1993,"DESC":"POZO SELECCIONADO EN LA INVESTIGACIÓN PARA CARACTERIZAR HIDROQUÍMICAMENTE DE LA ZONA \"LA LAGUNA\", DEGRADA POR CONCENTRACIONES ELEVADAS DE ARSÉNICO, MOSTRANDO UN DETERIORO EN SU CALIDAD FÍSICO-QUÍMICA.","DATUMG":null,"CVE_ACUIF":523,"NOM_ACUIF":"PRINCIPAL-REGION LAGUNERA","CT_POZO":"NO","DISEÑO_PERF":"NO","CORTE_LIT":"NO","REG_ELEC":"NO","INF_PERF":"NO","REG_AFORO":"NO","ANAL_AGUA":"SI","CROQUIS":"SI","TIPO_INF":"HIDROGEOQUÍMICO","PROF_TOT_m":null,"PROF_REG_m":null,"HGQ":"SI","F_INICIO":null,"F_FINAL":null,"NE_M":null,"ND_M":null,"ALTITUD_msnm":null,"Q_LPS":null,"Ca":null,"Mg":null,"Na":null,"Cl":null,"SO4":null,"HCO3":null,"STD_ppm":null,"LONG_COL_m":null,"ADEME_pulg":null,"TEMP_°C":24.5,"POT_H_s/u":6.6,"CE_Us/cm":1293,"As_mg/L":0.0029,"URL":"https://sigagis.conagua.gob.mx/t_infbasica/INVENTARIO/05 COAHUILA DE ZARAGOZA/PDF/10_0025.pdf","CVE_EDO_STR":"05","NOM_EDO_OFICIAL":"COAHUILA","CVE_ACUIF_STR":"0523","NOM_ACUIF_OFICIAL":"PRINCIPAL-REGIÓN LAGUNERA","ACUIF_ENCONTRADO":true}},{"type":"Feature","geometry":{"type":"Point","coordinates":[-103.42933,25.57081]},"properties":{"CVE_LGJO":"10_0025","CVE_POZO":"POZO 336","NOMB_POZO":null,"TIT_LGJO":"GEOHIDROLOGÍA DE LA LAGUNA, REALIZADA POR EL IMTA","CVE_EDO":5,"CVE_MPIO":5035.0,"AÑO":1993,"DESC":"POZO DE LA ZONA \"LA LAGUNA\".","DATUMG":null,"CVE_ACUIF":523,"NOM_ACUIF":"PRINCIPAL-REGION LAGUNERA","CT_POZO":"NO","DISEÑO_PERF":"NO","CORTE_LIT":"NO","REG_ELEC":"NO","INF_PERF":"NO","REG_AFORO":"NO","ANAL_AGUA":"NO","CROQUIS":"SI","TIPO_INF":"CROQUIS","PROF_TOT_m":null,"PROF_REG_m":null,"HGQ":"NO","F_INICIO":null,"F_FINAL":null,"NE_M":null,"ND_M":null,"ALTITUD_msnm":null,"Q_LPS":null,"Ca":null,"Mg":null,"Na":null,"Cl":null,"SO4":null,"HCO3":null,"STD_ppm":null,"LONG_COL_m":null,"ADEME_pulg":null,"TEMP_°C":null,"POT_H_s/u":null,"CE_Us/cm":null,"As_mg/L":null,"URL":"https://sigagis.conagua.gob.mx/t_infbasica/INVENTARIO/05 COAHUILA DE ZARAGOZA/PDF/10_0025.pdf","CVE_EDO_STR":"05","NOM_EDO_OFICIAL":"COAHUILA","CVE_ACUIF_STR":"0523","NOM_ACUIF_OFICIAL":"PRINCIPAL-REGIÓN LAGUNERA","ACUIF_ENCONTRADO":true}},{"type":"Feature","geometry":{"type":"Point","coordinates":[-103.40773,25.57702]},"properties":{"CVE_LGJO":"10_0025","CVE_POZO":"POZO 338","NOMB_POZO":null,"TIT_LGJO":"GEOHIDROLOGÍA DE LA LAGUNA, REALIZADA POR EL IMTA","CVE_EDO":5,"CVE_MPIO":5035.0,"AÑO":1993,"DESC":"POZO DE LA ZONA \"LA LAGUNA\".","DATUMG":null,"CVE_ACUIF":523,"NOM_ACUIF":"PRINCIPAL-REGION LAGUNERA","CT_POZO":"NO","DISEÑO_PERF":"NO","CORTE_LIT":"NO","REG_ELEC":"NO","INF_PERF":"NO","REG_AFORO":"NO","ANAL_AGUA":"NO","CROQUIS":"SI","TIPO_INF":"CROQUIS","PROF_TOT_m":null,"PROF_REG_m":null,"HGQ":"NO","F_INICIO":null,"F_FINAL":null,"NE_M":null,"ND_M":null,"ALTITUD_msnm":null,"Q_LPS":null,"Ca":null,"Mg":null,"Na":null,"Cl":null,"SO4":null,"HCO3":null,"STD_ppm":null,"LONG_COL_m":null,"ADEME_pulg":null,"TEMP_°C":null,"POT_H_s/u":null,"CE_Us/cm":null,"As_mg/L":null,"URL":"https://sigagis.conagua.gob.mx/t_infbasica/INVENTARIO/05 COAHUILA DE ZARAGOZA/PDF/10_0025.pdf","CVE_EDO_STR":"05","NOM_EDO_OFICIAL":"COAHUILA","CVE_ACUIF_STR":"0523","NOM_ACUIF_OFICIAL":"PRINCIPAL-REGIÓN LAGUNERA","ACUIF_ENCONTRADO":true}},{"type":"Feature","geometry":{"type":"Point","coordinates":[-103.4191,25.59649]},"properties":{"CVE_LGJO":"10_0025","CVE_POZO":"POZO 342","NOMB_POZO":null,"TIT_LGJO":"GEOHIDROLOGÍA DE LA LAGUNA, REALIZADA POR EL IMTA","CVE_EDO":5,"CVE_MPIO":5035.0,"AÑO":1993,"DESC":"POZO DE LA ZONA \"LA LAGUNA\".","DATUMG":null,"CVE_ACUIF":523,"NOM_ACUIF":"PRINCIPAL-REGION LAGUNERA","CT_POZO":"NO","DISEÑO_PERF":"NO","CORTE_LIT":"NO","REG_ELEC":"NO","INF_PERF":"NO","REG_AFORO":"NO","ANAL_AGUA":"NO","CROQUIS":"SI","TIPO_INF":"CROQUIS","PROF_TOT_m":null,"PROF_REG_m":null,"HGQ":"NO","F_INICIO":null,"F_FINAL":null,"NE_M":null,"ND_M":null,"ALTITUD_msnm":null,"Q_LPS":null,"Ca":null,"Mg":null,"Na":null,"Cl":null,"SO4":null,"HCO3":null,"STD_ppm":null,"LONG_COL_m":null,"ADEME_pulg":null,"TEMP_°C":null,"POT_H_s/u":null,"CE_Us/cm":null,"As_mg/L":null,"URL":"https://sigagis.conagua.gob.mx/t_infbasica/INVENTARIO/05 COAHUILA DE ZARAGOZA/PDF/10_0025.pdf","CVE_EDO_STR":"05","NOM_EDO_OFICIAL":"COAHUILA","CVE_ACUIF_STR":"0523","NOM_ACUIF_OFICIAL":"PRINCIPAL-REGIÓN LAGUNERA","ACUIF_ENCONTRADO":true}},{"type":"Feature","geometry":{"type":"Point","coordinates":[-103.40403,25.64692]},"properties":{"CVE_LGJO":"10_0025","CVE_POZO":"POZO 357","NOMB_POZO":null,"TIT_LGJO":"GEOHIDROLOGÍA DE LA LAGUNA, REALIZADA POR EL IMTA","CVE_EDO":10,"CVE_MPIO":10007.0,"AÑO":1993,"DESC":"POZO DE LA ZONA \"LA LAGUNA\".","DATUMG":null,"CVE_ACUIF":523,"NOM_ACUIF":"PRINCIPAL-REGION LAGUNERA","CT_POZO":"NO","DISEÑO_PERF":"NO","CORTE_LIT":"NO","REG_ELEC":"NO","INF_PERF":"NO","REG_AFORO":"NO","ANAL_AGUA":"NO","CROQUIS":"SI","TIPO_INF":"CROQUIS","PROF_TOT_m":null,"PROF_REG_m":null,"HGQ":"NO","F_INICIO":null,"F_FINAL":null,"NE_M":null,"ND_M":null,"ALTITUD_msnm":null,"Q_LPS":null,"Ca":null,"Mg":null,"Na":null,"Cl":null,"SO4":null,"HCO3":null,"STD_ppm":null,"LONG_COL_m":null,"ADEME_pulg":null,"TEMP_°C":null,"POT_H_s/u":null,"CE_Us/cm":null,"As_mg/L":null,"URL":"https://sigagis.conagua.gob.mx/t_infbasica/INVENTARIO/10 DURANGO/PDF/10_0025.pdf","CVE_EDO_STR":"10","NOM_EDO_OFICIAL":"DURANGO","CVE_ACUIF_STR":"0523","NOM_ACUIF_OFICIAL":"PRINCIPAL-REGIÓN LAGUNERA","ACUIF_ENCONTRADO":true}},{"type":"Feature","geometry":{"type":"Point","coordinates":[-103.39055,25.63084]},"properties":{"CVE_LGJO":"10_0025","CVE_POZO":"POZO 363","NOMB_POZO":null,"TIT_LGJO":"GEOHIDROLOGÍA DE LA LAGUNA, REALIZADA POR EL IMTA","CVE_EDO":5,"CVE_MPIO":5035.0,"AÑO":1993,"DESC":"POZO DE LA ZONA \"LA LAGUNA\".","DATUMG":null,"CVE_ACUIF":523,"NOM_ACUIF":"PRINCIPAL-REGION LAGUNERA","CT_POZO":"NO","DISEÑO_PERF":"NO","CORTE_LIT":"NO","REG_ELEC":"NO","INF_PERF":"NO","REG_AFORO":"NO","ANAL_AGUA":"NO","CROQUIS":"SI","TIPO_INF":"CROQUIS","PROF_TOT_m":null,"PROF_REG_m":null,"HGQ":"NO","F_INICIO":null,"F_FINAL":null,"NE_M":null,"ND_M":null,"ALTITUD_msnm":null,"Q_LPS":null,"Ca":null,"Mg":null,"Na":null,"Cl":null,"SO4":null,"HCO3":null,"STD_ppm":null,"LONG_COL_m":null,"ADEME_pulg":null,"TEMP_°C":null,"POT_H_s/u":null,"CE_Us/cm":null,"As_mg/L":null,"URL":"https://sigagis.conagua.gob.mx/t_infbasica/INVENTARIO/05 COAHUILA DE ZARAGOZA/PDF/10_0025.pdf","CVE_EDO_STR":"05","NOM_EDO_OFICIAL":"COAHUILA","CVE_ACUIF_STR":"0523","NOM_ACUIF_OFICIAL":"PRINCIPAL-REGIÓN LAGUNERA","ACUIF_ENCONTRADO":true}},{"type":"Feature","geometry":{"type":"Point","coordinates":[-103.36708,25.65632]},"properties":{"CVE_LGJO":"10_0025","CVE_POZO":"POZO 368","NOMB_POZO":null,"TIT_LGJO":"GEOHIDROLOGÍA DE LA LAGUNA, REALIZADA POR EL IMTA","CVE_EDO":5,"CVE_MPIO":5035.0,"AÑO":1993,"DESC":"POZO DE LA ZONA \"LA LAGUNA\".","DATUMG":null,"CVE_ACUIF":523,"NOM_ACUIF":"PRINCIPAL-REGION LAGUNERA","CT_POZO":"NO","DISEÑO_PERF":"NO","CORTE_LIT":"NO","REG_ELEC":"NO","INF_PERF":"NO","REG_AFORO":"NO","ANAL_AGUA":"NO","CROQUIS":"SI","TIPO_INF":"CROQUIS","PROF_TOT_m":null,"PROF_REG_m":null,"HGQ":"NO","F_INICIO":null,"F_FINAL":null,"NE_M":null,"ND_M":null,"ALTITUD_msnm":null,"Q_LPS":null,"Ca":null,"Mg":null,"Na":null,"Cl":null,"SO4":null,"HCO3":null,"STD_ppm":null,"LONG_COL_m":null,"ADEME_pulg":null,"TEMP_°C":null,"POT_H_s/u":null,"CE_Us/cm":null,"As_mg/L":null,"URL":"https://sigagis.conagua.gob.mx/t_infbasica/INVENTARIO/05 COAHUILA DE ZARAGOZA/PDF/10_0025.pdf","CVE_EDO_STR":"05","NOM_EDO_OFICIAL":"COAHUILA","CVE_ACUIF_STR":"0523","NOM_ACUIF_OFICIAL":"PRINCIPAL-REGIÓN LAGUNERA","ACUIF_ENCONTRADO":true}},{"type":"Feature","geometry":{"type":"Point","coordinates":[-103.37584,25.60544]},"properties":{"CVE_LGJO":"10_0025","CVE_POZO":"POZO 374","NOMB_POZO":null,"TIT_LGJO":"GEOHIDROLOGÍA DE LA LAGUNA, REALIZADA POR EL IMTA","CVE_EDO":5,"CVE_MPIO":5035.0,"AÑO":1993,"DESC":"POZO DE LA ZONA \"LA LAGUNA\".","DATUMG":null,"CVE_ACUIF":523,"NOM_ACUIF":"PRINCIPAL-REGION LAGUNERA","CT_POZO":"NO","DISEÑO_PERF":"NO","CORTE_LIT":"NO","REG_ELEC":"NO","INF_PERF":"NO","REG_AFORO":"NO","ANAL_AGUA":"NO","CROQUIS":"SI","TIPO_INF":"CROQUIS","PROF_TOT_m":null,"PROF_REG_m":null,"HGQ":"NO","F_INICIO":null,"F_FINAL":null,"NE_M":null,"ND_M":null,"ALTITUD_msnm":null,"Q_LPS":null,"Ca":null,"Mg":null,"Na":null,"Cl":null,"SO4":null,"HCO3":null,"STD_ppm":null,"LONG_COL_m":null,"ADEME_pulg":null,"TEMP_°C":null,"POT_H_s/u":null,"CE_Us/cm":null,"As_mg/L":null,"URL":"https://sigagis.conagua.gob.mx/t_infbasica/INVENTARIO/05 COAHUILA DE ZARAGOZA/PDF/10_0025.pdf","CVE_EDO_STR":"05","NOM_EDO_OFICIAL":"COAHUILA","CVE_ACUIF_STR":"0523","NOM_ACUIF_OFICIAL":"PRINCIPAL-REGIÓN LAGUNERA","ACUIF_ENCONTRADO":true}},{"type":"Feature","geometry":{"type":"Point","coordinates":[-103.39463,25.59394]},"properties":{"CVE_LGJO":"10_0025","CVE_POZO":"POZO 379","NOMB_POZO":null,"TIT_LGJO":"GEOHIDROLOGÍA DE LA LAGUNA, REALIZADA POR EL IMTA","CVE_EDO":5,"CVE_MPIO":5035.0,"AÑO":1993,"DESC":"POZO DE LA ZONA \"LA LAGUNA\".","DATUMG":null,"CVE_ACUIF":523,"NOM_ACUIF":"PRINCIPAL-REGION LAGUNERA","CT_POZO":"NO","DISEÑO_PERF":"NO","CORTE_LIT":"NO","REG_ELEC":"NO","INF_PERF":"NO","REG_AFORO":"NO","ANAL_AGUA":"NO","CROQUIS":"SI","TIPO_INF":"CROQUIS","PROF_TOT_m":null,"PROF_REG_m":null,"HGQ":"NO","F_INICIO":null,"F_FINAL":null,"NE_M":null,"ND_M":null,"ALTITUD_msnm":null,"Q_LPS":null,"Ca":null,"Mg":null,"Na":null,"Cl":null,"SO4":null,"HCO3":null,"STD_ppm":null,"LONG_COL_m":null,"ADEME_pulg":null,"TEMP_°C":null,"POT_H_s/u":null,"CE_Us/cm":null,"As_mg/L":null,"URL":"https://sigagis.conagua.gob.mx/t_infbasica/INVENTARIO/05 COAHUILA DE ZARAGOZA/PDF/10_0025.pdf","CVE_EDO_STR":"05","NOM_EDO_OFICIAL":"COAHUILA","CVE_ACUIF_STR":"0523","NOM_ACUIF_OFICIAL":"PRINCIPAL-REGIÓN LAGUNERA","ACUIF_ENCONTRADO":true}},{"type":"Feature","geometry":{"type":"Point","coordinates":[-103.34666,25.76916]},"properties":{"CVE_LGJO":"10_0025","CVE_POZO":"POZO 504","NOMB_POZO":null,"TIT_LGJO":"GEOHIDROLOGÍA DE LA LAGUNA, REALIZADA POR EL IMTA","CVE_EDO":10,"CVE_MPIO":10007.0,"AÑO":1993,"DESC":"POZO DE LA ZONA \"LA LAGUNA\".","DATUMG":null,"CVE_ACUIF":523,"NOM_ACUIF":"PRINCIPAL-REGION LAGUNERA","CT_POZO":"NO","DISEÑO_PERF":"NO","CORTE_LIT":"NO","REG_ELEC":"NO","INF_PERF":"NO","REG_AFORO":"NO","ANAL_AGUA":"NO","CROQUIS":"SI","TIPO_INF":"CROQUIS","PROF_TOT_m":null,"PROF_REG_m":null,"HGQ":"NO","F_INICIO":null,"F_FINAL":null,"NE_M":null,"ND_M":null,"ALTITUD_msnm":null,"Q_LPS":null,"Ca":null,"Mg":null,"Na":null,"Cl":null,"SO4":null,"HCO3":null,"STD_ppm":null,"LONG_COL_m":null,"ADEME_pulg":null,"TEMP_°C":null,"POT_H_s/u":null,"CE_Us/cm":null,"As_mg/L":null,"URL":"https://sigagis.conagua.gob.mx/t_infbasica/INVENTARIO/10 DURANGO/PDF/10_0025.pdf","CVE_EDO_STR":"10","NOM_EDO_OFICIAL":"DURANGO","CVE_ACUIF_STR":"0523","NOM_ACUIF_OFICIAL":"PRINCIPAL-REGIÓN LAGUNERA","ACUIF_ENCONTRADO":true}},{"type":"Feature","geometry":{"type":"Point","coordinates":[-103.58487,25.81373]},"properties":{"CVE_LGJO":"10_0025","CVE_POZO":"POZO 541","NOMB_POZO":null,"TIT_LGJO":"GEOHIDROLOGÍA DE LA LAGUNA, REALIZADA POR EL IMTA","CVE_EDO":10,"CVE_MPIO":10007.0,"AÑO":1993,"DESC":"POZO DE LA ZONA \"LA LAGUNA\".","DATUMG":null,"CVE_ACUIF":523,"NOM_ACUIF":"PRINCIPAL-REGION LAGUNERA","CT_POZO":"NO","DISEÑO_PERF":"NO","CORTE_LIT":"NO","REG_ELEC":"NO","INF_PERF":"NO","REG_AFORO":"NO","ANAL_AGUA":"NO","CROQUIS":"SI","TIPO_INF":"CROQUIS","PROF_TOT_m":null,"PROF_REG_m":null,"HGQ":"NO","F_INICIO":null,"F_FINAL":null,"NE_M":null,"ND_M":null,"ALTITUD_msnm":null,"Q_LPS":null,"Ca":null,"Mg":null,"Na":null,"Cl":null,"SO4":null,"HCO3":null,"STD_ppm":null,"LONG_COL_m":null,"ADEME_pulg":null,"TEMP_°C":null,"POT_H_s/u":null,"CE_Us/cm":null,"As_mg/L":null,"URL":"https://sigagis.conagua.gob.mx/t_infbasica/INVENTARIO/10 DURANGO/PDF/10_0025.pdf","CVE_EDO_STR":"10","NOM_EDO_OFICIAL":"DURANGO","CVE_ACUIF_STR":"0523","NOM_ACUIF_OFICIAL":"PRINCIPAL-REGIÓN LAGUNERA","ACUIF_ENCONTRADO":true}},{"type":"Feature","geometry":{"type":"Point","coordinates":[-103.64029,25.90164]},"properties":{"CVE_LGJO":"10_0025","CVE_POZO":"POZO 554","NOMB_POZO":null,"TIT_LGJO":"GEOHIDROLOGÍA DE LA LAGUNA, REALIZADA POR EL IMTA","CVE_EDO":10,"CVE_MPIO":10013.0,"AÑO":1993,"DESC":"POZO DE LA ZONA \"LA LAGUNA\".","DATUMG":null,"CVE_ACUIF":523,"NOM_ACUIF":"PRINCIPAL-REGION LAGUNERA","CT_POZO":"NO","DISEÑO_PERF":"NO","CORTE_LIT":"NO","REG_ELEC":"NO","INF_PERF":"NO","REG_AFORO":"NO","ANAL_AGUA":"NO","CROQUIS":"SI","TIPO_INF":"CROQUIS","PROF_TOT_m":null,"PROF_REG_m":null,"HGQ":"NO","F_INICIO":null,"F_FINAL":null,"NE_M":null,"ND_M":null,"ALTITUD_msnm":null,"Q_LPS":null,"Ca":null,"Mg":null,"Na":null,"Cl":null,"SO4":null,"HCO3":null,"STD_ppm":null,"LONG_COL_m":null,"ADEME_pulg":null,"TEMP_°C":null,"POT_H_s/u":null,"CE_Us/cm":null,"As_mg/L":null,"URL":"https://sigagis.conagua.gob.mx/t_infbasica/INVENTARIO/10 DURANGO/PDF/10_0025.pdf","CVE_EDO_STR":"10","NOM_EDO_OFICIAL":"DURANGO","CVE_ACUIF_STR":"0523","NOM_ACUIF_OFICIAL":"PRINCIPAL-REGIÓN LAGUNERA","ACUIF_ENCONTRADO":true}},{"type":"Feature","geometry":{"type":"Point","coordinates":[-103.2898,25.66001]},"properties":{"CVE_LGJO":"10_0025","CVE_POZO":"POZO 756 (A1990)","NOMB_POZO":null,"TIT_LGJO":"GEOHIDROLOGÍA DE LA LAGUNA (I Y II ETAPA), REALIZADA POR EL IMTA","CVE_EDO":5,"CVE_MPIO":5017.0,"AÑO":1993,"DESC":"POZO SELECCIONADO (I Y II ETAPA ) EN LA INVESTIGACIÓN PARA CARACTERIZAR HIDROQUÍMICAMENTE DE LA ZONA \"LA LAGUNA\", DEGRADA POR CONCENTRACIONES ELEVADAS DE ARSÉNICO, MOSTRANDO UN DETERIORO EN SU CALIDAD FÍSICO-QUÍMICA.","DATUMG":null,"CVE_ACUIF":523,"NOM_ACUIF":"PRINCIPAL-REGION LAGUNERA","CT_POZO":"NO","DISEÑO_PERF":"NO","CORTE_LIT":"NO","REG_ELEC":"NO","INF_PERF":"NO","REG_AFORO":"NO","ANAL_AGUA":"SI","CROQUIS":"SI","TIPO_INF":"HIDROGEOQUÍMICO","PROF_TOT_m":null,"PROF_REG_m":null,"HGQ":"SI","F_INICIO":null,"F_FINAL":null,"NE_M":null,"ND_M":null,"ALTITUD_msnm":null,"Q_LPS":null,"Ca":null,"Mg":null,"Na":null,"Cl":null,"SO4":null,"HCO3":null,"STD_ppm":null,"LONG_COL_m":null,"ADEME_pulg":null,"TEMP_°C":25,"POT_H_s/u":6.7,"CE_Us/cm":2450,"As_mg/L":0.0068,"URL":"https://sigagis.conagua.gob.mx/t_infbasica/INVENTARIO/05 COAHUILA DE ZARAGOZA/PDF/10_0025.pdf","CVE_EDO_STR":"05","NOM_EDO_OFICIAL":"COAHUILA","CVE_ACUIF_STR":"0523","NOM_ACUIF_OFICIAL":"PRINCIPAL-REGIÓN LAGUNERA","ACUIF_ENCONTRADO":true}},{"type":"Feature","geometry":{"type":"Point","coordinates":[-103.2898,25.66001]},"properties":{"CVE_LGJO":"10_0025","CVE_POZO":"POZO 756 (A1993)","NOMB_POZO":null,"TIT_LGJO":"GEOHIDROLOGÍA DE LA LAGUNA, REALIZADA POR EL IMTA","CVE_EDO":5,"CVE_MPIO":5017.0,"AÑO":1993,"DESC":"POZO SELECCIONADO EN LA INVESTIGACIÓN PARA CARACTERIZAR HIDROQUÍMICAMENTE DE LA ZONA \"LA LAGUNA\", DEGRADA POR CONCENTRACIONES ELEVADAS DE ARSÉNICO, MOSTRANDO UN DETERIORO EN SU CALIDAD FÍSICO-QUÍMICA.","DATUMG":null,"CVE_ACUIF":523,"NOM_ACUIF":"PRINCIPAL-REGION LAGUNERA","CT_POZO":"NO","DISEÑO_PERF":"NO","CORTE_LIT":"NO","REG_ELEC":"NO","INF_PERF":"NO","REG_AFORO":"NO","ANAL_AGUA":"SI","CROQUIS":"SI","TIPO_INF":"HIDROGEOQUÍMICO","PROF_TOT_m":null,"PROF_REG_m":null,"HGQ":"SI","F_INICIO":null,"F_FINAL":null,"NE_M":null,"ND_M":null,"ALTITUD_msnm":null,"Q_LPS":null,"Ca":null,"Mg":null,"Na":null,"Cl":null,"SO4":null,"HCO3":null,"STD_ppm":null,"LONG_COL_m":null,"ADEME_pulg":null,"TEMP_°C":24.1,"POT_H_s/u":6.53,"CE_Us/cm":5210,"As_mg/L":0.002,"URL":"https://sigagis.conagua.gob.mx/t_infbasica/INVENTARIO/05 COAHUILA DE ZARAGOZA/PDF/10_0025.pdf","CVE_EDO_STR":"05","NOM_EDO_OFICIAL":"COAHUILA","CVE_ACUIF_STR":"0523","NOM_ACUIF_OFICIAL":"PRINCIPAL-REGIÓN LAGUNERA","ACUIF_ENCONTRADO":true}},{"type":"Feature","geometry":{"type":"Point","coordinates":[-103.308817,25.594605]},"properties":{"CVE_LGJO":"10_0025","CVE_POZO":"POZO 774","NOMB_POZO":null,"TIT_LGJO":"GEOHIDROLOGÍA DE LA LAGUNA, REALIZADA POR EL IMTA","CVE_EDO":5,"CVE_MPIO":5035.0,"AÑO":1993,"DESC":"POZO DE LA ZONA \"LA LAGUNA\".","DATUMG":null,"CVE_ACUIF":523,"NOM_ACUIF":"PRINCIPAL-REGION LAGUNERA","CT_POZO":"NO","DISEÑO_PERF":"NO","CORTE_LIT":"NO","REG_ELEC":"NO","INF_PERF":"NO","REG_AFORO":"NO","ANAL_AGUA":"NO","CROQUIS":"SI","TIPO_INF":"CROQUIS","PROF_TOT_m":null,"PROF_REG_m":null,"HGQ":"NO","F_INICIO":null,"F_FINAL":null,"NE_M":null,"ND_M":null,"ALTITUD_msnm":null,"Q_LPS":null,"Ca":null,"Mg":null,"Na":null,"Cl":null,"SO4":null,"HCO3":null,"STD_ppm":null,"LONG_COL_m":null,"ADEME_pulg":null,"TEMP_°C":null,"POT_H_s/u":null,"CE_Us/cm":null,"As_mg/L":null,"URL":"https://sigagis.conagua.gob.mx/t_infbasica/INVENTARIO/05 COAHUILA DE ZARAGOZA/PDF/10_0025.pdf","CVE_EDO_STR":"05","NOM_EDO_OFICIAL":"COAHUILA","CVE_ACUIF_STR":"0523","NOM_ACUIF_OFICIAL":"PRINCIPAL-REGIÓN LAGUNERA","ACUIF_ENCONTRADO":true}},{"type":"Feature","geometry":{"type":"Point","coordinates":[-103.2516,25.69881]},"properties":{"CVE_LGJO":"10_0025","CVE_POZO":"POZO 847","NOMB_POZO":null,"TIT_LGJO":"GEOHIDROLOGÍA DE LA LAGUNA, REALIZADA POR EL IMTA","CVE_EDO":5,"CVE_MPIO":5017.0,"AÑO":1993,"DESC":"POZO DE LA ZONA \"LA LAGUNA\".","DATUMG":null,"CVE_ACUIF":523,"NOM_ACUIF":"PRINCIPAL-REGION LAGUNERA","CT_POZO":"NO","DISEÑO_PERF":"NO","CORTE_LIT":"NO","REG_ELEC":"NO","INF_PERF":"NO","REG_AFORO":"NO","ANAL_AGUA":"NO","CROQUIS":"SI","TIPO_INF":"CROQUIS","PROF_TOT_m":null,"PROF_REG_m":null,"HGQ":"NO","F_INICIO":null,"F_FINAL":null,"NE_M":null,"ND_M":null,"ALTITUD_msnm":null,"Q_LPS":null,"Ca":null,"Mg":null,"Na":null,"Cl":null,"SO4":null,"HCO3":null,"STD_ppm":null,"LONG_COL_m":null,"ADEME_pulg":null,"TEMP_°C":null,"POT_H_s/u":null,"CE_Us/cm":null,"As_mg/L":null,"URL":"https://sigagis.conagua.gob.mx/t_infbasica/INVENTARIO/05 COAHUILA DE ZARAGOZA/PDF/10_0025.pdf","CVE_EDO_STR":"05","NOM_EDO_OFICIAL":"COAHUILA","CVE_ACUIF_STR":"0523","NOM_ACUIF_OFICIAL":"PRINCIPAL-REGIÓN LAGUNERA","ACUIF_ENCONTRADO":true}},{"type":"Feature","geometry":{"type":"Point","coordinates":[-103.162951,25.749508]},"properties":{"CVE_LGJO":"10_0025","CVE_POZO":"POZO 901 (A1990)","NOMB_POZO":null,"TIT_LGJO":"GEOHIDROLOGÍA DE LA LAGUNA (I Y II ETAPA), REALIZADA POR EL IMTA","CVE_EDO":5,"CVE_MPIO":5033.0,"AÑO":1993,"DESC":"POZO SELECCIONADO (I Y II ETAPA ) EN LA INVESTIGACIÓN PARA CARACTERIZAR HIDROQUÍMICAMENTE DE LA ZONA \"LA LAGUNA\", DEGRADA POR CONCENTRACIONES ELEVADAS DE ARSÉNICO, MOSTRANDO UN DETERIORO EN SU CALIDAD FÍSICO-QUÍMICA.","DATUMG":null,"CVE_ACUIF":523,"NOM_ACUIF":"PRINCIPAL-REGION LAGUNERA","CT_POZO":"NO","DISEÑO_PERF":"NO","CORTE_LIT":"NO","REG_ELEC":"NO","INF_PERF":"NO","REG_AFORO":"NO","ANAL_AGUA":"SI","CROQUIS":"SI","TIPO_INF":"HIDROGEOQUÍMICO","PROF_TOT_m":null,"PROF_REG_m":null,"HGQ":"SI","F_INICIO":null,"F_FINAL":null,"NE_M":null,"ND_M":null,"ALTITUD_msnm":null,"Q_LPS":null,"Ca":null,"Mg":null,"Na":null,"Cl":null,"SO4":null,"HCO3":null,"STD_ppm":null,"LONG_COL_m":null,"ADEME_pulg":null,"TEMP_°C":24.6,"POT_H_s/u":6.3,"CE_Us/cm":3060,"As_mg/L":0.1123,"URL":"https://sigagis.conagua.gob.mx/t_infbasica/INVENTARIO/05 COAHUILA DE ZARAGOZA/PDF/10_0025.pdf","CVE_EDO_STR":"05","NOM_EDO_OFICIAL":"COAHUILA","CVE_ACUIF_STR":"0523","NOM_ACUIF_OFICIAL":"PRINCIPAL-REGIÓN LAGUNERA","ACUIF_ENCONTRADO":true}},{"type":"Feature","geometry":{"type":"Point","coordinates":[-103.162951,25.749508]},"properties":{"CVE_LGJO":"10_0025","CVE_POZO":"POZO 901 (A1993)","NOMB_POZO":null,"TIT_LGJO":"GEOHIDROLOGÍA DE LA LAGUNA, REALIZADA POR EL IMTA","CVE_EDO":5,"CVE_MPIO":5033.0,"AÑO":1993,"DESC":"POZO SELECCIONADO EN LA INVESTIGACIÓN PARA CARACTERIZAR HIDROQUÍMICAMENTE DE LA ZONA \"LA LAGUNA\", DEGRADA POR CONCENTRACIONES ELEVADAS DE ARSÉNICO, MOSTRANDO UN DETERIORO EN SU CALIDAD FÍSICO-QUÍMICA.","DATUMG":null,"CVE_ACUIF":523,"NOM_ACUIF":"PRINCIPAL-REGION LAGUNERA","CT_POZO":"NO","DISEÑO_PERF":"NO","CORTE_LIT":"NO","REG_ELEC":"NO","INF_PERF":"NO","REG_AFORO":"NO","ANAL_AGUA":"SI","CROQUIS":"SI","TIPO_INF":"HIDROGEOQUÍMICO","PROF_TOT_m":null,"PROF_REG_m":null,"HGQ":"SI","F_INICIO":null,"F_FINAL":null,"NE_M":null,"ND_M":null,"ALTITUD_msnm":null,"Q_LPS":null,"Ca":null,"Mg":null,"Na":null,"Cl":null,"SO4":null,"HCO3":null,"STD_ppm":null,"LONG_COL_m":null,"ADEME_pulg":null,"TEMP_°C":23.2,"POT_H_s/u":7.48,"CE_Us/cm":1862,"As_mg/L":0.03,"URL":"https://sigagis.conagua.gob.mx/t_infbasica/INVENTARIO/05 COAHUILA DE ZARAGOZA/PDF/10_0025.pdf","CVE_EDO_STR":"05","NOM_EDO_OFICIAL":"COAHUILA","CVE_ACUIF_STR":"0523","NOM_ACUIF_OFICIAL":"PRINCIPAL-REGIÓN LAGUNERA","ACUIF_ENCONTRADO":true}},{"type":"Feature","geometry":{"type":"Point","coordinates":[-103.25917,25.86612]},"properties":{"CVE_LGJO":"10_0025","CVE_POZO":"POZO 1000","NOMB_POZO":null,"TIT_LGJO":"GEOHIDROLOGÍA DE LA LAGUNA, REALIZADA POR EL IMTA","CVE_EDO":5,"CVE_MPIO":5009.0,"AÑO":1993,"DESC":"POZO SELECCIONADO EN LA INVESTIGACIÓN PARA CARACTERIZAR HIDROQUÍMICAMENTE DE LA ZONA \"LA LAGUNA\", DEGRADA POR CONCENTRACIONES ELEVADAS DE ARSÉNICO, MOSTRANDO UN DETERIORO EN SU CALIDAD FÍSICO-QUÍMICA.","DATUMG":null,"CVE_ACUIF":523,"NOM_ACUIF":"PRINCIPAL-REGION LAGUNERA","CT_POZO":"NO","DISEÑO_PERF":"NO","CORTE_LIT":"NO","REG_ELEC":"NO","INF_PERF":"NO","REG_AFORO":"NO","ANAL_AGUA":"NO","CROQUIS":"SI","TIPO_INF":"CROQUIS","PROF_TOT_m":null,"PROF_REG_m":null,"HGQ":"NO","F_INICIO":null,"F_FINAL":null,"NE_M":null,"ND_M":null,"ALTITUD_msnm":null,"Q_LPS":null,"Ca":null,"Mg":null,"Na":null,"Cl":null,"SO4":null,"HCO3":null,"STD_ppm":null,"LONG_COL_m":null,"ADEME_pulg":null,"TEMP_°C":null,"POT_H_s/u":null,"CE_Us/cm":null,"As_mg/L":null,"URL":"https://sigagis.conagua.gob.mx/t_infbasica/INVENTARIO/05 COAHUILA DE ZARAGOZA/PDF/10_0025.pdf","CVE_EDO_STR":"05","NOM_EDO_OFICIAL":"COAHUILA","CVE_ACUIF_STR":"0523","NOM_ACUIF_OFICIAL":"PRINCIPAL-REGIÓN LAGUNERA","ACUIF_ENCONTRADO":true}},{"type":"Feature","geometry":{"type":"Point","coordinates":[-103.12449,25.89206]},"properties":{"CVE_LGJO":"10_0025","CVE_POZO":"POZO 1036 (A1993)","NOMB_POZO":null,"TIT_LGJO":"GEOHIDROLOGÍA DE LA LAGUNA, REALIZADA POR EL IMTA","CVE_EDO":5,"CVE_MPIO":5033.0,"AÑO":1993,"DESC":"POZO SELECCIONADO EN LA INVESTIGACIÓN PARA CARACTERIZAR HIDROQUÍMICAMENTE DE LA ZONA \"LA LAGUNA\", DEGRADA POR CONCENTRACIONES ELEVADAS DE ARSÉNICO, MOSTRANDO UN DETERIORO EN SU CALIDAD FÍSICO-QUÍMICA.","DATUMG":null,"CVE_ACUIF":523,"NOM_ACUIF":"PRINCIPAL-REGION LAGUNERA","CT_POZO":"NO","DISEÑO_PERF":"NO","CORTE_LIT":"NO","REG_ELEC":"NO","INF_PERF":"NO","REG_AFORO":"NO","ANAL_AGUA":"NO","CROQUIS":"SI","TIPO_INF":"PROFUNDIDAD","PROF_TOT_m":null,"PROF_REG_m":null,"HGQ":"SI","F_INICIO":null,"F_FINAL":null,"NE_M":60.66,"ND_M":null,"ALTITUD_msnm":null,"Q_LPS":null,"Ca":null,"Mg":null,"Na":null,"Cl":null,"SO4":null,"HCO3":null,"STD_ppm":null,"LONG_COL_m":null,"ADEME_pulg":null,"TEMP_°C":null,"POT_H_s/u":null,"CE_Us/cm":null,"As_mg/L":null,"URL":"https://sigagis.conagua.gob.mx/t_infbasica/INVENTARIO/05 COAHUILA DE ZARAGOZA/PDF/10_0025.pdf","CVE_EDO_STR":"05","NOM_EDO_OFICIAL":"COAHUILA","CVE_ACUIF_STR":"0523","NOM_ACUIF_OFICIAL":"PRINCIPAL-REGIÓN LAGUNERA","ACUIF_ENCONTRADO":true}},{"type":"Feature","geometry":{"type":"Point","coordinates":[-103.31337,25.82717]},"properties":{"CVE_LGJO":"10_0025","CVE_POZO":"POZO 1040 (A1990)","NOMB_POZO":null,"TIT_LGJO":"GEOHIDROLOGÍA DE LA LAGUNA (I Y II ETAPA), REALIZADA POR EL IMTA","CVE_EDO":5,"CVE_MPIO":5009.0,"AÑO":1993,"DESC":"POZO SELECCIONADO (I Y II ETAPA ) EN LA INVESTIGACIÓN PARA CARACTERIZAR HIDROQUÍMICAMENTE DE LA ZONA \"LA LAGUNA\", DEGRADA POR CONCENTRACIONES ELEVADAS DE ARSÉNICO, MOSTRANDO UN DETERIORO EN SU CALIDAD FÍSICO-QUÍMICA.","DATUMG":null,"CVE_ACUIF":523,"NOM_ACUIF":"PRINCIPAL-REGION LAGUNERA","CT_POZO":"NO","DISEÑO_PERF":"NO","CORTE_LIT":"NO","REG_ELEC":"NO","INF_PERF":"NO","REG_AFORO":"NO","ANAL_AGUA":"SI","CROQUIS":"SI","TIPO_INF":"HIDROGEOQUÍMICO","PROF_TOT_m":null,"PROF_REG_m":null,"HGQ":"SI","F_INICIO":null,"F_FINAL":null,"NE_M":null,"ND_M":null,"ALTITUD_msnm":null,"Q_LPS":null,"Ca":null,"Mg":null,"Na":null,"Cl":null,"SO4":null,"HCO3":null,"STD_ppm":null,"LONG_COL_m":null,"ADEME_pulg":null,"TEMP_°C":28.6,"POT_H_s/u":6.9,"CE_Us/cm":661,"As_mg/L":0.0155,"URL":"https://sigagis.conagua.gob.mx/t_infbasica/INVENTARIO/05 COAHUILA DE ZARAGOZA/PDF/10_0025.pdf","CVE_EDO_STR":"05","NOM_EDO_OFICIAL":"COAHUILA","CVE_ACUIF_STR":"0523","NOM_ACUIF_OFICIAL":"PRINCIPAL-REGIÓN LAGUNERA","ACUIF_ENCONTRADO":true}},{"type":"Feature","geometry":{"type":"Point","coordinates":[-103.31337,25.82717]},"properties":{"CVE_LGJO":"10_0025","CVE_POZO":"POZO 1040 (A1993)","NOMB_POZO":null,"TIT_LGJO":"GEOHIDROLOGÍA DE LA LAGUNA, REALIZADA POR EL IMTA","CVE_EDO":5,"CVE_MPIO":5009.0,"AÑO":1993,"DESC":"POZO SELECCIONADO EN LA INVESTIGACIÓN PARA CARACTERIZAR HIDROQUÍMICAMENTE DE LA ZONA \"LA LAGUNA\", DEGRADA POR CONCENTRACIONES ELEVADAS DE ARSÉNICO, MOSTRANDO UN DETERIORO EN SU CALIDAD FÍSICO-QUÍMICA.","DATUMG":null,"CVE_ACUIF":523,"NOM_ACUIF":"PRINCIPAL-REGION LAGUNERA","CT_POZO":"NO","DISEÑO_PERF":"NO","CORTE_LIT":"NO","REG_ELEC":"NO","INF_PERF":"NO","REG_AFORO":"NO","ANAL_AGUA":"SI","CROQUIS":"SI","TIPO_INF":"HIDROGEOQUÍMICO","PROF_TOT_m":null,"PROF_REG_m":null,"HGQ":"SI","F_INICIO":null,"F_FINAL":null,"NE_M":null,"ND_M":null,"ALTITUD_msnm":null,"Q_LPS":null,"Ca":null,"Mg":null,"Na":null,"Cl":null,"SO4":null,"HCO3":null,"STD_ppm":null,"LONG_COL_m":null,"ADEME_pulg":null,"TEMP_°C":29.4,"POT_H_s/u":7.45,"CE_Us/cm":585,"As_mg/L":0.0435,"URL":"https://sigagis.conagua.gob.mx/t_infbasica/INVENTARIO/05 COAHUILA DE ZARAGOZA/PDF/10_0025.pdf","CVE_EDO_STR":"05","NOM_EDO_OFICIAL":"COAHUILA","CVE_ACUIF_STR":"0523","NOM_ACUIF_OFICIAL":"PRINCIPAL-REGIÓN LAGUNERA","ACUIF_ENCONTRADO":true}},{"type":"Feature","geometry":{"type":"Point","coordinates":[-103.13284,25.51227]},"properties":{"CVE_LGJO":"10_0025","CVE_POZO":"POZO 1125","NOMB_POZO":null,"TIT_LGJO":"GEOHIDROLOGÍA DE LA LAGUNA, REALIZADA POR EL IMTA","CVE_EDO":5,"CVE_MPIO":5017.0,"AÑO":1993,"DESC":"POZO DE LA ZONA \"LA LAGUNA\".","DATUMG":null,"CVE_ACUIF":523,"NOM_ACUIF":"PRINCIPAL-REGION LAGUNERA","CT_POZO":"NO","DISEÑO_PERF":"NO","CORTE_LIT":"NO","REG_ELEC":"NO","INF_PERF":"NO","REG_AFORO":"NO","ANAL_AGUA":"NO","CROQUIS":"SI","TIPO_INF":"CROQUIS","PROF_TOT_m":null,"PROF_REG_m":null,"HGQ":"NO","F_INICIO":null,"F_FINAL":null,"NE_M":null,"ND_M":null,"ALTITUD_msnm":null,"Q_LPS":null,"Ca":null,"Mg":null,"Na":null,"Cl":null,"SO4":null,"HCO3":null,"STD_ppm":null,"LONG_COL_m":null,"ADEME_pulg":null,"TEMP_°C":null,"POT_H_s/u":null,"CE_Us/cm":null,"As_mg/L":null,"URL":"https://sigagis.conagua.gob.mx/t_infbasica/INVENTARIO/05 COAHUILA DE ZARAGOZA/PDF/10_0025.pdf","CVE_EDO_STR":"05","NOM_EDO_OFICIAL":"COAHUILA","CVE_ACUIF_STR":"0523","NOM_ACUIF_OFICIAL":"PRINCIPAL-REGIÓN LAGUNERA","ACUIF_ENCONTRADO":true}},{"type":"Feature","geometry":{"type":"Point","coordinates":[-103.16402,25.43774]},"properties":{"CVE_LGJO":"10_0025","CVE_POZO":"POZO 1198 (A1993)","NOMB_POZO":null,"TIT_LGJO":"GEOHIDROLOGÍA DE LA LAGUNA, REALIZADA POR EL IMTA","CVE_EDO":5,"CVE_MPIO":5017.0,"AÑO":1993,"DESC":"POZO SELECCIONADO EN LA INVESTIGACIÓN PARA CARACTERIZAR HIDROQUÍMICAMENTE DE LA ZONA \"LA LAGUNA\", DEGRADA POR CONCENTRACIONES ELEVADAS DE ARSÉNICO, MOSTRANDO UN DETERIORO EN SU CALIDAD FÍSICO-QUÍMICA.","DATUMG":null,"CVE_ACUIF":523,"NOM_ACUIF":"PRINCIPAL-REGION LAGUNERA","CT_POZO":"NO","DISEÑO_PERF":"NO","CORTE_LIT":"NO","REG_ELEC":"NO","INF_PERF":"NO","REG_AFORO":"NO","ANAL_AGUA":"NO","CROQUIS":"SI","TIPO_INF":"PROFUNDIDAD","PROF_TOT_m":null,"PROF_REG_m":null,"HGQ":"SI","F_INICIO":null,"F_FINAL":null,"NE_M":119.18,"ND_M":null,"ALTITUD_msnm":null,"Q_LPS":null,"Ca":null,"Mg":null,"Na":null,"Cl":null,"SO4":null,"HCO3":null,"STD_ppm":null,"LONG_COL_m":null,"ADEME_pulg":null,"TEMP_°C":null,"POT_H_s/u":null,"CE_Us/cm":null,"As_mg/L":null,"URL":"https://sigagis.conagua.gob.mx/t_infbasica/INVENTARIO/05 COAHUILA DE ZARAGOZA/PDF/10_0025.pdf","CVE_EDO_STR":"05","NOM_EDO_OFICIAL":"COAHUILA","CVE_ACUIF_STR":"0523","NOM_ACUIF_OFICIAL":"PRINCIPAL-REGIÓN LAGUNERA","ACUIF_ENCONTRADO":true}},{"type":"Feature","geometry":{"type":"Point","coordinates":[-103.12881,25.4295]},"properties":{"CVE_LGJO":"10_0025","CVE_POZO":"POZO 1219 (A1990)","NOMB_POZO":null,"TIT_LGJO":"GEOHIDROLOGÍA DE LA LAGUNA (I Y II ETAPA), REALIZADA POR EL IMTA","CVE_EDO":5,"CVE_MPIO":5017.0,"AÑO":1993,"DESC":"POZO SELECCIONADO (I Y II ETAPA ) EN LA INVESTIGACIÓN PARA CARACTERIZAR HIDROQUÍMICAMENTE DE LA ZONA \"LA LAGUNA\", DEGRADA POR CONCENTRACIONES ELEVADAS DE ARSÉNICO, MOSTRANDO UN DETERIORO EN SU CALIDAD FÍSICO-QUÍMICA.","DATUMG":null,"CVE_ACUIF":523,"NOM_ACUIF":"PRINCIPAL-REGION LAGUNERA","CT_POZO":"NO","DISEÑO_PERF":"NO","CORTE_LIT":"NO","REG_ELEC":"NO","INF_PERF":"NO","REG_AFORO":"NO","ANAL_AGUA":"SI","CROQUIS":"SI","TIPO_INF":"HIDROGEOQUÍMICO","PROF_TOT_m":null,"PROF_REG_m":null,"HGQ":"SI","F_INICIO":null,"F_FINAL":null,"NE_M":null,"ND_M":null,"ALTITUD_msnm":null,"Q_LPS":null,"Ca":null,"Mg":null,"Na":null,"Cl":null,"SO4":null,"HCO3":null,"STD_ppm":null,"LONG_COL_m":null,"ADEME_pulg":null,"TEMP_°C":27,"POT_H_s/u":7.77,"CE_Us/cm":947,"As_mg/L":0.0234,"URL":"https://sigagis.conagua.gob.mx/t_infbasica/INVENTARIO/05 COAHUILA DE ZARAGOZA/PDF/10_0025.pdf","CVE_EDO_STR":"05","NOM_EDO_OFICIAL":"COAHUILA","CVE_ACUIF_STR":"0523","NOM_ACUIF_OFICIAL":"PRINCIPAL-REGIÓN LAGUNERA","ACUIF_ENCONTRADO":true}},{"type":"Feature","geometry":{"type":"Point","coordinates":[-103.12881,25.4295]},"properties":{"CVE_LGJO":"10_0025","CVE_POZO":"POZO 1219 (A1993)","NOMB_POZO":null,"TIT_LGJO":"GEOHIDROLOGÍA DE LA LAGUNA, REALIZADA POR EL IMTA","CVE_EDO":5,"CVE_MPIO":5017.0,"AÑO":1993,"DESC":"POZO SELECCIONADO EN LA INVESTIGACIÓN PARA CARACTERIZAR HIDROQUÍMICAMENTE DE LA ZONA \"LA LAGUNA\", DEGRADA POR CONCENTRACIONES ELEVADAS DE ARSÉNICO, MOSTRANDO UN DETERIORO EN SU CALIDAD FÍSICO-QUÍMICA.","DATUMG":null,"CVE_ACUIF":523,"NOM_ACUIF":"PRINCIPAL-REGION LAGUNERA","CT_POZO":"NO","DISEÑO_PERF":"NO","CORTE_LIT":"NO","REG_ELEC":"NO","INF_PERF":"NO","REG_AFORO":"NO","ANAL_AGUA":"SI","CROQUIS":"SI","TIPO_INF":"HIDROGEOQUÍMICO","PROF_TOT_m":null,"PROF_REG_m":null,"HGQ":"SI","F_INICIO":null,"F_FINAL":null,"NE_M":null,"ND_M":null,"ALTITUD_msnm":null,"Q_LPS":null,"Ca":null,"Mg":null,"Na":null,"Cl":null,"SO4":null,"HCO3":null,"STD_ppm":null,"LONG_COL_m":null,"ADEME_pulg":null,"TEMP_°C":27.1,"POT_H_s/u":7.39,"CE_Us/cm":843,"As_mg/L":0.015,"URL":"https://sigagis.conagua.gob.mx/t_infbasica/INVENTARIO/05 COAHUILA DE ZARAGOZA/PDF/10_0025.pdf","CVE_EDO_STR":"05","NOM_EDO_OFICIAL":"COAHUILA","CVE_ACUIF_STR":"0523","NOM_ACUIF_OFICIAL":"PRINCIPAL-REGIÓN LAGUNERA","ACUIF_ENCONTRADO":true}},{"type":"Feature","geometry":{"type":"Point","coordinates":[-103.34651,25.38061]},"properties":{"CVE_LGJO":"10_0025","CVE_POZO":"POZO 1228 (A1990)","NOMB_POZO":null,"TIT_LGJO":"GEOHIDROLOGÍA DE LA LAGUNA (I Y II ETAPA), REALIZADA POR EL IMTA","CVE_EDO":10,"CVE_MPIO":10012.0,"AÑO":1993,"DESC":"POZO SELECCIONADO (I Y II ETAPA ) EN LA INVESTIGACIÓN PARA CARACTERIZAR HIDROQUÍMICAMENTE DE LA ZONA \"LA LAGUNA\", DEGRADA POR CONCENTRACIONES ELEVADAS DE ARSÉNICO, MOSTRANDO UN DETERIORO EN SU CALIDAD FÍSICO-QUÍMICA.","DATUMG":null,"CVE_ACUIF":523,"NOM_ACUIF":"PRINCIPAL-REGION LAGUNERA","CT_POZO":"NO","DISEÑO_PERF":"NO","CORTE_LIT":"NO","REG_ELEC":"NO","INF_PERF":"NO","REG_AFORO":"NO","ANAL_AGUA":"SI","CROQUIS":"SI","TIPO_INF":"HIDROGEOQUÍMICO","PROF_TOT_m":null,"PROF_REG_m":null,"HGQ":"SI","F_INICIO":null,"F_FINAL":null,"NE_M":null,"ND_M":null,"ALTITUD_msnm":null,"Q_LPS":null,"Ca":null,"Mg":null,"Na":null,"Cl":null,"SO4":null,"HCO3":null,"STD_ppm":null,"LONG_COL_m":null,"ADEME_pulg":null,"TEMP_°C":25.7,"POT_H_s/u":6.9,"CE_Us/cm":1412,"As_mg/L":0.0179,"URL":"https://sigagis.conagua.gob.mx/t_infbasica/INVENTARIO/10 DURANGO/PDF/10_0025.pdf","CVE_EDO_STR":"10","NOM_EDO_OFICIAL":"DURANGO","CVE_ACUIF_STR":"0523","NOM_ACUIF_OFICIAL":"PRINCIPAL-REGIÓN LAGUNERA","ACUIF_ENCONTRADO":true}},{"type":"Feature","geometry":{"type":"Point","coordinates":[-103.34651,25.38061]},"properties":{"CVE_LGJO":"10_0025","CVE_POZO":"POZO 1228 (A1993)","NOMB_POZO":null,"TIT_LGJO":"GEOHIDROLOGÍA DE LA LAGUNA, REALIZADA POR EL IMTA","CVE_EDO":10,"CVE_MPIO":10012.0,"AÑO":1993,"DESC":"POZO SELECCIONADO EN LA INVESTIGACIÓN PARA CARACTERIZAR HIDROQUÍMICAMENTE DE LA ZONA \"LA LAGUNA\", DEGRADA POR CONCENTRACIONES ELEVADAS DE ARSÉNICO, MOSTRANDO UN DETERIORO EN SU CALIDAD FÍSICO-QUÍMICA.","DATUMG":null,"CVE_ACUIF":523,"NOM_ACUIF":"PRINCIPAL-REGION LAGUNERA","CT_POZO":"NO","DISEÑO_PERF":"NO","CORTE_LIT":"NO","REG_ELEC":"NO","INF_PERF":"NO","REG_AFORO":"NO","ANAL_AGUA":"SI","CROQUIS":"SI","TIPO_INF":"HIDROGEOQUÍMICO","PROF_TOT_m":null,"PROF_REG_m":null,"HGQ":"SI","F_INICIO":null,"F_FINAL":null,"NE_M":null,"ND_M":null,"ALTITUD_msnm":null,"Q_LPS":null,"Ca":null,"Mg":null,"Na":null,"Cl":null,"SO4":null,"HCO3":null,"STD_ppm":null,"LONG_COL_m":null,"ADEME_pulg":null,"TEMP_°C":26,"POT_H_s/u":7.45,"CE_Us/cm":1196,"As_mg/L":0.0097,"URL":"https://sigagis.conagua.gob.mx/t_infbasica/INVENTARIO/10 DURANGO/PDF/10_0025.pdf","CVE_EDO_STR":"10","NOM_EDO_OFICIAL":"DURANGO","CVE_ACUIF_STR":"0523","NOM_ACUIF_OFICIAL":"PRINCIPAL-REGIÓN LAGUNERA","ACUIF_ENCONTRADO":true}},{"type":"Feature","geometry":{"type":"Point","coordinates":[-103.579,25.79704]},"properties":{"CVE_LGJO":"10_0025","CVE_POZO":"POZO 1308 (A1993)","NOMB_POZO":null,"TIT_LGJO":"GEOHIDROLOGÍA DE LA LAGUNA, REALIZADA POR EL IMTA","CVE_EDO":10,"CVE_MPIO":10007.0,"AÑO":1993,"DESC":"POZO SELECCIONADO EN LA INVESTIGACIÓN PARA CARACTERIZAR HIDROQUÍMICAMENTE DE LA ZONA \"LA LAGUNA\", DEGRADA POR CONCENTRACIONES ELEVADAS DE ARSÉNICO, MOSTRANDO UN DETERIORO EN SU CALIDAD FÍSICO-QUÍMICA.","DATUMG":null,"CVE_ACUIF":523,"NOM_ACUIF":"PRINCIPAL-REGION LAGUNERA","CT_POZO":"NO","DISEÑO_PERF":"NO","CORTE_LIT":"NO","REG_ELEC":"NO","INF_PERF":"NO","REG_AFORO":"NO","ANAL_AGUA":"NO","CROQUIS":"SI","TIPO_INF":"PROFUNDIDAD","PROF_TOT_m":null,"PROF_REG_m":null,"HGQ":"SI","F_INICIO":null,"F_FINAL":null,"NE_M":57.3,"ND_M":null,"ALTITUD_msnm":null,"Q_LPS":null,"Ca":null,"Mg":null,"Na":null,"Cl":null,"SO4":null,"HCO3":null,"STD_ppm":null,"LONG_COL_m":null,"ADEME_pulg":null,"TEMP_°C":null,"POT_H_s/u":null,"CE_Us/cm":null,"As_mg/L":null,"URL":"https://sigagis.conagua.gob.mx/t_infbasica/INVENTARIO/10 DURANGO/PDF/10_0025.pdf","CVE_EDO_STR":"10","NOM_EDO_OFICIAL":"DURANGO","CVE_ACUIF_STR":"0523","NOM_ACUIF_OFICIAL":"PRINCIPAL-REGIÓN LAGUNERA","ACUIF_ENCONTRADO":true}},{"type":"Feature","geometry":{"type":"Point","coordinates":[-103.11582,25.91818]},"properties":{"CVE_LGJO":"10_0025","CVE_POZO":"POZO 1387","NOMB_POZO":null,"TIT_LGJO":"GEOHIDROLOGÍA DE LA LAGUNA, REALIZADA POR EL IMTA","CVE_EDO":5,"CVE_MPIO":5033.0,"AÑO":1993,"DESC":"POZO DE LA ZONA \"LA LAGUNA\".","DATUMG":null,"CVE_ACUIF":523,"NOM_ACUIF":"PRINCIPAL-REGION LAGUNERA","CT_POZO":"NO","DISEÑO_PERF":"NO","CORTE_LIT":"NO","REG_ELEC":"NO","INF_PERF":"NO","REG_AFORO":"NO","ANAL_AGUA":"NO","CROQUIS":"SI","TIPO_INF":"CROQUIS","PROF_TOT_m":null,"PROF_REG_m":null,"HGQ":"NO","F_INICIO":null,"F_FINAL":null,"NE_M":null,"ND_M":null,"ALTITUD_msnm":null,"Q_LPS":null,"Ca":null,"Mg":null,"Na":null,"Cl":null,"SO4":null,"HCO3":null,"STD_ppm":null,"LONG_COL_m":null,"ADEME_pulg":null,"TEMP_°C":null,"POT_H_s/u":null,"CE_Us/cm":null,"As_mg/L":null,"URL":"https://sigagis.conagua.gob.mx/t_infbasica/INVENTARIO/05 COAHUILA DE ZARAGOZA/PDF/10_0025.pdf","CVE_EDO_STR":"05","NOM_EDO_OFICIAL":"COAHUILA","CVE_ACUIF_STR":"0523","NOM_ACUIF_OFICIAL":"PRINCIPAL-REGIÓN LAGUNERA","ACUIF_ENCONTRADO":true}},{"type":"Feature","geometry":{"type":"Point","coordinates":[-103.31489,25.48526]},"properties":{"CVE_LGJO":"10_0025","CVE_POZO":"POZO 1400","NOMB_POZO":null,"TIT_LGJO":"GEOHIDROLOGÍA DE LA LAGUNA, REALIZADA POR EL IMTA","CVE_EDO":5,"CVE_MPIO":5017.0,"AÑO":1993,"DESC":"POZO DE LA ZONA \"LA LAGUNA\".","DATUMG":null,"CVE_ACUIF":523,"NOM_ACUIF":"PRINCIPAL-REGION LAGUNERA","CT_POZO":"NO","DISEÑO_PERF":"NO","CORTE_LIT":"NO","REG_ELEC":"NO","INF_PERF":"NO","REG_AFORO":"NO","ANAL_AGUA":"NO","CROQUIS":"SI","TIPO_INF":"CROQUIS","PROF_TOT_m":null,"PROF_REG_m":null,"HGQ":"NO","F_INICIO":null,"F_FINAL":null,"NE_M":null,"ND_M":null,"ALTITUD_msnm":null,"Q_LPS":null,"Ca":null,"Mg":null,"Na":null,"Cl":null,"SO4":null,"HCO3":null,"STD_ppm":null,"LONG_COL_m":null,"ADEME_pulg":null,"TEMP_°C":null,"POT_H_s/u":null,"CE_Us/cm":null,"As_mg/L":null,"URL":"https://sigagis.conagua.gob.mx/t_infbasica/INVENTARIO/05 COAHUILA DE ZARAGOZA/PDF/10_0025.pdf","CVE_EDO_STR":"05","NOM_EDO_OFICIAL":"COAHUILA","CVE_ACUIF_STR":"0523","NOM_ACUIF_OFICIAL":"PRINCIPAL-REGIÓN LAGUNERA","ACUIF_ENCONTRADO":true}},{"type":"Feature","geometry":{"type":"Point","coordinates":[-103.05737,25.69032]},"properties":{"CVE_LGJO":"10_0025","CVE_POZO":"POZO 1489","NOMB_POZO":null,"TIT_LGJO":"GEOHIDROLOGÍA DE LA LAGUNA, REALIZADA POR EL IMTA","CVE_EDO":5,"CVE_MPIO":5033.0,"AÑO":1993,"DESC":"POZO DE LA ZONA \"LA LAGUNA\".","DATUMG":null,"CVE_ACUIF":523,"NOM_ACUIF":"PRINCIPAL-REGION LAGUNERA","CT_POZO":"NO","DISEÑO_PERF":"NO","CORTE_LIT":"NO","REG_ELEC":"NO","INF_PERF":"NO","REG_AFORO":"NO","ANAL_AGUA":"NO","CROQUIS":"SI","TIPO_INF":"CROQUIS","PROF_TOT_m":null,"PROF_REG_m":null,"HGQ":"NO","F_INICIO":null,"F_FINAL":null,"NE_M":null,"ND_M":null,"ALTITUD_msnm":null,"Q_LPS":null,"Ca":null,"Mg":null,"Na":null,"Cl":null,"SO4":null,"HCO3":null,"STD_ppm":null,"LONG_COL_m":null,"ADEME_pulg":null,"TEMP_°C":null,"POT_H_s/u":null,"CE_Us/cm":null,"As_mg/L":null,"URL":"https://sigagis.conagua.gob.mx/t_infbasica/INVENTARIO/05 COAHUILA DE ZARAGOZA/PDF/10_0025.pdf","CVE_EDO_STR":"05","NOM_EDO_OFICIAL":"COAHUILA","CVE_ACUIF_STR":"0523","NOM_ACUIF_OFICIAL":"PRINCIPAL-REGIÓN LAGUNERA","ACUIF_ENCONTRADO":true}},{"type":"Feature","geometry":{"type":"Point","coordinates":[-103.12141,25.82334]},"properties":{"CVE_LGJO":"10_0025","CVE_POZO":"POZO 1515","NOMB_POZO":null,"TIT_LGJO":"GEOHIDROLOGÍA DE LA LAGUNA, REALIZADA POR EL IMTA","CVE_EDO":5,"CVE_MPIO":5033.0,"AÑO":1993,"DESC":"POZO DE LA ZONA \"LA LAGUNA\".","DATUMG":null,"CVE_ACUIF":523,"NOM_ACUIF":"PRINCIPAL-REGION LAGUNERA","CT_POZO":"NO","DISEÑO_PERF":"NO","CORTE_LIT":"NO","REG_ELEC":"NO","INF_PERF":"NO","REG_AFORO":"NO","ANAL_AGUA":"NO","CROQUIS":"SI","TIPO_INF":"CROQUIS","PROF_TOT_m":null,"PROF_REG_m":null,"HGQ":"NO","F_INICIO":null,"F_FINAL":null,"NE_M":null,"ND_M":null,"ALTITUD_msnm":null,"Q_LPS":null,"Ca":null,"Mg":null,"Na":null,"Cl":null,"SO4":null,"HCO3":null,"STD_ppm":null,"LONG_COL_m":null,"ADEME_pulg":null,"TEMP_°C":null,"POT_H_s/u":null,"CE_Us/cm":null,"As_mg/L":null,"URL":"https://sigagis.conagua.gob.mx/t_infbasica/INVENTARIO/05 COAHUILA DE ZARAGOZA/PDF/10_0025.pdf","CVE_EDO_STR":"05","NOM_EDO_OFICIAL":"COAHUILA","CVE_ACUIF_STR":"0523","NOM_ACUIF_OFICIAL":"PRINCIPAL-REGIÓN LAGUNERA","ACUIF_ENCONTRADO":true}},{"type":"Feature","geometry":{"type":"Point","coordinates":[-103.10981,25.78711]},"properties":{"CVE_LGJO":"10_0025","CVE_POZO":"POZO 1657 (A1993)","NOMB_POZO":null,"TIT_LGJO":"GEOHIDROLOGÍA DE LA LAGUNA, REALIZADA POR EL IMTA","CVE_EDO":5,"CVE_MPIO":5033.0,"AÑO":1993,"DESC":"POZO SELECCIONADO EN LA INVESTIGACIÓN PARA CARACTERIZAR HIDROQUÍMICAMENTE DE LA ZONA \"LA LAGUNA\", DEGRADA POR CONCENTRACIONES ELEVADAS DE ARSÉNICO, MOSTRANDO UN DETERIORO EN SU CALIDAD FÍSICO-QUÍMICA.","DATUMG":null,"CVE_ACUIF":523,"NOM_ACUIF":"PRINCIPAL-REGION LAGUNERA","CT_POZO":"NO","DISEÑO_PERF":"NO","CORTE_LIT":"NO","REG_ELEC":"NO","INF_PERF":"NO","REG_AFORO":"NO","ANAL_AGUA":"NO","CROQUIS":"SI","TIPO_INF":"PROFUNDIDAD","PROF_TOT_m":null,"PROF_REG_m":null,"HGQ":"SI","F_INICIO":null,"F_FINAL":null,"NE_M":69.8,"ND_M":null,"ALTITUD_msnm":null,"Q_LPS":null,"Ca":null,"Mg":null,"Na":null,"Cl":null,"SO4":null,"HCO3":null,"STD_ppm":null,"LONG_COL_m":null,"ADEME_pulg":null,"TEMP_°C":null,"POT_H_s/u":null,"CE_Us/cm":null,"As_mg/L":null,"URL":"https://sigagis.conagua.gob.mx/t_infbasica/INVENTARIO/05 COAHUILA DE ZARAGOZA/PDF/10_0025.pdf","CVE_EDO_STR":"05","NOM_EDO_OFICIAL":"COAHUILA","CVE_ACUIF_STR":"0523","NOM_ACUIF_OFICIAL":"PRINCIPAL-REGIÓN LAGUNERA","ACUIF_ENCONTRADO":true}},{"type":"Feature","geometry":{"type":"Point","coordinates":[-103.14602,25.89639]},"properties":{"CVE_LGJO":"10_0025","CVE_POZO":"POZO 1695 (A1990)","NOMB_POZO":null,"TIT_LGJO":"GEOHIDROLOGÍA DE LA LAGUNA (I Y II ETAPA), REALIZADA POR EL IMTA","CVE_EDO":5,"CVE_MPIO":5033.0,"AÑO":1993,"DESC":"POZO SELECCIONADO (I Y II ETAPA ) EN LA INVESTIGACIÓN PARA CARACTERIZAR HIDROQUÍMICAMENTE DE LA ZONA \"LA LAGUNA\", DEGRADA POR CONCENTRACIONES ELEVADAS DE ARSÉNICO, MOSTRANDO UN DETERIORO EN SU CALIDAD FÍSICO-QUÍMICA.","DATUMG":null,"CVE_ACUIF":523,"NOM_ACUIF":"PRINCIPAL-REGION LAGUNERA","CT_POZO":"NO","DISEÑO_PERF":"NO","CORTE_LIT":"NO","REG_ELEC":"NO","INF_PERF":"NO","REG_AFORO":"NO","ANAL_AGUA":"SI","CROQUIS":"SI","TIPO_INF":"HIDROGEOQUÍMICO","PROF_TOT_m":null,"PROF_REG_m":null,"HGQ":"SI","F_INICIO":null,"F_FINAL":null,"NE_M":null,"ND_M":null,"ALTITUD_msnm":null,"Q_LPS":null,"Ca":null,"Mg":null,"Na":null,"Cl":null,"SO4":null,"HCO3":null,"STD_ppm":null,"LONG_COL_m":null,"ADEME_pulg":null,"TEMP_°C":30.6,"POT_H_s/u":6.8,"CE_Us/cm":1440,"As_mg/L":0.1322,"URL":"https://sigagis.conagua.gob.mx/t_infbasica/INVENTARIO/05 COAHUILA DE ZARAGOZA/PDF/10_0025.pdf","CVE_EDO_STR":"05","NOM_EDO_OFICIAL":"COAHUILA","CVE_ACUIF_STR":"0523","NOM_ACUIF_OFICIAL":"PRINCIPAL-REGIÓN LAGUNERA","ACUIF_ENCONTRADO":true}},{"type":"Feature","geometry":{"type":"Point","coordinates":[-103.14602,25.89639]},"properties":{"CVE_LGJO":"10_0025","CVE_POZO":"POZO 1695 (A1993)","NOMB_POZO":null,"TIT_LGJO":"GEOHIDROLOGÍA DE LA LAGUNA, REALIZADA POR EL IMTA","CVE_EDO":5,"CVE_MPIO":5033.0,"AÑO":1993,"DESC":"POZO SELECCIONADO EN LA INVESTIGACIÓN PARA CARACTERIZAR HIDROQUÍMICAMENTE DE LA ZONA \"LA LAGUNA\", DEGRADA POR CONCENTRACIONES ELEVADAS DE ARSÉNICO, MOSTRANDO UN DETERIORO EN SU CALIDAD FÍSICO-QUÍMICA.","DATUMG":null,"CVE_ACUIF":523,"NOM_ACUIF":"PRINCIPAL-REGION LAGUNERA","CT_POZO":"NO","DISEÑO_PERF":"NO","CORTE_LIT":"NO","REG_ELEC":"NO","INF_PERF":"NO","REG_AFORO":"NO","ANAL_AGUA":"SI","CROQUIS":"SI","TIPO_INF":"HIDROGEOQUÍMICO","PROF_TOT_m":null,"PROF_REG_m":null,"HGQ":"SI","F_INICIO":null,"F_FINAL":null,"NE_M":64.31,"ND_M":null,"ALTITUD_msnm":null,"Q_LPS":null,"Ca":null,"Mg":null,"Na":null,"Cl":null,"SO4":null,"HCO3":null,"STD_ppm":null,"LONG_COL_m":null,"ADEME_pulg":null,"TEMP_°C":30.8,"POT_H_s/u":7.05,"CE_Us/cm":1230,"As_mg/L":0.171,"URL":"https://sigagis.conagua.gob.mx/t_infbasica/INVENTARIO/05 COAHUILA DE ZARAGOZA/PDF/10_0025.pdf","CVE_EDO_STR":"05","NOM_EDO_OFICIAL":"COAHUILA","CVE_ACUIF_STR":"0523","NOM_ACUIF_OFICIAL":"PRINCIPAL-REGIÓN LAGUNERA","ACUIF_ENCONTRADO":true}},{"type":"Feature","geometry":{"type":"Point","coordinates":[-103.3138,25.496638]},"properties":{"CVE_LGJO":"10_0025","CVE_POZO":"POZO 1884","NOMB_POZO":null,"TIT_LGJO":"GEOHIDROLOGÍA DE LA LAGUNA, REALIZADA POR EL IMTA","CVE_EDO":5,"CVE_MPIO":5017.0,"AÑO":1993,"DESC":"POZO DE LA ZONA \"LA LAGUNA\".","DATUMG":null,"CVE_ACUIF":523,"NOM_ACUIF":"PRINCIPAL-REGION LAGUNERA","CT_POZO":"NO","DISEÑO_PERF":"NO","CORTE_LIT":"NO","REG_ELEC":"NO","INF_PERF":"NO","REG_AFORO":"NO","ANAL_AGUA":"NO","CROQUIS":"SI","TIPO_INF":"CROQUIS","PROF_TOT_m":null,"PROF_REG_m":null,"HGQ":"NO","F_INICIO":null,"F_FINAL":null,"NE_M":null,"ND_M":null,"ALTITUD_msnm":null,"Q_LPS":null,"Ca":null,"Mg":null,"Na":null,"Cl":null,"SO4":null,"HCO3":null,"STD_ppm":null,"LONG_COL_m":null,"ADEME_pulg":null,"TEMP_°C":null,"POT_H_s/u":null,"CE_Us/cm":null,"As_mg/L":null,"URL":"https://sigagis.conagua.gob.mx/t_infbasica/INVENTARIO/05 COAHUILA DE ZARAGOZA/PDF/10_0025.pdf","CVE_EDO_STR":"05","NOM_EDO_OFICIAL":"COAHUILA","CVE_ACUIF_STR":"0523","NOM_ACUIF_OFICIAL":"PRINCIPAL-REGIÓN LAGUNERA","ACUIF_ENCONTRADO":true}},{"type":"Feature","geometry":{"type":"Point","coordinates":[-103.204051,25.885718]},"properties":{"CVE_LGJO":"10_0025","CVE_POZO":"POZO 1892","NOMB_POZO":null,"TIT_LGJO":"GEOHIDROLOGÍA DE LA LAGUNA, REALIZADA POR EL IMTA","CVE_EDO":5,"CVE_MPIO":5033.0,"AÑO":1993,"DESC":"POZO DE LA ZONA \"LA LAGUNA\".","DATUMG":null,"CVE_ACUIF":523,"NOM_ACUIF":"PRINCIPAL-REGION LAGUNERA","CT_POZO":"NO","DISEÑO_PERF":"NO","CORTE_LIT":"NO","REG_ELEC":"NO","INF_PERF":"NO","REG_AFORO":"NO","ANAL_AGUA":"NO","CROQUIS":"SI","TIPO_INF":"CROQUIS","PROF_TOT_m":null,"PROF_REG_m":null,"HGQ":"NO","F_INICIO":null,"F_FINAL":null,"NE_M":null,"ND_M":null,"ALTITUD_msnm":null,"Q_LPS":null,"Ca":null,"Mg":null,"Na":null,"Cl":null,"SO4":null,"HCO3":null,"STD_ppm":null,"LONG_COL_m":null,"ADEME_pulg":null,"TEMP_°C":null,"POT_H_s/u":null,"CE_Us/cm":null,"As_mg/L":null,"URL":"https://sigagis.conagua.gob.mx/t_infbasica/INVENTARIO/05 COAHUILA DE ZARAGOZA/PDF/10_0025.pdf","CVE_EDO_STR":"05","NOM_EDO_OFICIAL":"COAHUILA","CVE_ACUIF_STR":"0523","NOM_ACUIF_OFICIAL":"PRINCIPAL-REGIÓN LAGUNERA","ACUIF_ENCONTRADO":true}},{"type":"Feature","geometry":{"type":"Point","coordinates":[-103.08777,25.54326]},"properties":{"CVE_LGJO":"10_0025","CVE_POZO":"POZO 1975","NOMB_POZO":null,"TIT_LGJO":"GEOHIDROLOGÍA DE LA LAGUNA, REALIZADA POR EL IMTA","CVE_EDO":5,"CVE_MPIO":5017.0,"AÑO":1993,"DESC":"POZO DE LA ZONA \"LA LAGUNA\".","DATUMG":null,"CVE_ACUIF":523,"NOM_ACUIF":"PRINCIPAL-REGION LAGUNERA","CT_POZO":"NO","DISEÑO_PERF":"NO","CORTE_LIT":"NO","REG_ELEC":"NO","INF_PERF":"NO","REG_AFORO":"NO","ANAL_AGUA":"NO","CROQUIS":"SI","TIPO_INF":"CROQUIS","PROF_TOT_m":null,"PROF_REG_m":null,"HGQ":"NO","F_INICIO":null,"F_FINAL":null,"NE_M":null,"ND_M":null,"ALTITUD_msnm":null,"Q_LPS":null,"Ca":null,"Mg":null,"Na":null,"Cl":null,"SO4":null,"HCO3":null,"STD_ppm":null,"LONG_COL_m":null,"ADEME_pulg":null,"TEMP_°C":null,"POT_H_s/u":null,"CE_Us/cm":null,"As_mg/L":null,"URL":"https://sigagis.conagua.gob.mx/t_infbasica/INVENTARIO/05 COAHUILA DE ZARAGOZA/PDF/10_0025.pdf","CVE_EDO_STR":"05","NOM_EDO_OFICIAL":"COAHUILA","CVE_ACUIF_STR":"0523","NOM_ACUIF_OFICIAL":"PRINCIPAL-REGIÓN LAGUNERA","ACUIF_ENCONTRADO":true}},{"type":"Feature","geometry":{"type":"Point","coordinates":[-103.17625,26.01474]},"properties":{"CVE_LGJO":"10_0025","CVE_POZO":"POZO A1993","NOMB_POZO":null,"TIT_LGJO":"GEOHIDROLOGÍA DE LA LAGUNA, REALIZADA POR EL IMTA","CVE_EDO":5,"CVE_MPIO":5009.0,"AÑO":1993,"DESC":"POZO DE LA ZONA \"LA LAGUNA\".","DATUMG":null,"CVE_ACUIF":523,"NOM_ACUIF":"PRINCIPAL-REGION LAGUNERA","CT_POZO":"NO","DISEÑO_PERF":"NO","CORTE_LIT":"NO","REG_ELEC":"NO","INF_PERF":"NO","REG_AFORO":"NO","ANAL_AGUA":"NO","CROQUIS":"SI","TIPO_INF":"CROQUIS","PROF_TOT_m":null,"PROF_REG_m":null,"HGQ":"NO","F_INICIO":null,"F_FINAL":null,"NE_M":null,"ND_M":null,"ALTITUD_msnm":null,"Q_LPS":null,"Ca":null,"Mg":null,"Na":null,"Cl":null,"SO4":null,"HCO3":null,"STD_ppm":null,"LONG_COL_m":null,"ADEME_pulg":null,"TEMP_°C":null,"POT_H_s/u":null,"CE_Us/cm":null,"As_mg/L":null,"URL":"https://sigagis.conagua.gob.mx/t_infbasica/INVENTARIO/05 COAHUILA DE ZARAGOZA/PDF/10_0025.pdf","CVE_EDO_STR":"05","NOM_EDO_OFICIAL":"COAHUILA","CVE_ACUIF_STR":"0523","NOM_ACUIF_OFICIAL":"PRINCIPAL-REGIÓN LAGUNERA","ACUIF_ENCONTRADO":true}},{"type":"Feature","geometry":{"type":"Point","coordinates":[-103.23183,25.56798]},"properties":{"CVE_LGJO":"10_0025","CVE_POZO":"POZO 2024","NOMB_POZO":null,"TIT_LGJO":"GEOHIDROLOGÍA DE LA LAGUNA, REALIZADA POR EL IMTA","CVE_EDO":5,"CVE_MPIO":5017.0,"AÑO":1993,"DESC":"POZO DE LA ZONA \"LA LAGUNA\".","DATUMG":null,"CVE_ACUIF":523,"NOM_ACUIF":"PRINCIPAL-REGION LAGUNERA","CT_POZO":"NO","DISEÑO_PERF":"NO","CORTE_LIT":"NO","REG_ELEC":"NO","INF_PERF":"NO","REG_AFORO":"NO","ANAL_AGUA":"NO","CROQUIS":"SI","TIPO_INF":"CROQUIS","PROF_TOT_m":null,"PROF_REG_m":null,"HGQ":"NO","F_INICIO":null,"F_FINAL":null,"NE_M":null,"ND_M":null,"ALTITUD_msnm":null,"Q_LPS":null,"Ca":null,"Mg":null,"Na":null,"Cl":null,"SO4":null,"HCO3":null,"STD_ppm":null,"LONG_COL_m":null,"ADEME_pulg":null,"TEMP_°C":null,"POT_H_s/u":null,"CE_Us/cm":null,"As_mg/L":null,"URL":"https://sigagis.conagua.gob.mx/t_infbasica/INVENTARIO/05 COAHUILA DE ZARAGOZA/PDF/10_0025.pdf","CVE_EDO_STR":"05","NOM_EDO_OFICIAL":"COAHUILA","CVE_ACUIF_STR":"0523","NOM_ACUIF_OFICIAL":"PRINCIPAL-REGIÓN LAGUNERA","ACUIF_ENCONTRADO":true}},{"type":"Feature","geometry":{"type":"Point","coordinates":[-103.59825,25.7243]},"properties":{"CVE_LGJO":"10_0025","CVE_POZO":"POZO 2075","NOMB_POZO":null,"TIT_LGJO":"GEOHIDROLOGÍA DE LA LAGUNA, REALIZADA POR EL IMTA","CVE_EDO":10,"CVE_MPIO":10007.0,"AÑO":1993,"DESC":"POZO DE LA ZONA \"LA LAGUNA\".","DATUMG":null,"CVE_ACUIF":523,"NOM_ACUIF":"PRINCIPAL-REGION LAGUNERA","CT_POZO":"NO","DISEÑO_PERF":"NO","CORTE_LIT":"NO","REG_ELEC":"NO","INF_PERF":"NO","REG_AFORO":"NO","ANAL_AGUA":"NO","CROQUIS":"SI","TIPO_INF":"CROQUIS","PROF_TOT_m":null,"PROF_REG_m":null,"HGQ":"NO","F_INICIO":null,"F_FINAL":null,"NE_M":null,"ND_M":null,"ALTITUD_msnm":null,"Q_LPS":null,"Ca":null,"Mg":null,"Na":null,"Cl":null,"SO4":null,"HCO3":null,"STD_ppm":null,"LONG_COL_m":null,"ADEME_pulg":null,"TEMP_°C":null,"POT_H_s/u":null,"CE_Us/cm":null,"As_mg/L":null,"URL":"https://sigagis.conagua.gob.mx/t_infbasica/INVENTARIO/10 DURANGO/PDF/10_0025.pdf","CVE_EDO_STR":"10","NOM_EDO_OFICIAL":"DURANGO","CVE_ACUIF_STR":"0523","NOM_ACUIF_OFICIAL":"PRINCIPAL-REGIÓN LAGUNERA","ACUIF_ENCONTRADO":true}},{"type":"Feature","geometry":{"type":"Point","coordinates":[-103.168957,25.522326]},"properties":{"CVE_LGJO":"10_0025","CVE_POZO":"POZO 2115","NOMB_POZO":null,"TIT_LGJO":"GEOHIDROLOGÍA DE LA LAGUNA, REALIZADA POR EL IMTA","CVE_EDO":5,"CVE_MPIO":5017.0,"AÑO":1993,"DESC":"POZO DE LA ZONA \"LA LAGUNA\".","DATUMG":null,"CVE_ACUIF":523,"NOM_ACUIF":"PRINCIPAL-REGION LAGUNERA","CT_POZO":"NO","DISEÑO_PERF":"NO","CORTE_LIT":"NO","REG_ELEC":"NO","INF_PERF":"NO","REG_AFORO":"NO","ANAL_AGUA":"NO","CROQUIS":"SI","TIPO_INF":"CROQUIS","PROF_TOT_m":null,"PROF_REG_m":null,"HGQ":"NO","F_INICIO":null,"F_FINAL":null,"NE_M":null,"ND_M":null,"ALTITUD_msnm":null,"Q_LPS":null,"Ca":null,"Mg":null,"Na":null,"Cl":null,"SO4":null,"HCO3":null,"STD_ppm":null,"LONG_COL_m":null,"ADEME_pulg":null,"TEMP_°C":null,"POT_H_s/u":null,"CE_Us/cm":null,"As_mg/L":null,"URL":"https://sigagis.conagua.gob.mx/t_infbasica/INVENTARIO/05 COAHUILA DE ZARAGOZA/PDF/10_0025.pdf","CVE_EDO_STR":"05","NOM_EDO_OFICIAL":"COAHUILA","CVE_ACUIF_STR":"0523","NOM_ACUIF_OFICIAL":"PRINCIPAL-REGIÓN LAGUNERA","ACUIF_ENCONTRADO":true}},{"type":"Feature","geometry":{"type":"Point","coordinates":[-102.98867,25.78177]},"properties":{"CVE_LGJO":"10_0025","CVE_POZO":"POZO 2178 (A1990)","NOMB_POZO":null,"TIT_LGJO":"GEOHIDROLOGÍA DE LA LAGUNA (I Y II ETAPA), REALIZADA POR EL IMTA","CVE_EDO":5,"CVE_MPIO":5033.0,"AÑO":1993,"DESC":"POZO SELECCIONADO (I Y II ETAPA ) EN LA INVESTIGACIÓN PARA CARACTERIZAR HIDROQUÍMICAMENTE DE LA ZONA \"LA LAGUNA\", DEGRADA POR CONCENTRACIONES ELEVADAS DE ARSÉNICO, MOSTRANDO UN DETERIORO EN SU CALIDAD FÍSICO-QUÍMICA.","DATUMG":null,"CVE_ACUIF":523,"NOM_ACUIF":"PRINCIPAL-REGION LAGUNERA","CT_POZO":"NO","DISEÑO_PERF":"NO","CORTE_LIT":"NO","REG_ELEC":"NO","INF_PERF":"NO","REG_AFORO":"NO","ANAL_AGUA":"SI","CROQUIS":"SI","TIPO_INF":"HIDROGEOQUÍMICO","PROF_TOT_m":null,"PROF_REG_m":null,"HGQ":"SI","F_INICIO":null,"F_FINAL":null,"NE_M":null,"ND_M":null,"ALTITUD_msnm":null,"Q_LPS":null,"Ca":null,"Mg":null,"Na":null,"Cl":null,"SO4":null,"HCO3":null,"STD_ppm":null,"LONG_COL_m":null,"ADEME_pulg":null,"TEMP_°C":23,"POT_H_s/u":6.5,"CE_Us/cm":4970,"As_mg/L":0.1508,"URL":"https://sigagis.conagua.gob.mx/t_infbasica/INVENTARIO/05 COAHUILA DE ZARAGOZA/PDF/10_0025.pdf","CVE_EDO_STR":"05","NOM_EDO_OFICIAL":"COAHUILA","CVE_ACUIF_STR":"0523","NOM_ACUIF_OFICIAL":"PRINCIPAL-REGIÓN LAGUNERA","ACUIF_ENCONTRADO":true}},{"type":"Feature","geometry":{"type":"Point","coordinates":[-102.98867,25.78177]},"properties":{"CVE_LGJO":"10_0025","CVE_POZO":"POZO 2178 (A1993)","NOMB_POZO":null,"TIT_LGJO":"GEOHIDROLOGÍA DE LA LAGUNA, REALIZADA POR EL IMTA","CVE_EDO":5,"CVE_MPIO":5033.0,"AÑO":1993,"DESC":"POZO SELECCIONADO EN LA INVESTIGACIÓN PARA CARACTERIZAR HIDROQUÍMICAMENTE DE LA ZONA \"LA LAGUNA\", DEGRADA POR CONCENTRACIONES ELEVADAS DE ARSÉNICO, MOSTRANDO UN DETERIORO EN SU CALIDAD FÍSICO-QUÍMICA.","DATUMG":null,"CVE_ACUIF":523,"NOM_ACUIF":"PRINCIPAL-REGION LAGUNERA","CT_POZO":"NO","DISEÑO_PERF":"NO","CORTE_LIT":"NO","REG_ELEC":"NO","INF_PERF":"NO","REG_AFORO":"NO","ANAL_AGUA":"SI","CROQUIS":"SI","TIPO_INF":"HIDROGEOQUÍMICO","PROF_TOT_m":null,"PROF_REG_m":null,"HGQ":"SI","F_INICIO":null,"F_FINAL":null,"NE_M":null,"ND_M":null,"ALTITUD_msnm":null,"Q_LPS":null,"Ca":null,"Mg":null,"Na":null,"Cl":null,"SO4":null,"HCO3":null,"STD_ppm":null,"LONG_COL_m":null,"ADEME_pulg":null,"TEMP_°C":23.1,"POT_H_s/u":6.36,"CE_Us/cm":3530,"As_mg/L":0.236,"URL":"https://sigagis.conagua.gob.mx/t_infbasica/INVENTARIO/05 COAHUILA DE ZARAGOZA/PDF/10_0025.pdf","CVE_EDO_STR":"05","NOM_EDO_OFICIAL":"COAHUILA","CVE_ACUIF_STR":"0523","NOM_ACUIF_OFICIAL":"PRINCIPAL-REGIÓN LAGUNERA","ACUIF_ENCONTRADO":true}},{"type":"Feature","geometry":{"type":"Point","coordinates":[-103.0392,25.49407]},"properties":{"CVE_LGJO":"10_0025","CVE_POZO":"POZO 2234","NOMB_POZO":null,"TIT_LGJO":"GEOHIDROLOGÍA DE LA LAGUNA, REALIZADA POR EL IMTA","CVE_EDO":5,"CVE_MPIO":5017.0,"AÑO":1993,"DESC":"POZO DE LA ZONA \"LA LAGUNA\".","DATUMG":null,"CVE_ACUIF":523,"NOM_ACUIF":"PRINCIPAL-REGION LAGUNERA","CT_POZO":"NO","DISEÑO_PERF":"NO","CORTE_LIT":"NO","REG_ELEC":"NO","INF_PERF":"NO","REG_AFORO":"NO","ANAL_AGUA":"NO","CROQUIS":"SI","TIPO_INF":"CROQUIS","PROF_TOT_m":null,"PROF_REG_m":null,"HGQ":"NO","F_INICIO":null,"F_FINAL":null,"NE_M":null,"ND_M":null,"ALTITUD_msnm":null,"Q_LPS":null,"Ca":null,"Mg":null,"Na":null,"Cl":null,"SO4":null,"HCO3":null,"STD_ppm":null,"LONG_COL_m":null,"ADEME_pulg":null,"TEMP_°C":null,"POT_H_s/u":null,"CE_Us/cm":null,"As_mg/L":null,"URL":"https://sigagis.conagua.gob.mx/t_infbasica/INVENTARIO/05 COAHUILA DE ZARAGOZA/PDF/10_0025.pdf","CVE_EDO_STR":"05","NOM_EDO_OFICIAL":"COAHUILA","CVE_ACUIF_STR":"0523","NOM_ACUIF_OFICIAL":"PRINCIPAL-REGIÓN LAGUNERA","ACUIF_ENCONTRADO":true}},{"type":"Feature","geometry":{"type":"Point","coordinates":[-103.439875,25.52285]},"properties":{"CVE_LGJO":"10_0025","CVE_POZO":"POZO 2240","NOMB_POZO":null,"TIT_LGJO":"GEOHIDROLOGÍA DE LA LAGUNA, REALIZADA POR EL IMTA","CVE_EDO":5,"CVE_MPIO":5035.0,"AÑO":1993,"DESC":"POZO DE LA ZONA \"LA LAGUNA\".","DATUMG":null,"CVE_ACUIF":523,"NOM_ACUIF":"PRINCIPAL-REGION LAGUNERA","CT_POZO":"NO","DISEÑO_PERF":"NO","CORTE_LIT":"NO","REG_ELEC":"NO","INF_PERF":"NO","REG_AFORO":"NO","ANAL_AGUA":"NO","CROQUIS":"SI","TIPO_INF":"CROQUIS","PROF_TOT_m":null,"PROF_REG_m":null,"HGQ":"NO","F_INICIO":null,"F_FINAL":null,"NE_M":null,"ND_M":null,"ALTITUD_msnm":null,"Q_LPS":null,"Ca":null,"Mg":null,"Na":null,"Cl":null,"SO4":null,"HCO3":null,"STD_ppm":null,"LONG_COL_m":null,"ADEME_pulg":null,"TEMP_°C":null,"POT_H_s/u":null,"CE_Us/cm":null,"As_mg/L":null,"URL":"https://sigagis.conagua.gob.mx/t_infbasica/INVENTARIO/05 COAHUILA DE ZARAGOZA/PDF/10_0025.pdf","CVE_EDO_STR":"05","NOM_EDO_OFICIAL":"COAHUILA","CVE_ACUIF_STR":"0523","NOM_ACUIF_OFICIAL":"PRINCIPAL-REGIÓN LAGUNERA","ACUIF_ENCONTRADO":true}},{"type":"Feature","geometry":{"type":"Point","coordinates":[-103.268935,25.530788]},"properties":{"CVE_LGJO":"10_0025","CVE_POZO":"POZO 2314 (A1990)","NOMB_POZO":null,"TIT_LGJO":"GEOHIDROLOGÍA DE LA LAGUNA (I Y II ETAPA), REALIZADA POR EL IMTA","CVE_EDO":5,"CVE_MPIO":5017.0,"AÑO":1993,"DESC":"POZO SELECCIONADO (I Y II ETAPA ) EN LA INVESTIGACIÓN PARA CARACTERIZAR HIDROQUÍMICAMENTE DE LA ZONA \"LA LAGUNA\", DEGRADA POR CONCENTRACIONES ELEVADAS DE ARSÉNICO, MOSTRANDO UN DETERIORO EN SU CALIDAD FÍSICO-QUÍMICA.","DATUMG":null,"CVE_ACUIF":523,"NOM_ACUIF":"PRINCIPAL-REGION LAGUNERA","CT_POZO":"NO","DISEÑO_PERF":"NO","CORTE_LIT":"NO","REG_ELEC":"NO","INF_PERF":"NO","REG_AFORO":"NO","ANAL_AGUA":"SI","CROQUIS":"SI","TIPO_INF":"HIDROGEOQUÍMICO","PROF_TOT_m":null,"PROF_REG_m":null,"HGQ":"SI","F_INICIO":null,"F_FINAL":null,"NE_M":null,"ND_M":null,"ALTITUD_msnm":null,"Q_LPS":null,"Ca":null,"Mg":null,"Na":null,"Cl":null,"SO4":null,"HCO3":null,"STD_ppm":null,"LONG_COL_m":null,"ADEME_pulg":null,"TEMP_°C":31.4,"POT_H_s/u":6.9,"CE_Us/cm":359,"As_mg/L":0.0251,"URL":"https://sigagis.conagua.gob.mx/t_infbasica/INVENTARIO/05 COAHUILA DE ZARAGOZA/PDF/10_0025.pdf","CVE_EDO_STR":"05","NOM_EDO_OFICIAL":"COAHUILA","CVE_ACUIF_STR":"0523","NOM_ACUIF_OFICIAL":"PRINCIPAL-REGIÓN LAGUNERA","ACUIF_ENCONTRADO":true}},{"type":"Feature","geometry":{"type":"Point","coordinates":[-103.268935,25.530788]},"properties":{"CVE_LGJO":"10_0025","CVE_POZO":"POZO 2314 (A1993)","NOMB_POZO":null,"TIT_LGJO":"GEOHIDROLOGÍA DE LA LAGUNA, REALIZADA POR EL IMTA","CVE_EDO":5,"CVE_MPIO":5017.0,"AÑO":1993,"DESC":"POZO SELECCIONADO EN LA INVESTIGACIÓN PARA CARACTERIZAR HIDROQUÍMICAMENTE DE LA ZONA \"LA LAGUNA\", DEGRADA POR CONCENTRACIONES ELEVADAS DE ARSÉNICO, MOSTRANDO UN DETERIORO EN SU CALIDAD FÍSICO-QUÍMICA.","DATUMG":null,"CVE_ACUIF":523,"NOM_ACUIF":"PRINCIPAL-REGION LAGUNERA","CT_POZO":"NO","DISEÑO_PERF":"NO","CORTE_LIT":"NO","REG_ELEC":"NO","INF_PERF":"NO","REG_AFORO":"NO","ANAL_AGUA":"SI","CROQUIS":"SI","TIPO_INF":"HIDROGEOQUÍMICO","PROF_TOT_m":null,"PROF_REG_m":null,"HGQ":"SI","F_INICIO":null,"F_FINAL":null,"NE_M":null,"ND_M":null,"ALTITUD_msnm":null,"Q_LPS":null,"Ca":null,"Mg":null,"Na":null,"Cl":null,"SO4":null,"HCO3":null,"STD_ppm":null,"LONG_COL_m":null,"ADEME_pulg":null,"TEMP_°C":32.3,"POT_H_s/u":7.67,"CE_Us/cm":1150,"As_mg/L":0.0185,"URL":"https://sigagis.conagua.gob.mx/t_infbasica/INVENTARIO/05 COAHUILA DE ZARAGOZA/PDF/10_0025.pdf","CVE_EDO_STR":"05","NOM_EDO_OFICIAL":"COAHUILA","CVE_ACUIF_STR":"0523","NOM_ACUIF_OFICIAL":"PRINCIPAL-REGIÓN LAGUNERA","ACUIF_ENCONTRADO":true}},{"type":"Feature","geometry":{"type":"Point","coordinates":[-103.57691,25.5906]},"properties":{"CVE_LGJO":"10_0025","CVE_POZO":"POZO 2344","NOMB_POZO":null,"TIT_LGJO":"GEOHIDROLOGÍA DE LA LAGUNA, REALIZADA POR EL IMTA","CVE_EDO":10,"CVE_MPIO":10007.0,"AÑO":1993,"DESC":"POZO DE LA ZONA \"LA LAGUNA\".","DATUMG":null,"CVE_ACUIF":523,"NOM_ACUIF":"PRINCIPAL-REGION LAGUNERA","CT_POZO":"NO","DISEÑO_PERF":"NO","CORTE_LIT":"NO","REG_ELEC":"NO","INF_PERF":"NO","REG_AFORO":"NO","ANAL_AGUA":"NO","CROQUIS":"SI","TIPO_INF":"CROQUIS","PROF_TOT_m":null,"PROF_REG_m":null,"HGQ":"NO","F_INICIO":null,"F_FINAL":null,"NE_M":null,"ND_M":null,"ALTITUD_msnm":null,"Q_LPS":null,"Ca":null,"Mg":null,"Na":null,"Cl":null,"SO4":null,"HCO3":null,"STD_ppm":null,"LONG_COL_m":null,"ADEME_pulg":null,"TEMP_°C":null,"POT_H_s/u":null,"CE_Us/cm":null,"As_mg/L":null,"URL":"https://sigagis.conagua.gob.mx/t_infbasica/INVENTARIO/10 DURANGO/PDF/10_0025.pdf","CVE_EDO_STR":"10","NOM_EDO_OFICIAL":"DURANGO","CVE_ACUIF_STR":"0523","NOM_ACUIF_OFICIAL":"PRINCIPAL-REGIÓN LAGUNERA","ACUIF_ENCONTRADO":true}},{"type":"Feature","geometry":{"type":"Point","coordinates":[-103.42895,25.64992]},"properties":{"CVE_LGJO":"10_0025","CVE_POZO":"POZO 2382","NOMB_POZO":null,"TIT_LGJO":"GEOHIDROLOGÍA DE LA LAGUNA, REALIZADA POR EL IMTA","CVE_EDO":10,"CVE_MPIO":10007.0,"AÑO":1993,"DESC":"POZO DE LA ZONA \"LA LAGUNA\".","DATUMG":null,"CVE_ACUIF":523,"NOM_ACUIF":"PRINCIPAL-REGION LAGUNERA","CT_POZO":"NO","DISEÑO_PERF":"NO","CORTE_LIT":"NO","REG_ELEC":"NO","INF_PERF":"NO","REG_AFORO":"NO","ANAL_AGUA":"NO","CROQUIS":"SI","TIPO_INF":"CROQUIS","PROF_TOT_m":null,"PROF_REG_m":null,"HGQ":"NO","F_INICIO":null,"F_FINAL":null,"NE_M":null,"ND_M":null,"ALTITUD_msnm":null,"Q_LPS":null,"Ca":null,"Mg":null,"Na":null,"Cl":null,"SO4":null,"HCO3":null,"STD_ppm":null,"LONG_COL_m":null,"ADEME_pulg":null,"TEMP_°C":null,"POT_H_s/u":null,"CE_Us/cm":null,"As_mg/L":null,"URL":"https://sigagis.conagua.gob.mx/t_infbasica/INVENTARIO/10 DURANGO/PDF/10_0025.pdf","CVE_EDO_STR":"10","NOM_EDO_OFICIAL":"DURANGO","CVE_ACUIF_STR":"0523","NOM_ACUIF_OFICIAL":"PRINCIPAL-REGIÓN LAGUNERA","ACUIF_ENCONTRADO":true}},{"type":"Feature","geometry":{"type":"Point","coordinates":[-103.616825,25.513014]},"properties":{"CVE_LGJO":"10_0025","CVE_POZO":"POZO 2408","NOMB_POZO":null,"TIT_LGJO":"GEOHIDROLOGÍA DE LA LAGUNA, REALIZADA POR EL IMTA","CVE_EDO":10,"CVE_MPIO":10012.0,"AÑO":1993,"DESC":"POZO DE LA ZONA \"LA LAGUNA\".","DATUMG":null,"CVE_ACUIF":523,"NOM_ACUIF":"PRINCIPAL-REGION LAGUNERA","CT_POZO":"NO","DISEÑO_PERF":"NO","CORTE_LIT":"NO","REG_ELEC":"NO","INF_PERF":"NO","REG_AFORO":"NO","ANAL_AGUA":"NO","CROQUIS":"SI","TIPO_INF":"CROQUIS","PROF_TOT_m":null,"PROF_REG_m":null,"HGQ":"NO","F_INICIO":null,"F_FINAL":null,"NE_M":null,"ND_M":null,"ALTITUD_msnm":null,"Q_LPS":null,"Ca":null,"Mg":null,"Na":null,"Cl":null,"SO4":null,"HCO3":null,"STD_ppm":null,"LONG_COL_m":null,"ADEME_pulg":null,"TEMP_°C":null,"POT_H_s/u":null,"CE_Us/cm":null,"As_mg/L":null,"URL":"https://sigagis.conagua.gob.mx/t_infbasica/INVENTARIO/10 DURANGO/PDF/10_0025.pdf","CVE_EDO_STR":"10","NOM_EDO_OFICIAL":"DURANGO","CVE_ACUIF_STR":"0523","NOM_ACUIF_OFICIAL":"PRINCIPAL-REGIÓN LAGUNERA","ACUIF_ENCONTRADO":true}},{"type":"Feature","geometry":{"type":"Point","coordinates":[-103.35291,25.95263]},"properties":{"CVE_LGJO":"10_0025","CVE_POZO":"POZO 2479","NOMB_POZO":null,"TIT_LGJO":"GEOHIDROLOGÍA DE LA LAGUNA, REALIZADA POR EL IMTA","CVE_EDO":5,"CVE_MPIO":5009.0,"AÑO":1993,"DESC":"POZO DE LA ZONA \"LA LAGUNA\".","DATUMG":null,"CVE_ACUIF":523,"NOM_ACUIF":"PRINCIPAL-REGION LAGUNERA","CT_POZO":"NO","DISEÑO_PERF":"NO","CORTE_LIT":"NO","REG_ELEC":"NO","INF_PERF":"NO","REG_AFORO":"NO","ANAL_AGUA":"NO","CROQUIS":"SI","TIPO_INF":"CROQUIS","PROF_TOT_m":null,"PROF_REG_m":null,"HGQ":"NO","F_INICIO":null,"F_FINAL":null,"NE_M":null,"ND_M":null,"ALTITUD_msnm":null,"Q_LPS":null,"Ca":null,"Mg":null,"Na":null,"Cl":null,"SO4":null,"HCO3":null,"STD_ppm":null,"LONG_COL_m":null,"ADEME_pulg":null,"TEMP_°C":null,"POT_H_s/u":null,"CE_Us/cm":null,"As_mg/L":null,"URL":"https://sigagis.conagua.gob.mx/t_infbasica/INVENTARIO/05 COAHUILA DE ZARAGOZA/PDF/10_0025.pdf","CVE_EDO_STR":"05","NOM_EDO_OFICIAL":"COAHUILA","CVE_ACUIF_STR":"0523","NOM_ACUIF_OFICIAL":"PRINCIPAL-REGIÓN LAGUNERA","ACUIF_ENCONTRADO":true}},{"type":"Feature","geometry":{"type":"Point","coordinates":[-103.19065,26.0024]},"properties":{"CVE_LGJO":"10_0025","CVE_POZO":"POZO 2510 (A1990)","NOMB_POZO":null,"TIT_LGJO":"GEOHIDROLOGÍA DE LA LAGUNA (I Y II ETAPA), REALIZADA POR EL IMTA","CVE_EDO":5,"CVE_MPIO":5009.0,"AÑO":1993,"DESC":"POZO SELECCIONADO (I Y II ETAPA ) EN LA INVESTIGACIÓN PARA CARACTERIZAR HIDROQUÍMICAMENTE DE LA ZONA \"LA LAGUNA\", DEGRADA POR CONCENTRACIONES ELEVADAS DE ARSÉNICO, MOSTRANDO UN DETERIORO EN SU CALIDAD FÍSICO-QUÍMICA.","DATUMG":null,"CVE_ACUIF":523,"NOM_ACUIF":"PRINCIPAL-REGION LAGUNERA","CT_POZO":"NO","DISEÑO_PERF":"NO","CORTE_LIT":"NO","REG_ELEC":"NO","INF_PERF":"NO","REG_AFORO":"NO","ANAL_AGUA":"SI","CROQUIS":"SI","TIPO_INF":"HIDROGEOQUÍMICO","PROF_TOT_m":null,"PROF_REG_m":null,"HGQ":"SI","F_INICIO":null,"F_FINAL":null,"NE_M":null,"ND_M":null,"ALTITUD_msnm":null,"Q_LPS":null,"Ca":null,"Mg":null,"Na":null,"Cl":null,"SO4":null,"HCO3":null,"STD_ppm":null,"LONG_COL_m":null,"ADEME_pulg":null,"TEMP_°C":25,"POT_H_s/u":7.4,"CE_Us/cm":915,"As_mg/L":0.4326,"URL":"https://sigagis.conagua.gob.mx/t_infbasica/INVENTARIO/05 COAHUILA DE ZARAGOZA/PDF/10_0025.pdf","CVE_EDO_STR":"05","NOM_EDO_OFICIAL":"COAHUILA","CVE_ACUIF_STR":"0523","NOM_ACUIF_OFICIAL":"PRINCIPAL-REGIÓN LAGUNERA","ACUIF_ENCONTRADO":true}},{"type":"Feature","geometry":{"type":"Point","coordinates":[-103.19065,26.0024]},"properties":{"CVE_LGJO":"10_0025","CVE_POZO":"POZO 2510 (A1993)","NOMB_POZO":null,"TIT_LGJO":"GEOHIDROLOGÍA DE LA LAGUNA, REALIZADA POR EL IMTA","CVE_EDO":5,"CVE_MPIO":5009.0,"AÑO":1993,"DESC":"POZO SELECCIONADO EN LA INVESTIGACIÓN PARA CARACTERIZAR HIDROQUÍMICAMENTE DE LA ZONA \"LA LAGUNA\", DEGRADA POR CONCENTRACIONES ELEVADAS DE ARSÉNICO, MOSTRANDO UN DETERIORO EN SU CALIDAD FÍSICO-QUÍMICA.","DATUMG":null,"CVE_ACUIF":523,"NOM_ACUIF":"PRINCIPAL-REGION LAGUNERA","CT_POZO":"NO","DISEÑO_PERF":"NO","CORTE_LIT":"NO","REG_ELEC":"NO","INF_PERF":"NO","REG_AFORO":"NO","ANAL_AGUA":"SI","CROQUIS":"SI","TIPO_INF":"HIDROGEOQUÍMICO","PROF_TOT_m":null,"PROF_REG_m":null,"HGQ":"SI","F_INICIO":null,"F_FINAL":null,"NE_M":null,"ND_M":null,"ALTITUD_msnm":null,"Q_LPS":null,"Ca":null,"Mg":null,"Na":null,"Cl":null,"SO4":null,"HCO3":null,"STD_ppm":null,"LONG_COL_m":null,"ADEME_pulg":null,"TEMP_°C":24.1,"POT_H_s/u":7.6,"CE_Us/cm":1120,"As_mg/L":0.1155,"URL":"https://sigagis.conagua.gob.mx/t_infbasica/INVENTARIO/05 COAHUILA DE ZARAGOZA/PDF/10_0025.pdf","CVE_EDO_STR":"05","NOM_EDO_OFICIAL":"COAHUILA","CVE_ACUIF_STR":"0523","NOM_ACUIF_OFICIAL":"PRINCIPAL-REGIÓN LAGUNERA","ACUIF_ENCONTRADO":true}},{"type":"Feature","geometry":{"type":"Point","coordinates":[-103.62378,25.49701]},"properties":{"CVE_LGJO":"10_0025","CVE_POZO":"POZO 2538","NOMB_POZO":null,"TIT_LGJO":"GEOHIDROLOGÍA DE LA LAGUNA, REALIZADA POR EL IMTA","CVE_EDO":10,"CVE_MPIO":10012.0,"AÑO":1993,"DESC":"POZO DE LA ZONA \"LA LAGUNA\".","DATUMG":null,"CVE_ACUIF":523,"NOM_ACUIF":"PRINCIPAL-REGION LAGUNERA","CT_POZO":"NO","DISEÑO_PERF":"NO","CORTE_LIT":"NO","REG_ELEC":"NO","INF_PERF":"NO","REG_AFORO":"NO","ANAL_AGUA":"NO","CROQUIS":"SI","TIPO_INF":"CROQUIS","PROF_TOT_m":null,"PROF_REG_m":null,"HGQ":"NO","F_INICIO":null,"F_FINAL":null,"NE_M":null,"ND_M":null,"ALTITUD_msnm":null,"Q_LPS":null,"Ca":null,"Mg":null,"Na":null,"Cl":null,"SO4":null,"HCO3":null,"STD_ppm":null,"LONG_COL_m":null,"ADEME_pulg":null,"TEMP_°C":null,"POT_H_s/u":null,"CE_Us/cm":null,"As_mg/L":null,"URL":"https://sigagis.conagua.gob.mx/t_infbasica/INVENTARIO/10 DURANGO/PDF/10_0025.pdf","CVE_EDO_STR":"10","NOM_EDO_OFICIAL":"DURANGO","CVE_ACUIF_STR":"0523","NOM_ACUIF_OFICIAL":"PRINCIPAL-REGIÓN LAGUNERA","ACUIF_ENCONTRADO":true}},{"type":"Feature","geometry":{"type":"Point","coordinates":[-103.40865,26.06211]},"properties":{"CVE_LGJO":"10_0025","CVE_POZO":"POZO 2554","NOMB_POZO":null,"TIT_LGJO":"GEOHIDROLOGÍA DE LA LAGUNA, REALIZADA POR EL IMTA","CVE_EDO":10,"CVE_MPIO":10036.0,"AÑO":1993,"DESC":"POZO DE LA ZONA \"LA LAGUNA\".","DATUMG":null,"CVE_ACUIF":523,"NOM_ACUIF":"PRINCIPAL-REGION LAGUNERA","CT_POZO":"NO","DISEÑO_PERF":"NO","CORTE_LIT":"NO","REG_ELEC":"NO","INF_PERF":"NO","REG_AFORO":"NO","ANAL_AGUA":"NO","CROQUIS":"SI","TIPO_INF":"CROQUIS","PROF_TOT_m":null,"PROF_REG_m":null,"HGQ":"NO","F_INICIO":null,"F_FINAL":null,"NE_M":null,"ND_M":null,"ALTITUD_msnm":null,"Q_LPS":null,"Ca":null,"Mg":null,"Na":null,"Cl":null,"SO4":null,"HCO3":null,"STD_ppm":null,"LONG_COL_m":null,"ADEME_pulg":null,"TEMP_°C":null,"POT_H_s/u":null,"CE_Us/cm":null,"As_mg/L":null,"URL":"https://sigagis.conagua.gob.mx/t_infbasica/INVENTARIO/10 DURANGO/PDF/10_0025.pdf","CVE_EDO_STR":"10","NOM_EDO_OFICIAL":"DURANGO","CVE_ACUIF_STR":"0523","NOM_ACUIF_OFICIAL":"PRINCIPAL-REGIÓN LAGUNERA","ACUIF_ENCONTRADO":true}},{"type":"Feature","geometry":{"type":"Point","coordinates":[-103.66653,25.4214]},"properties":{"CVE_LGJO":"10_0025","CVE_POZO":"POZO 2575","NOMB_POZO":null,"TIT_LGJO":"GEOHIDROLOGÍA DE LA LAGUNA, REALIZADA POR EL IMTA","CVE_EDO":10,"CVE_MPIO":10012.0,"AÑO":1993,"DESC":"POZO DE LA ZONA \"LA LAGUNA\".","DATUMG":null,"CVE_ACUIF":523,"NOM_ACUIF":"PRINCIPAL-REGION LAGUNERA","CT_POZO":"NO","DISEÑO_PERF":"NO","CORTE_LIT":"NO","REG_ELEC":"NO","INF_PERF":"NO","REG_AFORO":"NO","ANAL_AGUA":"NO","CROQUIS":"SI","TIPO_INF":"CROQUIS","PROF_TOT_m":null,"PROF_REG_m":null,"HGQ":"NO","F_INICIO":null,"F_FINAL":null,"NE_M":null,"ND_M":null,"ALTITUD_msnm":null,"Q_LPS":null,"Ca":null,"Mg":null,"Na":null,"Cl":null,"SO4":null,"HCO3":null,"STD_ppm":null,"LONG_COL_m":null,"ADEME_pulg":null,"TEMP_°C":null,"POT_H_s/u":null,"CE_Us/cm":null,"As_mg/L":null,"URL":"https://sigagis.conagua.gob.mx/t_infbasica/INVENTARIO/10 DURANGO/PDF/10_0025.pdf","CVE_EDO_STR":"10","NOM_EDO_OFICIAL":"DURANGO","CVE_ACUIF_STR":"0523","NOM_ACUIF_OFICIAL":"PRINCIPAL-REGIÓN LAGUNERA","ACUIF_ENCONTRADO":true}},{"type":"Feature","geometry":{"type":"Point","coordinates":[-103.742,25.44446]},"properties":{"CVE_LGJO":"10_0025","CVE_POZO":"POZO 2592","NOMB_POZO":null,"TIT_LGJO":"GEOHIDROLOGÍA DE LA LAGUNA, REALIZADA POR EL IMTA","CVE_EDO":10,"CVE_MPIO":10012.0,"AÑO":1993,"DESC":"POZO DE LA ZONA \"LA LAGUNA\".","DATUMG":null,"CVE_ACUIF":523,"NOM_ACUIF":"PRINCIPAL-REGION LAGUNERA","CT_POZO":"NO","DISEÑO_PERF":"NO","CORTE_LIT":"NO","REG_ELEC":"NO","INF_PERF":"NO","REG_AFORO":"NO","ANAL_AGUA":"NO","CROQUIS":"SI","TIPO_INF":"CROQUIS","PROF_TOT_m":null,"PROF_REG_m":null,"HGQ":"NO","F_INICIO":null,"F_FINAL":null,"NE_M":null,"ND_M":null,"ALTITUD_msnm":null,"Q_LPS":null,"Ca":null,"Mg":null,"Na":null,"Cl":null,"SO4":null,"HCO3":null,"STD_ppm":null,"LONG_COL_m":null,"ADEME_pulg":null,"TEMP_°C":null,"POT_H_s/u":null,"CE_Us/cm":null,"As_mg/L":null,"URL":"https://sigagis.conagua.gob.mx/t_infbasica/INVENTARIO/10 DURANGO/PDF/10_0025.pdf","CVE_EDO_STR":"10","NOM_EDO_OFICIAL":"DURANGO","CVE_ACUIF_STR":"0523","NOM_ACUIF_OFICIAL":"PRINCIPAL-REGIÓN LAGUNERA","ACUIF_ENCONTRADO":true}},{"type":"Feature","geometry":{"type":"Point","coordinates":[-103.73385,25.50693]},"properties":{"CVE_LGJO":"10_0025","CVE_POZO":"POZO 2595","NOMB_POZO":null,"TIT_LGJO":"GEOHIDROLOGÍA DE LA LAGUNA, REALIZADA POR EL IMTA","CVE_EDO":10,"CVE_MPIO":10012.0,"AÑO":1993,"DESC":"POZO DE LA ZONA \"LA LAGUNA\".","DATUMG":null,"CVE_ACUIF":523,"NOM_ACUIF":"PRINCIPAL-REGION LAGUNERA","CT_POZO":"NO","DISEÑO_PERF":"NO","CORTE_LIT":"NO","REG_ELEC":"NO","INF_PERF":"NO","REG_AFORO":"NO","ANAL_AGUA":"NO","CROQUIS":"SI","TIPO_INF":"CROQUIS","PROF_TOT_m":null,"PROF_REG_m":null,"HGQ":"NO","F_INICIO":null,"F_FINAL":null,"NE_M":null,"ND_M":null,"ALTITUD_msnm":null,"Q_LPS":null,"Ca":null,"Mg":null,"Na":null,"Cl":null,"SO4":null,"HCO3":null,"STD_ppm":null,"LONG_COL_m":null,"ADEME_pulg":null,"TEMP_°C":null,"POT_H_s/u":null,"CE_Us/cm":null,"As_mg/L":null,"URL":"https://sigagis.conagua.gob.mx/t_infbasica/INVENTARIO/10 DURANGO/PDF/10_0025.pdf","CVE_EDO_STR":"10","NOM_EDO_OFICIAL":"DURANGO","CVE_ACUIF_STR":"0523","NOM_ACUIF_OFICIAL":"PRINCIPAL-REGIÓN LAGUNERA","ACUIF_ENCONTRADO":true}},{"type":"Feature","geometry":{"type":"Point","coordinates":[-103.69338,25.55569]},"properties":{"CVE_LGJO":"10_0025","CVE_POZO":"POZO 2605","NOMB_POZO":null,"TIT_LGJO":"GEOHIDROLOGÍA DE LA LAGUNA, REALIZADA POR EL IMTA","CVE_EDO":10,"CVE_MPIO":10012.0,"AÑO":1993,"DESC":"POZO DE LA ZONA \"LA LAGUNA\".","DATUMG":null,"CVE_ACUIF":523,"NOM_ACUIF":"PRINCIPAL-REGION LAGUNERA","CT_POZO":"NO","DISEÑO_PERF":"NO","CORTE_LIT":"NO","REG_ELEC":"NO","INF_PERF":"NO","REG_AFORO":"NO","ANAL_AGUA":"NO","CROQUIS":"SI","TIPO_INF":"CROQUIS","PROF_TOT_m":null,"PROF_REG_m":null,"HGQ":"NO","F_INICIO":null,"F_FINAL":null,"NE_M":null,"ND_M":null,"ALTITUD_msnm":null,"Q_LPS":null,"Ca":null,"Mg":null,"Na":null,"Cl":null,"SO4":null,"HCO3":null,"STD_ppm":null,"LONG_COL_m":null,"ADEME_pulg":null,"TEMP_°C":null,"POT_H_s/u":null,"CE_Us/cm":null,"As_mg/L":null,"URL":"https://sigagis.conagua.gob.mx/t_infbasica/INVENTARIO/10 DURANGO/PDF/10_0025.pdf","CVE_EDO_STR":"10","NOM_EDO_OFICIAL":"DURANGO","CVE_ACUIF_STR":"0523","NOM_ACUIF_OFICIAL":"PRINCIPAL-REGIÓN LAGUNERA","ACUIF_ENCONTRADO":true}},{"type":"Feature","geometry":{"type":"Point","coordinates":[-103.65638,25.52821]},"properties":{"CVE_LGJO":"10_0025","CVE_POZO":"POZO 2612","NOMB_POZO":null,"TIT_LGJO":"GEOHIDROLOGÍA DE LA LAGUNA, REALIZADA POR EL IMTA","CVE_EDO":10,"CVE_MPIO":10012.0,"AÑO":1993,"DESC":"POZO DE LA ZONA \"LA LAGUNA\".","DATUMG":null,"CVE_ACUIF":523,"NOM_ACUIF":"PRINCIPAL-REGION LAGUNERA","CT_POZO":"NO","DISEÑO_PERF":"NO","CORTE_LIT":"NO","REG_ELEC":"NO","INF_PERF":"NO","REG_AFORO":"NO","ANAL_AGUA":"NO","CROQUIS":"SI","TIPO_INF":"CROQUIS","PROF_TOT_m":null,"PROF_REG_m":null,"HGQ":"NO","F_INICIO":null,"F_FINAL":null,"NE_M":null,"ND_M":null,"ALTITUD_msnm":null,"Q_LPS":null,"Ca":null,"Mg":null,"Na":null,"Cl":null,"SO4":null,"HCO3":null,"STD_ppm":null,"LONG_COL_m":null,"ADEME_pulg":null,"TEMP_°C":null,"POT_H_s/u":null,"CE_Us/cm":null,"As_mg/L":null,"URL":"https://sigagis.conagua.gob.mx/t_infbasica/INVENTARIO/10 DURANGO/PDF/10_0025.pdf","CVE_EDO_STR":"10","NOM_EDO_OFICIAL":"DURANGO","CVE_ACUIF_STR":"0523","NOM_ACUIF_OFICIAL":"PRINCIPAL-REGIÓN LAGUNERA","ACUIF_ENCONTRADO":true}},{"type":"Feature","geometry":{"type":"Point","coordinates":[-103.61699,25.52817]},"properties":{"CVE_LGJO":"10_0025","CVE_POZO":"POZO 2624","NOMB_POZO":null,"TIT_LGJO":"GEOHIDROLOGÍA DE LA LAGUNA, REALIZADA POR EL IMTA","CVE_EDO":10,"CVE_MPIO":10012.0,"AÑO":1993,"DESC":"POZO DE LA ZONA \"LA LAGUNA\".","DATUMG":null,"CVE_ACUIF":523,"NOM_ACUIF":"PRINCIPAL-REGION LAGUNERA","CT_POZO":"NO","DISEÑO_PERF":"NO","CORTE_LIT":"NO","REG_ELEC":"NO","INF_PERF":"NO","REG_AFORO":"NO","ANAL_AGUA":"NO","CROQUIS":"SI","TIPO_INF":"CROQUIS","PROF_TOT_m":null,"PROF_REG_m":null,"HGQ":"NO","F_INICIO":null,"F_FINAL":null,"NE_M":null,"ND_M":null,"ALTITUD_msnm":null,"Q_LPS":null,"Ca":null,"Mg":null,"Na":null,"Cl":null,"SO4":null,"HCO3":null,"STD_ppm":null,"LONG_COL_m":null,"ADEME_pulg":null,"TEMP_°C":null,"POT_H_s/u":null,"CE_Us/cm":null,"As_mg/L":null,"URL":"https://sigagis.conagua.gob.mx/t_infbasica/INVENTARIO/10 DURANGO/PDF/10_0025.pdf","CVE_EDO_STR":"10","NOM_EDO_OFICIAL":"DURANGO","CVE_ACUIF_STR":"0523","NOM_ACUIF_OFICIAL":"PRINCIPAL-REGIÓN LAGUNERA","ACUIF_ENCONTRADO":true}},{"type":"Feature","geometry":{"type":"Point","coordinates":[-103.26892,25.9456]},"properties":{"CVE_LGJO":"10_0025","CVE_POZO":"POZO 2654 (A1990)","NOMB_POZO":null,"TIT_LGJO":"GEOHIDROLOGÍA DE LA LAGUNA (I Y II ETAPA), REALIZADA POR EL IMTA","CVE_EDO":5,"CVE_MPIO":5009.0,"AÑO":1993,"DESC":"POZO SELECCIONADO (I Y II ETAPA ) EN LA INVESTIGACIÓN PARA CARACTERIZAR HIDROQUÍMICAMENTE DE LA ZONA \"LA LAGUNA\", DEGRADA POR CONCENTRACIONES ELEVADAS DE ARSÉNICO, MOSTRANDO UN DETERIORO EN SU CALIDAD FÍSICO-QUÍMICA.","DATUMG":null,"CVE_ACUIF":523,"NOM_ACUIF":"PRINCIPAL-REGION LAGUNERA","CT_POZO":"NO","DISEÑO_PERF":"NO","CORTE_LIT":"NO","REG_ELEC":"NO","INF_PERF":"NO","REG_AFORO":"NO","ANAL_AGUA":"SI","CROQUIS":"SI","TIPO_INF":"HIDROGEOQUÍMICO","PROF_TOT_m":null,"PROF_REG_m":null,"HGQ":"SI","F_INICIO":null,"F_FINAL":null,"NE_M":null,"ND_M":null,"ALTITUD_msnm":null,"Q_LPS":null,"Ca":null,"Mg":null,"Na":null,"Cl":null,"SO4":null,"HCO3":null,"STD_ppm":null,"LONG_COL_m":null,"ADEME_pulg":null,"TEMP_°C":28,"POT_H_s/u":7.3,"CE_Us/cm":756,"As_mg/L":0.1833,"URL":"https://sigagis.conagua.gob.mx/t_infbasica/INVENTARIO/05 COAHUILA DE ZARAGOZA/PDF/10_0025.pdf","CVE_EDO_STR":"05","NOM_EDO_OFICIAL":"COAHUILA","CVE_ACUIF_STR":"0523","NOM_ACUIF_OFICIAL":"PRINCIPAL-REGIÓN LAGUNERA","ACUIF_ENCONTRADO":true}},{"type":"Feature","geometry":{"type":"Point","coordinates":[-103.26892,25.9456]},"properties":{"CVE_LGJO":"10_0025","CVE_POZO":"POZO 2654 (A1993)","NOMB_POZO":null,"TIT_LGJO":"GEOHIDROLOGÍA DE LA LAGUNA, REALIZADA POR EL IMTA","CVE_EDO":5,"CVE_MPIO":5009.0,"AÑO":1993,"DESC":"POZO SELECCIONADO EN LA INVESTIGACIÓN PARA CARACTERIZAR HIDROQUÍMICAMENTE DE LA ZONA \"LA LAGUNA\", DEGRADA POR CONCENTRACIONES ELEVADAS DE ARSÉNICO, MOSTRANDO UN DETERIORO EN SU CALIDAD FÍSICO-QUÍMICA.","DATUMG":null,"CVE_ACUIF":523,"NOM_ACUIF":"PRINCIPAL-REGION LAGUNERA","CT_POZO":"NO","DISEÑO_PERF":"NO","CORTE_LIT":"NO","REG_ELEC":"NO","INF_PERF":"NO","REG_AFORO":"NO","ANAL_AGUA":"SI","CROQUIS":"SI","TIPO_INF":"HIDROGEOQUÍMICO","PROF_TOT_m":null,"PROF_REG_m":null,"HGQ":"SI","F_INICIO":null,"F_FINAL":null,"NE_M":null,"ND_M":null,"ALTITUD_msnm":null,"Q_LPS":null,"Ca":null,"Mg":null,"Na":null,"Cl":null,"SO4":null,"HCO3":null,"STD_ppm":null,"LONG_COL_m":null,"ADEME_pulg":null,"TEMP_°C":31.1,"POT_H_s/u":7.65,"CE_Us/cm":1840,"As_mg/L":0.0795,"URL":"https://sigagis.conagua.gob.mx/t_infbasica/INVENTARIO/05 COAHUILA DE ZARAGOZA/PDF/10_0025.pdf","CVE_EDO_STR":"05","NOM_EDO_OFICIAL":"COAHUILA","CVE_ACUIF_STR":"0523","NOM_ACUIF_OFICIAL":"PRINCIPAL-REGIÓN LAGUNERA","ACUIF_ENCONTRADO":true}},{"type":"Feature","geometry":{"type":"Point","coordinates":[-103.66406,25.47384]},"properties":{"CVE_LGJO":"10_0025","CVE_POZO":"POZO 2679","NOMB_POZO":null,"TIT_LGJO":"GEOHIDROLOGÍA DE LA LAGUNA, REALIZADA POR EL IMTA","CVE_EDO":10,"CVE_MPIO":10012.0,"AÑO":1993,"DESC":"POZO DE LA ZONA \"LA LAGUNA\".","DATUMG":null,"CVE_ACUIF":523,"NOM_ACUIF":"PRINCIPAL-REGION LAGUNERA","CT_POZO":"NO","DISEÑO_PERF":"NO","CORTE_LIT":"NO","REG_ELEC":"NO","INF_PERF":"NO","REG_AFORO":"NO","ANAL_AGUA":"NO","CROQUIS":"SI","TIPO_INF":"CROQUIS","PROF_TOT_m":null,"PROF_REG_m":null,"HGQ":"NO","F_INICIO":null,"F_FINAL":null,"NE_M":null,"ND_M":null,"ALTITUD_msnm":null,"Q_LPS":null,"Ca":null,"Mg":null,"Na":null,"Cl":null,"SO4":null,"HCO3":null,"STD_ppm":null,"LONG_COL_m":null,"ADEME_pulg":null,"TEMP_°C":null,"POT_H_s/u":null,"CE_Us/cm":null,"As_mg/L":null,"URL":"https://sigagis.conagua.gob.mx/t_infbasica/INVENTARIO/10 DURANGO/PDF/10_0025.pdf","CVE_EDO_STR":"10","NOM_EDO_OFICIAL":"DURANGO","CVE_ACUIF_STR":"0523","NOM_ACUIF_OFICIAL":"PRINCIPAL-REGIÓN LAGUNERA","ACUIF_ENCONTRADO":true}},{"type":"Feature","geometry":{"type":"Point","coordinates":[-103.644505,25.715697]},"properties":{"CVE_LGJO":"10_0025","CVE_POZO":"POZO 2686","NOMB_POZO":null,"TIT_LGJO":"GEOHIDROLOGÍA DE LA LAGUNA, REALIZADA POR EL IMTA","CVE_EDO":10,"CVE_MPIO":10007.0,"AÑO":1993,"DESC":"POZO DE LA ZONA \"LA LAGUNA\".","DATUMG":null,"CVE_ACUIF":523,"NOM_ACUIF":"PRINCIPAL-REGION LAGUNERA","CT_POZO":"NO","DISEÑO_PERF":"NO","CORTE_LIT":"NO","REG_ELEC":"NO","INF_PERF":"NO","REG_AFORO":"NO","ANAL_AGUA":"NO","CROQUIS":"SI","TIPO_INF":"CROQUIS","PROF_TOT_m":null,"PROF_REG_m":null,"HGQ":"NO","F_INICIO":null,"F_FINAL":null,"NE_M":null,"ND_M":null,"ALTITUD_msnm":null,"Q_LPS":null,"Ca":null,"Mg":null,"Na":null,"Cl":null,"SO4":null,"HCO3":null,"STD_ppm":null,"LONG_COL_m":null,"ADEME_pulg":null,"TEMP_°C":null,"POT_H_s/u":null,"CE_Us/cm":null,"As_mg/L":null,"URL":"https://sigagis.conagua.gob.mx/t_infbasica/INVENTARIO/10 DURANGO/PDF/10_0025.pdf","CVE_EDO_STR":"10","NOM_EDO_OFICIAL":"DURANGO","CVE_ACUIF_STR":"0523","NOM_ACUIF_OFICIAL":"PRINCIPAL-REGIÓN LAGUNERA","ACUIF_ENCONTRADO":true}},{"type":"Feature","geometry":{"type":"Point","coordinates":[-103.309406,25.404673]},"properties":{"CVE_LGJO":"10_0025","CVE_POZO":"POZO 2734","NOMB_POZO":null,"TIT_LGJO":"GEOHIDROLOGÍA DE LA LAGUNA, REALIZADA POR EL IMTA","CVE_EDO":5,"CVE_MPIO":5017.0,"AÑO":1993,"DESC":"POZO DE LA ZONA \"LA LAGUNA\".","DATUMG":null,"CVE_ACUIF":523,"NOM_ACUIF":"PRINCIPAL-REGION LAGUNERA","CT_POZO":"NO","DISEÑO_PERF":"NO","CORTE_LIT":"NO","REG_ELEC":"NO","INF_PERF":"NO","REG_AFORO":"NO","ANAL_AGUA":"NO","CROQUIS":"SI","TIPO_INF":"CROQUIS","PROF_TOT_m":null,"PROF_REG_m":null,"HGQ":"NO","F_INICIO":null,"F_FINAL":null,"NE_M":null,"ND_M":null,"ALTITUD_msnm":null,"Q_LPS":null,"Ca":null,"Mg":null,"Na":null,"Cl":null,"SO4":null,"HCO3":null,"STD_ppm":null,"LONG_COL_m":null,"ADEME_pulg":null,"TEMP_°C":null,"POT_H_s/u":null,"CE_Us/cm":null,"As_mg/L":null,"URL":"https://sigagis.conagua.gob.mx/t_infbasica/INVENTARIO/05 COAHUILA DE ZARAGOZA/PDF/10_0025.pdf","CVE_EDO_STR":"05","NOM_EDO_OFICIAL":"COAHUILA","CVE_ACUIF_STR":"0523","NOM_ACUIF_OFICIAL":"PRINCIPAL-REGIÓN LAGUNERA","ACUIF_ENCONTRADO":true}},{"type":"Feature","geometry":{"type":"Point","coordinates":[-103.60005,26.00158]},"properties":{"CVE_LGJO":"10_0025","CVE_POZO":"POZO 2755 (A1990)","NOMB_POZO":null,"TIT_LGJO":"GEOHIDROLOGÍA DE LA LAGUNA (I Y II ETAPA), REALIZADA POR EL IMTA","CVE_EDO":10,"CVE_MPIO":10036.0,"AÑO":1993,"DESC":"POZO SELECCIONADO (I Y II ETAPA ) EN LA INVESTIGACIÓN PARA CARACTERIZAR HIDROQUÍMICAMENTE DE LA ZONA \"LA LAGUNA\", DEGRADA POR CONCENTRACIONES ELEVADAS DE ARSÉNICO, MOSTRANDO UN DETERIORO EN SU CALIDAD FÍSICO-QUÍMICA.","DATUMG":null,"CVE_ACUIF":523,"NOM_ACUIF":"PRINCIPAL-REGION LAGUNERA","CT_POZO":"NO","DISEÑO_PERF":"NO","CORTE_LIT":"NO","REG_ELEC":"NO","INF_PERF":"NO","REG_AFORO":"NO","ANAL_AGUA":"SI","CROQUIS":"SI","TIPO_INF":"HIDROGEOQUÍMICO","PROF_TOT_m":null,"PROF_REG_m":null,"HGQ":"SI","F_INICIO":null,"F_FINAL":null,"NE_M":null,"ND_M":null,"ALTITUD_msnm":null,"Q_LPS":null,"Ca":null,"Mg":null,"Na":null,"Cl":null,"SO4":null,"HCO3":null,"STD_ppm":null,"LONG_COL_m":null,"ADEME_pulg":null,"TEMP_°C":30,"POT_H_s/u":6.5,"CE_Us/cm":4930,"As_mg/L":0.0232,"URL":"https://sigagis.conagua.gob.mx/t_infbasica/INVENTARIO/10 DURANGO/PDF/10_0025.pdf","CVE_EDO_STR":"10","NOM_EDO_OFICIAL":"DURANGO","CVE_ACUIF_STR":"0523","NOM_ACUIF_OFICIAL":"PRINCIPAL-REGIÓN LAGUNERA","ACUIF_ENCONTRADO":true}},{"type":"Feature","geometry":{"type":"Point","coordinates":[-103.24131,25.31091]},"properties":{"CVE_LGJO":"10_0025","CVE_POZO":"POZO 2775 (A1993)","NOMB_POZO":null,"TIT_LGJO":"GEOHIDROLOGÍA DE LA LAGUNA, REALIZADA POR EL IMTA","CVE_EDO":5,"CVE_MPIO":5036.0,"AÑO":1993,"DESC":"POZO SELECCIONADO EN LA INVESTIGACIÓN PARA CARACTERIZAR HIDROQUÍMICAMENTE DE LA ZONA \"LA LAGUNA\", DEGRADA POR CONCENTRACIONES ELEVADAS DE ARSÉNICO, MOSTRANDO UN DETERIORO EN SU CALIDAD FÍSICO-QUÍMICA.","DATUMG":null,"CVE_ACUIF":523,"NOM_ACUIF":"PRINCIPAL-REGION LAGUNERA","CT_POZO":"NO","DISEÑO_PERF":"NO","CORTE_LIT":"NO","REG_ELEC":"NO","INF_PERF":"NO","REG_AFORO":"NO","ANAL_AGUA":"SI","CROQUIS":"SI","TIPO_INF":"HIDROGEOQUÍMICO","PROF_TOT_m":null,"PROF_REG_m":null,"HGQ":"SI","F_INICIO":null,"F_FINAL":null,"NE_M":null,"ND_M":null,"ALTITUD_msnm":null,"Q_LPS":null,"Ca":null,"Mg":null,"Na":null,"Cl":null,"SO4":null,"HCO3":null,"STD_ppm":null,"LONG_COL_m":null,"ADEME_pulg":null,"TEMP_°C":28.4,"POT_H_s/u":6.96,"CE_Us/cm":4090,"As_mg/L":0.0043,"URL":"https://sigagis.conagua.gob.mx/t_infbasica/INVENTARIO/05 COAHUILA DE ZARAGOZA/PDF/10_0025.pdf","CVE_EDO_STR":"05","NOM_EDO_OFICIAL":"COAHUILA","CVE_ACUIF_STR":"0523","NOM_ACUIF_OFICIAL":"PRINCIPAL-REGIÓN LAGUNERA","ACUIF_ENCONTRADO":true}},{"type":"Feature","geometry":{"type":"Point","coordinates":[-103.196212,25.300506]},"properties":{"CVE_LGJO":"10_0025","CVE_POZO":"POZO 2787","NOMB_POZO":null,"TIT_LGJO":"GEOHIDROLOGÍA DE LA LAGUNA, REALIZADA POR EL IMTA","CVE_EDO":5,"CVE_MPIO":5036.0,"AÑO":1993,"DESC":"POZO DE LA ZONA \"LA LAGUNA\".","DATUMG":null,"CVE_ACUIF":523,"NOM_ACUIF":"PRINCIPAL-REGION LAGUNERA","CT_POZO":"NO","DISEÑO_PERF":"NO","CORTE_LIT":"NO","REG_ELEC":"NO","INF_PERF":"NO","REG_AFORO":"NO","ANAL_AGUA":"NO","CROQUIS":"SI","TIPO_INF":"CROQUIS","PROF_TOT_m":null,"PROF_REG_m":null,"HGQ":"NO","F_INICIO":null,"F_FINAL":null,"NE_M":null,"ND_M":null,"ALTITUD_msnm":null,"Q_LPS":null,"Ca":null,"Mg":null,"Na":null,"Cl":null,"SO4":null,"HCO3":null,"STD_ppm":null,"LONG_COL_m":null,"ADEME_pulg":null,"TEMP_°C":null,"POT_H_s/u":null,"CE_Us/cm":null,"As_mg/L":null,"URL":"https://sigagis.conagua.gob.mx/t_infbasica/INVENTARIO/05 COAHUILA DE ZARAGOZA/PDF/10_0025.pdf","CVE_EDO_STR":"05","NOM_EDO_OFICIAL":"COAHUILA","CVE_ACUIF_STR":"0523","NOM_ACUIF_OFICIAL":"PRINCIPAL-REGIÓN LAGUNERA","ACUIF_ENCONTRADO":true}},{"type":"Feature","geometry":{"type":"Point","coordinates":[-103.24897,25.385]},"properties":{"CVE_LGJO":"10_0025","CVE_POZO":"POZO 2812","NOMB_POZO":null,"TIT_LGJO":"GEOHIDROLOGÍA DE LA LAGUNA, REALIZADA POR EL IMTA","CVE_EDO":5,"CVE_MPIO":5036.0,"AÑO":1993,"DESC":"POZO DE LA ZONA \"LA LAGUNA\".","DATUMG":null,"CVE_ACUIF":523,"NOM_ACUIF":"PRINCIPAL-REGION LAGUNERA","CT_POZO":"NO","DISEÑO_PERF":"NO","CORTE_LIT":"NO","REG_ELEC":"NO","INF_PERF":"NO","REG_AFORO":"NO","ANAL_AGUA":"NO","CROQUIS":"SI","TIPO_INF":"CROQUIS","PROF_TOT_m":null,"PROF_REG_m":null,"HGQ":"NO","F_INICIO":null,"F_FINAL":null,"NE_M":null,"ND_M":null,"ALTITUD_msnm":null,"Q_LPS":null,"Ca":null,"Mg":null,"Na":null,"Cl":null,"SO4":null,"HCO3":null,"STD_ppm":null,"LONG_COL_m":null,"ADEME_pulg":null,"TEMP_°C":null,"POT_H_s/u":null,"CE_Us/cm":null,"As_mg/L":null,"URL":"https://sigagis.conagua.gob.mx/t_infbasica/INVENTARIO/05 COAHUILA DE ZARAGOZA/PDF/10_0025.pdf","CVE_EDO_STR":"05","NOM_EDO_OFICIAL":"COAHUILA","CVE_ACUIF_STR":"0523","NOM_ACUIF_OFICIAL":"PRINCIPAL-REGIÓN LAGUNERA","ACUIF_ENCONTRADO":true}},{"type":"Feature","geometry":{"type":"Point","coordinates":[-103.14118,25.96589]},"properties":{"CVE_LGJO":"10_0025","CVE_POZO":"POZO 2819","NOMB_POZO":null,"TIT_LGJO":"GEOHIDROLOGÍA DE LA LAGUNA, REALIZADA POR EL IMTA","CVE_EDO":5,"CVE_MPIO":5033.0,"AÑO":1993,"DESC":"POZO DE LA ZONA \"LA LAGUNA\".","DATUMG":null,"CVE_ACUIF":523,"NOM_ACUIF":"PRINCIPAL-REGION LAGUNERA","CT_POZO":"NO","DISEÑO_PERF":"NO","CORTE_LIT":"NO","REG_ELEC":"NO","INF_PERF":"NO","REG_AFORO":"NO","ANAL_AGUA":"NO","CROQUIS":"SI","TIPO_INF":"CROQUIS","PROF_TOT_m":null,"PROF_REG_m":null,"HGQ":"NO","F_INICIO":null,"F_FINAL":null,"NE_M":null,"ND_M":null,"ALTITUD_msnm":null,"Q_LPS":null,"Ca":null,"Mg":null,"Na":null,"Cl":null,"SO4":null,"HCO3":null,"STD_ppm":null,"LONG_COL_m":null,"ADEME_pulg":null,"TEMP_°C":null,"POT_H_s/u":null,"CE_Us/cm":null,"As_mg/L":null,"URL":"https://sigagis.conagua.gob.mx/t_infbasica/INVENTARIO/05 COAHUILA DE ZARAGOZA/PDF/10_0025.pdf","CVE_EDO_STR":"05","NOM_EDO_OFICIAL":"COAHUILA","CVE_ACUIF_STR":"0523","NOM_ACUIF_OFICIAL":"PRINCIPAL-REGIÓN LAGUNERA","ACUIF_ENCONTRADO":true}},{"type":"Feature","geometry":{"type":"Point","coordinates":[-103.46059,25.94097]},"properties":{"CVE_LGJO":"10_0025","CVE_POZO":"POZO 2910","NOMB_POZO":null,"TIT_LGJO":"GEOHIDROLOGÍA DE LA LAGUNA, REALIZADA POR EL IMTA","CVE_EDO":10,"CVE_MPIO":10036.0,"AÑO":1993,"DESC":"POZO DE LA ZONA \"LA LAGUNA\".","DATUMG":null,"CVE_ACUIF":523,"NOM_ACUIF":"PRINCIPAL-REGION LAGUNERA","CT_POZO":"NO","DISEÑO_PERF":"NO","CORTE_LIT":"NO","REG_ELEC":"NO","INF_PERF":"NO","REG_AFORO":"NO","ANAL_AGUA":"NO","CROQUIS":"SI","TIPO_INF":"CROQUIS","PROF_TOT_m":null,"PROF_REG_m":null,"HGQ":"NO","F_INICIO":null,"F_FINAL":null,"NE_M":null,"ND_M":null,"ALTITUD_msnm":null,"Q_LPS":null,"Ca":null,"Mg":null,"Na":null,"Cl":null,"SO4":null,"HCO3":null,"STD_ppm":null,"LONG_COL_m":null,"ADEME_pulg":null,"TEMP_°C":null,"POT_H_s/u":null,"CE_Us/cm":null,"As_mg/L":null,"URL":"https://sigagis.conagua.gob.mx/t_infbasica/INVENTARIO/10 DURANGO/PDF/10_0025.pdf","CVE_EDO_STR":"10","NOM_EDO_OFICIAL":"DURANGO","CVE_ACUIF_STR":"0523","NOM_ACUIF_OFICIAL":"PRINCIPAL-REGIÓN LAGUNERA","ACUIF_ENCONTRADO":true}},{"type":"Feature","geometry":{"type":"Point","coordinates":[-103.52596,25.91099]},"properties":{"CVE_LGJO":"10_0025","CVE_POZO":"POZO 2984","NOMB_POZO":null,"TIT_LGJO":"GEOHIDROLOGÍA DE LA LAGUNA, REALIZADA POR EL IMTA","CVE_EDO":10,"CVE_MPIO":10036.0,"AÑO":1993,"DESC":"POZO DE LA ZONA \"LA LAGUNA\".","DATUMG":null,"CVE_ACUIF":523,"NOM_ACUIF":"PRINCIPAL-REGION LAGUNERA","CT_POZO":"NO","DISEÑO_PERF":"NO","CORTE_LIT":"NO","REG_ELEC":"NO","INF_PERF":"NO","REG_AFORO":"NO","ANAL_AGUA":"NO","CROQUIS":"SI","TIPO_INF":"CROQUIS","PROF_TOT_m":null,"PROF_REG_m":null,"HGQ":"NO","F_INICIO":null,"F_FINAL":null,"NE_M":null,"ND_M":null,"ALTITUD_msnm":null,"Q_LPS":null,"Ca":null,"Mg":null,"Na":null,"Cl":null,"SO4":null,"HCO3":null,"STD_ppm":null,"LONG_COL_m":null,"ADEME_pulg":null,"TEMP_°C":null,"POT_H_s/u":null,"CE_Us/cm":null,"As_mg/L":null,"URL":"https://sigagis.conagua.gob.mx/t_infbasica/INVENTARIO/10 DURANGO/PDF/10_0025.pdf","CVE_EDO_STR":"10","NOM_EDO_OFICIAL":"DURANGO","CVE_ACUIF_STR":"0523","NOM_ACUIF_OFICIAL":"PRINCIPAL-REGIÓN LAGUNERA","ACUIF_ENCONTRADO":true}},{"type":"Feature","geometry":{"type":"Point","coordinates":[-103.37935,26.00939]},"properties":{"CVE_LGJO":"10_0025","CVE_POZO":"POZO 3035","NOMB_POZO":null,"TIT_LGJO":"GEOHIDROLOGÍA DE LA LAGUNA, REALIZADA POR EL IMTA","CVE_EDO":10,"CVE_MPIO":10036.0,"AÑO":1993,"DESC":"POZO DE LA ZONA \"LA LAGUNA\".","DATUMG":null,"CVE_ACUIF":523,"NOM_ACUIF":"PRINCIPAL-REGION LAGUNERA","CT_POZO":"NO","DISEÑO_PERF":"NO","CORTE_LIT":"NO","REG_ELEC":"NO","INF_PERF":"NO","REG_AFORO":"NO","ANAL_AGUA":"NO","CROQUIS":"SI","TIPO_INF":"CROQUIS","PROF_TOT_m":null,"PROF_REG_m":null,"HGQ":"NO","F_INICIO":null,"F_FINAL":null,"NE_M":null,"ND_M":null,"ALTITUD_msnm":null,"Q_LPS":null,"Ca":null,"Mg":null,"Na":null,"Cl":null,"SO4":null,"HCO3":null,"STD_ppm":null,"LONG_COL_m":null,"ADEME_pulg":null,"TEMP_°C":null,"POT_H_s/u":null,"CE_Us/cm":null,"As_mg/L":null,"URL":"https://sigagis.conagua.gob.mx/t_infbasica/INVENTARIO/10 DURANGO/PDF/10_0025.pdf","CVE_EDO_STR":"10","NOM_EDO_OFICIAL":"DURANGO","CVE_ACUIF_STR":"0523","NOM_ACUIF_OFICIAL":"PRINCIPAL-REGIÓN LAGUNERA","ACUIF_ENCONTRADO":true}},{"type":"Feature","geometry":{"type":"Point","coordinates":[-103.04447,25.36687]},"properties":{"CVE_LGJO":"10_0025","CVE_POZO":"POZO 3054","NOMB_POZO":null,"TIT_LGJO":"GEOHIDROLOGÍA DE LA LAGUNA, REALIZADA POR EL IMTA","CVE_EDO":5,"CVE_MPIO":5036.0,"AÑO":1993,"DESC":"POZO DE LA ZONA \"LA LAGUNA\".","DATUMG":null,"CVE_ACUIF":523,"NOM_ACUIF":"PRINCIPAL-REGION LAGUNERA","CT_POZO":"NO","DISEÑO_PERF":"NO","CORTE_LIT":"NO","REG_ELEC":"NO","INF_PERF":"NO","REG_AFORO":"NO","ANAL_AGUA":"NO","CROQUIS":"SI","TIPO_INF":"CROQUIS","PROF_TOT_m":null,"PROF_REG_m":null,"HGQ":"NO","F_INICIO":null,"F_FINAL":null,"NE_M":null,"ND_M":null,"ALTITUD_msnm":null,"Q_LPS":null,"Ca":null,"Mg":null,"Na":null,"Cl":null,"SO4":null,"HCO3":null,"STD_ppm":null,"LONG_COL_m":null,"ADEME_pulg":null,"TEMP_°C":null,"POT_H_s/u":null,"CE_Us/cm":null,"As_mg/L":null,"URL":"https://sigagis.conagua.gob.mx/t_infbasica/INVENTARIO/05 COAHUILA DE ZARAGOZA/PDF/10_0025.pdf","CVE_EDO_STR":"05","NOM_EDO_OFICIAL":"COAHUILA","CVE_ACUIF_STR":"0523","NOM_ACUIF_OFICIAL":"PRINCIPAL-REGIÓN LAGUNERA","ACUIF_ENCONTRADO":true}},{"type":"Feature","geometry":{"type":"Point","coordinates":[-102.88291,25.49337]},"properties":{"CVE_LGJO":"10_0025","CVE_POZO":"POZO 3089","NOMB_POZO":null,"TIT_LGJO":"GEOHIDROLOGÍA DE LA LAGUNA, REALIZADA POR EL IMTA","CVE_EDO":5,"CVE_MPIO":5036.0,"AÑO":1993,"DESC":"POZO DE LA ZONA \"LA LAGUNA\".","DATUMG":null,"CVE_ACUIF":523,"NOM_ACUIF":"PRINCIPAL-REGION LAGUNERA","CT_POZO":"NO","DISEÑO_PERF":"NO","CORTE_LIT":"NO","REG_ELEC":"NO","INF_PERF":"NO","REG_AFORO":"NO","ANAL_AGUA":"NO","CROQUIS":"SI","TIPO_INF":"CROQUIS","PROF_TOT_m":null,"PROF_REG_m":null,"HGQ":"NO","F_INICIO":null,"F_FINAL":null,"NE_M":null,"ND_M":null,"ALTITUD_msnm":null,"Q_LPS":null,"Ca":null,"Mg":null,"Na":null,"Cl":null,"SO4":null,"HCO3":null,"STD_ppm":null,"LONG_COL_m":null,"ADEME_pulg":null,"TEMP_°C":null,"POT_H_s/u":null,"CE_Us/cm":null,"As_mg/L":null,"URL":"https://sigagis.conagua.gob.mx/t_infbasica/INVENTARIO/05 COAHUILA DE ZARAGOZA/PDF/10_0025.pdf","CVE_EDO_STR":"05","NOM_EDO_OFICIAL":"COAHUILA","CVE_ACUIF_STR":"0523","NOM_ACUIF_OFICIAL":"PRINCIPAL-REGIÓN LAGUNERA","ACUIF_ENCONTRADO":true}},{"type":"Feature","geometry":{"type":"Point","coordinates":[-103.448602,25.564129]},"properties":{"CVE_LGJO":"10_0025","CVE_POZO":"POZO 3143","NOMB_POZO":null,"TIT_LGJO":"GEOHIDROLOGÍA DE LA LAGUNA, REALIZADA POR EL IMTA","CVE_EDO":5,"CVE_MPIO":5035.0,"AÑO":1993,"DESC":"POZO DE LA ZONA \"LA LAGUNA\".","DATUMG":null,"CVE_ACUIF":523,"NOM_ACUIF":"PRINCIPAL-REGION LAGUNERA","CT_POZO":"NO","DISEÑO_PERF":"NO","CORTE_LIT":"NO","REG_ELEC":"NO","INF_PERF":"NO","REG_AFORO":"NO","ANAL_AGUA":"NO","CROQUIS":"SI","TIPO_INF":"CROQUIS","PROF_TOT_m":null,"PROF_REG_m":null,"HGQ":"NO","F_INICIO":null,"F_FINAL":null,"NE_M":null,"ND_M":null,"ALTITUD_msnm":null,"Q_LPS":null,"Ca":null,"Mg":null,"Na":null,"Cl":null,"SO4":null,"HCO3":null,"STD_ppm":null,"LONG_COL_m":null,"ADEME_pulg":null,"TEMP_°C":null,"POT_H_s/u":null,"CE_Us/cm":null,"As_mg/L":null,"URL":"https://sigagis.conagua.gob.mx/t_infbasica/INVENTARIO/05 COAHUILA DE ZARAGOZA/PDF/10_0025.pdf","CVE_EDO_STR":"05","NOM_EDO_OFICIAL":"COAHUILA","CVE_ACUIF_STR":"0523","NOM_ACUIF_OFICIAL":"PRINCIPAL-REGIÓN LAGUNERA","ACUIF_ENCONTRADO":true}},{"type":"Feature","geometry":{"type":"Point","coordinates":[-103.56862,25.5271]},"properties":{"CVE_LGJO":"10_0025","CVE_POZO":"POZO 3252","NOMB_POZO":null,"TIT_LGJO":"GEOHIDROLOGÍA DE LA LAGUNA, REALIZADA POR EL IMTA","CVE_EDO":10,"CVE_MPIO":10012.0,"AÑO":1993,"DESC":"POZO DE LA ZONA \"LA LAGUNA\".","DATUMG":null,"CVE_ACUIF":523,"NOM_ACUIF":"PRINCIPAL-REGION LAGUNERA","CT_POZO":"NO","DISEÑO_PERF":"NO","CORTE_LIT":"NO","REG_ELEC":"NO","INF_PERF":"NO","REG_AFORO":"NO","ANAL_AGUA":"NO","CROQUIS":"SI","TIPO_INF":"CROQUIS","PROF_TOT_m":null,"PROF_REG_m":null,"HGQ":"NO","F_INICIO":null,"F_FINAL":null,"NE_M":null,"ND_M":null,"ALTITUD_msnm":null,"Q_LPS":null,"Ca":null,"Mg":null,"Na":null,"Cl":null,"SO4":null,"HCO3":null,"STD_ppm":null,"LONG_COL_m":null,"ADEME_pulg":null,"TEMP_°C":null,"POT_H_s/u":null,"CE_Us/cm":null,"As_mg/L":null,"URL":"https://sigagis.conagua.gob.mx/t_infbasica/INVENTARIO/10 DURANGO/PDF/10_0025.pdf","CVE_EDO_STR":"10","NOM_EDO_OFICIAL":"DURANGO","CVE_ACUIF_STR":"0523","NOM_ACUIF_OFICIAL":"PRINCIPAL-REGIÓN LAGUNERA","ACUIF_ENCONTRADO":true}},{"type":"Feature","geometry":{"type":"Point","coordinates":[-103.51511,25.5058]},"properties":{"CVE_LGJO":"10_0025","CVE_POZO":"POZO 3345","NOMB_POZO":null,"TIT_LGJO":"GEOHIDROLOGÍA DE LA LAGUNA, REALIZADA POR EL IMTA","CVE_EDO":10,"CVE_MPIO":10012.0,"AÑO":1993,"DESC":"POZO DE LA ZONA \"LA LAGUNA\".","DATUMG":null,"CVE_ACUIF":523,"NOM_ACUIF":"PRINCIPAL-REGION LAGUNERA","CT_POZO":"NO","DISEÑO_PERF":"NO","CORTE_LIT":"NO","REG_ELEC":"NO","INF_PERF":"NO","REG_AFORO":"NO","ANAL_AGUA":"NO","CROQUIS":"SI","TIPO_INF":"CROQUIS","PROF_TOT_m":null,"PROF_REG_m":null,"HGQ":"NO","F_INICIO":null,"F_FINAL":null,"NE_M":null,"ND_M":null,"ALTITUD_msnm":null,"Q_LPS":null,"Ca":null,"Mg":null,"Na":null,"Cl":null,"SO4":null,"HCO3":null,"STD_ppm":null,"LONG_COL_m":null,"ADEME_pulg":null,"TEMP_°C":null,"POT_H_s/u":null,"CE_Us/cm":null,"As_mg/L":null,"URL":"https://sigagis.conagua.gob.mx/t_infbasica/INVENTARIO/10 DURANGO/PDF/10_0025.pdf","CVE_EDO_STR":"10","NOM_EDO_OFICIAL":"DURANGO","CVE_ACUIF_STR":"0523","NOM_ACUIF_OFICIAL":"PRINCIPAL-REGIÓN LAGUNERA","ACUIF_ENCONTRADO":true}},{"type":"Feature","geometry":{"type":"Point","coordinates":[-103.51376,25.52706]},"properties":{"CVE_LGJO":"10_0025","CVE_POZO":"POZO 3383","NOMB_POZO":null,"TIT_LGJO":"GEOHIDROLOGÍA DE LA LAGUNA, REALIZADA POR EL IMTA","CVE_EDO":10,"CVE_MPIO":10012.0,"AÑO":1993,"DESC":"POZO DE LA ZONA \"LA LAGUNA\".","DATUMG":null,"CVE_ACUIF":523,"NOM_ACUIF":"PRINCIPAL-REGION LAGUNERA","CT_POZO":"NO","DISEÑO_PERF":"NO","CORTE_LIT":"NO","REG_ELEC":"NO","INF_PERF":"NO","REG_AFORO":"NO","ANAL_AGUA":"NO","CROQUIS":"SI","TIPO_INF":"CROQUIS","PROF_TOT_m":null,"PROF_REG_m":null,"HGQ":"NO","F_INICIO":null,"F_FINAL":null,"NE_M":null,"ND_M":null,"ALTITUD_msnm":null,"Q_LPS":null,"Ca":null,"Mg":null,"Na":null,"Cl":null,"SO4":null,"HCO3":null,"STD_ppm":null,"LONG_COL_m":null,"ADEME_pulg":null,"TEMP_°C":null,"POT_H_s/u":null,"CE_Us/cm":null,"As_mg/L":null,"URL":"https://sigagis.conagua.gob.mx/t_infbasica/INVENTARIO/10 DURANGO/PDF/10_0025.pdf","CVE_EDO_STR":"10","NOM_EDO_OFICIAL":"DURANGO","CVE_ACUIF_STR":"0523","NOM_ACUIF_OFICIAL":"PRINCIPAL-REGIÓN LAGUNERA","ACUIF_ENCONTRADO":true}},{"type":"Feature","geometry":{"type":"Point","coordinates":[-103.41497,25.54339]},"properties":{"CVE_LGJO":"10_0025","CVE_POZO":"POZO 3775","NOMB_POZO":null,"TIT_LGJO":"GEOHIDROLOGÍA DE LA LAGUNA, REALIZADA POR EL IMTA","CVE_EDO":5,"CVE_MPIO":5035.0,"AÑO":1993,"DESC":"POZO DE LA ZONA \"LA LAGUNA\".","DATUMG":null,"CVE_ACUIF":523,"NOM_ACUIF":"PRINCIPAL-REGION LAGUNERA","CT_POZO":"NO","DISEÑO_PERF":"NO","CORTE_LIT":"NO","REG_ELEC":"NO","INF_PERF":"NO","REG_AFORO":"NO","ANAL_AGUA":"NO","CROQUIS":"SI","TIPO_INF":"CROQUIS","PROF_TOT_m":null,"PROF_REG_m":null,"HGQ":"NO","F_INICIO":null,"F_FINAL":null,"NE_M":null,"ND_M":null,"ALTITUD_msnm":null,"Q_LPS":null,"Ca":null,"Mg":null,"Na":null,"Cl":null,"SO4":null,"HCO3":null,"STD_ppm":null,"LONG_COL_m":null,"ADEME_pulg":null,"TEMP_°C":null,"POT_H_s/u":null,"CE_Us/cm":null,"As_mg/L":null,"URL":"https://sigagis.conagua.gob.mx/t_infbasica/INVENTARIO/05 COAHUILA DE ZARAGOZA/PDF/10_0025.pdf","CVE_EDO_STR":"05","NOM_EDO_OFICIAL":"COAHUILA","CVE_ACUIF_STR":"0523","NOM_ACUIF_OFICIAL":"PRINCIPAL-REGIÓN LAGUNERA","ACUIF_ENCONTRADO":true}}]}