{
  "type": "FeatureCollection",
  "features": [
    {
      "type": "Feature",
      "geometry": {
        "type": "Point",
        "coordinates": [
          -103.37356,
          26.046618
        ]
      },
      "properties": {
        "fid": 1,
        "CVE_LGJO": "10_0001",
        "CVE_POZO": "POZO 1339",
        "TIT_LGJO": "LEÓN   COAHUILA-DURANGO",
        "CVE_EDO": "10",
        "CVE_MPIO": "10036",
        "AÑO": "1962",
        "DESC": "REGISTRO ELÉCTRICO DEL POZO 1339, PROPIEDAD DEL SR. ENRIQUE ALONSO FERNÁNDEZ, MPIO. DE TLAHUALILO, ESTADO DE DURANGO",
        "LONG_G": 103,
        "LONG_M": 22,
        "LONG_S": 24.816,
        "LAT_G": 26,
        "LAT_M": 2,
        "LAT_S": 47.8248,
        "LONGITUD": -103.37356,
        "LATITUD": 26.046618,
        "CVE_ACUIF": "0523",
        "NOM_ACUIF": "PRINCIPAL-REGION LAGUNERA",
        "CT_POZO": "NO",
        "DISEÑO_PE": "NO",
        "CORTE_LIT": "SI",
        "REG_ELEC": "SI",
        "INF_PERF": "NO",
        "REG_AFORO": "NO",
        "ANAL_AGUA": "NO",
        "CROQUIS": "NO",
        "TIPO_INF": "HIDROGEOLÓGICA",
        "PROF_TOT_m": 180.14,
        "PROF_REG_m": 154,
        "HGQ": "NO",
        "F_FINAL": 22822,
        "URL": "https://sigagis.conagua.gob.mx/t_infbasica/INVENTARIO/10 DURANGO/PDF/10_0001.pdf",
        "NOM_EDO_OFICIAL": "DURANGO",
        "CVE_ACUIF_STR": "0523"
      }
    },
    {
      "type": "Feature",
      "geometry": {
        "type": "Point",
        "coordinates": [
          -103.635615,
          25.88127166666667
        ]
      },
      "properties": {
        "fid": 2,
        "CVE_LGJO": "10_0002",
        "CVE_POZO": "POZO 1957",
        "TIT_LGJO": "EJIDO BERMEJILLO SECC.1  COAHUILA-DURANGO",
        "CVE_EDO": "10",
        "CVE_MPIO": "10013",
        "AÑO": "1963",
        "DESC": "REGISTRO ELÉCTRICO.",
        "LONG_G": 103,
        "LONG_M": 38,
        "LONG_S": 8.214,
        "LAT_G": 25,
        "LAT_M": 52,
        "LAT_S": 52.578,
        "LONGITUD": -103.635615,
        "LATITUD": 25.88127166666667,
        "CVE_ACUIF": "0523",
        "NOM_ACUIF": "PRINCIPAL-REGION LAGUNERA",
        "CT_POZO": "NO",
        "DISEÑO_PE": "NO",
        "CORTE_LIT": "SI",
        "REG_ELEC": "SI",
        "INF_PERF": "NO",
        "REG_AFORO": "NO",
        "ANAL_AGUA": "NO",
        "CROQUIS": "NO",
        "TIPO_INF": "HIDROGEOLÓGICA",
        "PROF_TOT_m": 306.32,
        "PROF_REG_m": 298,
        "HGQ": "NO",
        "F_FINAL": 23125,
        "URL": "https://sigagis.conagua.gob.mx/t_infbasica/INVENTARIO/10 DURANGO/PDF/10_0002.pdf",
        "NOM_EDO_OFICIAL": "DURANGO",
        "CVE_ACUIF_STR": "0523"
      }
    },
    {
      "type": "Feature",
      "geometry": {
        "type": "Point",
        "coordinates": [
          -103.535275,
          25.69432166666667
        ]
      },
      "properties": {
        "fid": 3,
        "CVE_LGJO": "10_0003",
        "CVE_POZO": "POZO 1331",
        "TIT_LGJO": "EJIDO EL JUNCO   COAHUILA-DURANGO",
        "CVE_EDO": "10",
        "CVE_MPIO": "10007",
        "AÑO": "1964",
        "DESC": "REGISTRO ELÉCTRICO.",
        "LONG_G": 103,
        "LONG_M": 32,
        "LONG_S": 6.99,
        "LAT_G": 25,
        "LAT_M": 41,
        "LAT_S": 39.558,
        "LONGITUD": -103.535275,
        "LATITUD": 25.69432166666667,
        "CVE_ACUIF": "0523",
        "NOM_ACUIF": "PRINCIPAL-REGION LAGUNERA",
        "CT_POZO": "NO",
        "DISEÑO_PE": "NO",
        "CORTE_LIT": "SI",
        "REG_ELEC": "SI",
        "INF_PERF": "NO",
        "REG_AFORO": "NO",
        "ANAL_AGUA": "NO",
        "CROQUIS": "NO",
        "TIPO_INF": "HIDROGEOLÓGICA",
        "PROF_TOT_m": 304.8,
        "PROF_REG_m": 304.7,
        "HGQ": "NO",
        "F_INICIO": "23649",
        "F_FINAL": 23651,
        "URL": "https://sigagis.conagua.gob.mx/t_infbasica/INVENTARIO/10 DURANGO/PDF/10_0003.pdf",
        "NOM_EDO_OFICIAL": "DURANGO",
        "CVE_ACUIF_STR": "0523"
      }
    },
    {
      "type": "Feature",
      "geometry": {
        "type": "Point",
        "coordinates": [
          -102.9916666666667,
          25.3125
        ]
      },
      "properties": {
        "fid": 4,
        "CVE_LGJO": "10_0004",
        "CVE_POZO": "PCOABCL76-1 (3093)",
        "NOMB_POZO": "VENUSTIANO CARRANZA",
        "TIT_LGJO": "VENUSTIANO CARRANZA  COAHUILA-DURANGO",
        "CVE_EDO": "10",
        "CVE_MPIO": "05036",
        "AÑO": "1976",
        "DESC": "INF. FINAL CONTIENE MENSAJES, CONTROL DE PERFORACIONES, PRUEBAS DE DESARROLLO Y AFORO,  ANÁLISIS DE AGUA  Y CROQUIS DE LOCALIZACIÓN.",
        "LONG_G": 102,
        "LONG_M": 59,
        "LONG_S": 30,
        "LAT_G": 25,
        "LAT_M": 18,
        "LAT_S": 45,
        "LONGITUD": -102.9916666666667,
        "LATITUD": 25.3125,
        "CVE_ACUIF": "0523",
        "NOM_ACUIF": "PRINCIPAL-REGION LAGUNERA",
        "CT_POZO": "SI",
        "DISEÑO_PE": "NO",
        "CORTE_LIT": "SI",
        "REG_ELEC": "NO",
        "INF_PERF": "NO",
        "REG_AFORO": "SI",
        "ANAL_AGUA": "SI",
        "CROQUIS": "SI",
        "TIPO_INF": "PROFUNDIDAD",
        "PROF_TOT_m": 118,
        "HGQ": "SI",
        "F_INICIO": "28047",
        "F_FINAL": 27811,
        "NE_M": 33.52,
        "ND_M": 34.14,
        "Q_LPS": 123,
        "Ca": 2.2,
        "Mg": 5,
        "Na": 4.75,
        "Cl": 1,
        "SO4": 6.76,
        "HCO3": 4.2,
        "URL": "https://sigagis.conagua.gob.mx/t_infbasica/INVENTARIO/10 DURANGO/PDF/10_0004.pdf",
        "NOM_EDO_OFICIAL": "DURANGO",
        "CVE_ACUIF_STR": "0523"
      }
    },
    {
      "type": "Feature",
      "geometry": {
        "type": "Point",
        "coordinates": [
          -102.8819444444444,
          25.50194444444444
        ]
      },
      "properties": {
        "fid": 5,
        "CVE_LGJO": "10_0005",
        "CVE_POZO": "PCOABCL76-2 (3089)",
        "NOMB_POZO": "BILBAO",
        "TIT_LGJO": "VENUSTIANO CARRANZA  COAHUILA-DURANGO",
        "CVE_EDO": "10",
        "CVE_MPIO": "05036",
        "AÑO": "1976",
        "DESC": "INF. FINAL CONTIENE  ANÁLISIS DE AGUA PARA RIEGO,  CONTROL DE PERFORACIONES, PRUEBAS DE DESARROLLO Y AFORO,  CROQUIS DE LOCALIZACIÓN  Y MENSAJES.",
        "LONG_G": 102,
        "LONG_M": 52,
        "LONG_S": 55,
        "LAT_G": 25,
        "LAT_M": 30,
        "LAT_S": 7,
        "LONGITUD": -102.8819444444444,
        "LATITUD": 25.50194444444444,
        "CVE_ACUIF": "0523",
        "NOM_ACUIF": "PRINCIPAL-REGION LAGUNERA",
        "CT_POZO": "SI",
        "DISEÑO_PE": "NO",
        "CORTE_LIT": "SI",
        "REG_ELEC": "NO",
        "INF_PERF": "NO",
        "REG_AFORO": "SI",
        "ANAL_AGUA": "SI",
        "CROQUIS": "SI",
        "TIPO_INF": "PROFUNDIDAD",
        "PROF_TOT_m": 143,
        "HGQ": "SI",
        "F_INICIO": "20/101975",
        "F_FINAL": 27787,
        "NE_M": 18.18,
        "ND_M": 19.36,
        "Q_LPS": 70,
        "Ca": 27.8,
        "Mg": 21,
        "Na": 32.6,
        "Cl": 21.2,
        "SO4": 58,
        "HCO3": 2.2,
        "STD_ppm": 2003.9,
        "URL": "https://sigagis.conagua.gob.mx/t_infbasica/INVENTARIO/10 DURANGO/PDF/10_0005.pdf",
        "NOM_EDO_OFICIAL": "DURANGO",
        "CVE_ACUIF_STR": "0523"
      }
    },
    {
      "type": "Feature",
      "geometry": {
        "type": "Point",
        "coordinates": [
          -102.9847222222222,
          25.31388888888889
        ]
      },
      "properties": {
        "fid": 6,
        "CVE_LGJO": "10_0006",
        "CVE_POZO": "PCOABCL76-3 (3091)",
        "NOMB_POZO": "VENUSTIANO CARRANZA",
        "TIT_LGJO": "VENUSTIANO CARRANZA  COAHUILA-DURANGO",
        "CVE_EDO": "10",
        "CVE_MPIO": "05036",
        "AÑO": "1976",
        "DESC": "INF. FINAL CONTIENE CONTROL DE PERFORACIONES, PRUEBAS DE DESARROLLO Y AFORO,  ANÁLISIS DE AGUA  DE RIEGO,  SISTEMA DE BOMBEO  Y CROQUIS DE LOCALIZACIÓN.",
        "LONG_G": 102,
        "LONG_M": 59,
        "LONG_S": 5,
        "LAT_G": 25,
        "LAT_M": 18,
        "LAT_S": 50,
        "LONGITUD": -102.9847222222222,
        "LATITUD": 25.31388888888889,
        "CVE_ACUIF": "0523",
        "NOM_ACUIF": "PRINCIPAL-REGION LAGUNERA",
        "CT_POZO": "SI",
        "DISEÑO_PE": "NO",
        "CORTE_LIT": "SI",
        "REG_ELEC": "NO",
        "INF_PERF": "NO",
        "REG_AFORO": "SI",
        "ANAL_AGUA": "SI",
        "CROQUIS": "SI",
        "TIPO_INF": "PROFUNDIDAD",
        "PROF_TOT_m": 109,
        "HGQ": "SI",
        "F_INICIO": "27790",
        "F_FINAL": 27838,
        "NE_M": 29.94,
        "ND_M": 30.07,
        "Q_LPS": 90,
        "Ca": 4.6,
        "Mg": 1.8,
        "Na": 6.14,
        "Cl": 1,
        "SO4": 7.74,
        "HCO3": 3.8,
        "STD_ppm": 802.29,
        "URL": "https://sigagis.conagua.gob.mx/t_infbasica/INVENTARIO/10 DURANGO/PDF/10_0006.pdf",
        "NOM_EDO_OFICIAL": "DURANGO",
        "CVE_ACUIF_STR": "0523"
      }
    },
    {
      "type": "Feature",
      "geometry": {
        "type": "Point",
        "coordinates": [
          -102.9944444444445,
          25.31527777777778
        ]
      },
      "properties": {
        "fid": 7,
        "CVE_LGJO": "10_0007",
        "CVE_POZO": "PCOABCL76-4 (3094)",
        "NOMB_POZO": "VENUSTIANO CARRANZA",
        "TIT_LGJO": "VENUSTIANO CARRANZA  COAHUILA-DURANGO",
        "CVE_EDO": "10",
        "CVE_MPIO": "05036",
        "AÑO": "1976",
        "DESC": "INF. FINAL CONTIENE CONTROL DE PERFORACIONES, PRUEBAS DE DESARROLLO Y AFORO,  CROQUIS DE LOCALIZACIÓN,  ANÁLISIS DE AGUA,  SISTEMA DE BOMBEO  Y ANÁLISIS DE AGUA DE RIEGO.",
        "LONG_G": 102,
        "LONG_M": 59,
        "LONG_S": 40,
        "LAT_G": 25,
        "LAT_M": 18,
        "LAT_S": 55,
        "LONGITUD": -102.9944444444445,
        "LATITUD": 25.31527777777778,
        "CVE_ACUIF": "0523",
        "NOM_ACUIF": "PRINCIPAL-REGION LAGUNERA",
        "CT_POZO": "SI",
        "DISEÑO_PE": "NO",
        "CORTE_LIT": "SI",
        "REG_ELEC": "NO",
        "INF_PERF": "NO",
        "REG_AFORO": "SI",
        "ANAL_AGUA": "SI",
        "CROQUIS": "SI",
        "TIPO_INF": "PROFUNDIDAD",
        "PROF_TOT_m": 111,
        "HGQ": "SI",
        "F_INICIO": "27814",
        "F_FINAL": 27863,
        "NE_M": 33.87,
        "ND_M": 34.38,
        "Q_LPS": 76,
        "Ca": 2.7,
        "Mg": 2.9,
        "Na": 1.95,
        "Cl": 1.1,
        "SO4": 2.25,
        "HCO3": 4.2,
        "STD_ppm": 449.35,
        "URL": "https://sigagis.conagua.gob.mx/t_infbasica/INVENTARIO/10 DURANGO/PDF/10_0007.pdf",
        "NOM_EDO_OFICIAL": "DURANGO",
        "CVE_ACUIF_STR": "0523"
      }
    },
    {
      "type": "Feature",
      "geometry": {
        "type": "Point",
        "coordinates": [
          -102.9819444444445,
          25.3125
        ]
      },
      "properties": {
        "fid": 8,
        "CVE_LGJO": "10_0008",
        "CVE_POZO": "PCOABCL76-5 (3090)",
        "NOMB_POZO": "VENUSTIANO CARRANZA",
        "TIT_LGJO": "VENUSTIANO CARRANZA  COAHUILA-DURANGO",
        "CVE_EDO": "10",
        "CVE_MPIO": "05036",
        "AÑO": "1976",
        "DESC": "INF. FINAL CONTIENE CONTROL DE PERFORACIONES, PRUEBAS DE DESARROLLO Y AFORO,    ANÁLISIS DE AGUA, ANÁLISIS DE AGUA DE RIEGO,  MENSAJES, CLASIFICACIÓN GEOQUÍMICA DEL AGUA DE RIEGO, CROQUIS DE LOCALIZACIÓN  Y  SISTEMA DE BOMBEO.",
        "LONG_G": 102,
        "LONG_M": 58,
        "LONG_S": 55,
        "LAT_G": 25,
        "LAT_M": 18,
        "LAT_S": 45,
        "LONGITUD": -102.9819444444445,
        "LATITUD": 25.3125,
        "CVE_ACUIF": "0523",
        "NOM_ACUIF": "PRINCIPAL-REGION LAGUNERA",
        "CT_POZO": "SI",
        "DISEÑO_PE": "NO",
        "CORTE_LIT": "SI",
        "REG_ELEC": "NO",
        "INF_PERF": "NO",
        "REG_AFORO": "SI",
        "ANAL_AGUA": "SI",
        "CROQUIS": "SI",
        "TIPO_INF": "PROFUNDIDAD",
        "PROF_TOT_m": 100,
        "HGQ": "SI",
        "F_INICIO": "28143",
        "F_FINAL": 28181,
        "NE_M": 39.9,
        "ND_M": 41.22,
        "Q_LPS": 80,
        "Ca": 2,
        "Mg": 3.4,
        "Na": 2.36,
        "Cl": 1,
        "SO4": 5.06,
        "HCO3": 1.9,
        "STD_ppm": 793.91,
        "URL": "https://sigagis.conagua.gob.mx/t_infbasica/INVENTARIO/10 DURANGO/PDF/10_0008.pdf",
        "NOM_EDO_OFICIAL": "DURANGO",
        "CVE_ACUIF_STR": "0523"
      }
    },
    {
      "type": "Feature",
      "geometry": {
        "type": "Point",
        "coordinates": [
          -102.9975,
          25.31666666666667
        ]
      },
      "properties": {
        "fid": 9,
        "CVE_LGJO": "10_0009",
        "CVE_POZO": "PCOABCL76-6 (3095)",
        "NOMB_POZO": "VENUSTIANO CARRANZA",
        "TIT_LGJO": "VENUSTIANO CARRANZA  COAHUILA-DURANGO",
        "CVE_EDO": "10",
        "CVE_MPIO": "05036",
        "AÑO": "1976",
        "DESC": "INF. FINAL CONTIENE CONTROL DE PERFORACIONES,  ANÁLISIS DE AGUA,  ANÁLISIS DE AGUA DE RIEGO,  MENSAJES,  PRUEBAS DE DESARROLLO Y AFORO   Y  CROQUIS DE LOCALIZACIÓN.",
        "LONG_G": 102,
        "LONG_M": 59,
        "LONG_S": 51,
        "LAT_G": 25,
        "LAT_M": 19,
        "LAT_S": 0,
        "LONGITUD": -102.9975,
        "LATITUD": 25.31666666666667,
        "CVE_ACUIF": "0523",
        "NOM_ACUIF": "PRINCIPAL-REGION LAGUNERA",
        "CT_POZO": "SI",
        "DISEÑO_PE": "NO",
        "CORTE_LIT": "SI",
        "REG_ELEC": "NO",
        "INF_PERF": "NO",
        "REG_AFORO": "SI",
        "ANAL_AGUA": "SI",
        "CROQUIS": "SI",
        "TIPO_INF": "PROFUNDIDAD",
        "PROF_TOT_m": 130,
        "HGQ": "SI",
        "F_INICIO": "27887",
        "F_FINAL": 27928,
        "NE_M": 28.76,
        "ND_M": 30.9,
        "Q_LPS": 80,
        "Ca": 3.6,
        "Mg": 4,
        "Na": 2.74,
        "Cl": 1,
        "SO4": 3.94,
        "HCO3": 5.4,
        "STD_ppm": 657.09,
        "URL": "https://sigagis.conagua.gob.mx/t_infbasica/INVENTARIO/10 DURANGO/PDF/10_0009.pdf",
        "NOM_EDO_OFICIAL": "DURANGO",
        "CVE_ACUIF_STR": "0523"
      }
    },
    {
      "type": "Feature",
      "geometry": {
        "type": "Point",
        "coordinates": [
          -102.9875,
          25.31333333333333
        ]
      },
      "properties": {
        "fid": 10,
        "CVE_LGJO": "10_0010",
        "CVE_POZO": "PCOABCL76-7 (3092)",
        "NOMB_POZO": "VENUSTIANO CARRANZA",
        "TIT_LGJO": "VENUSTIANO CARRANZA  COAHUILA-DURANGO",
        "CVE_EDO": "10",
        "CVE_MPIO": "05036",
        "AÑO": "1976",
        "DESC": "INF. FINAL CONTIENE CONTROL DE PERFORACIONES,  ANÁLISIS DE AGUA, PRUEBAS DE DESARROLLO Y AFORO  Y  CROQUIS DE LOCALIZACIÓN.",
        "LONG_G": 102,
        "LONG_M": 59,
        "LONG_S": 15,
        "LAT_G": 25,
        "LAT_M": 18,
        "LAT_S": 48,
        "LONGITUD": -102.9875,
        "LATITUD": 25.31333333333333,
        "CVE_ACUIF": "0523",
        "NOM_ACUIF": "PRINCIPAL-REGION LAGUNERA",
        "CT_POZO": "SI",
        "DISEÑO_PE": "NO",
        "CORTE_LIT": "SI",
        "REG_ELEC": "NO",
        "INF_PERF": "NO",
        "REG_AFORO": "SI",
        "ANAL_AGUA": "SI",
        "CROQUIS": "SI",
        "TIPO_INF": "PROFUNDIDAD",
        "PROF_TOT_m": 120,
        "HGQ": "SI",
        "F_INICIO": "27933",
        "F_FINAL": 27994,
        "NE_M": 35.3,
        "ND_M": 35.67,
        "Q_LPS": 80,
        "Ca": 7.8,
        "Mg": 6.6,
        "Na": 0.11,
        "Cl": 1.2,
        "SO4": 9.71,
        "HCO3": 3.6,
        "STD_ppm": 1003.3,
        "URL": "https://sigagis.conagua.gob.mx/t_infbasica/INVENTARIO/10 DURANGO/PDF/10_0010.pdf",
        "NOM_EDO_OFICIAL": "DURANGO",
        "CVE_ACUIF_STR": "0523"
      }
    },
    {
      "type": "Feature",
      "geometry": {
        "type": "Point",
        "coordinates": [
          -103.0097222222222,
          25.31388888888889
        ]
      },
      "properties": {
        "fid": 11,
        "CVE_LGJO": "10_0011",
        "CVE_POZO": "PCOABCL76-8 (3096)",
        "NOMB_POZO": "VENUSTIANO CARRANZA",
        "TIT_LGJO": "VENUSTIANO CARRANZA  COAHUILA-DURANGO",
        "CVE_EDO": "10",
        "CVE_MPIO": "05036",
        "AÑO": "1976",
        "DESC": "INF. FINAL CONTIENE CONTROL DE PERFORACIONES,  ANÁLISIS DE AGUA, PRUEBAS DE DESARROLLO Y AFORO  Y  CROQUIS DE LOCALIZACIÓN.",
        "LONG_G": 103,
        "LONG_M": 0,
        "LONG_S": 35,
        "LAT_G": 25,
        "LAT_M": 18,
        "LAT_S": 50,
        "LONGITUD": -103.0097222222222,
        "LATITUD": 25.31388888888889,
        "CVE_ACUIF": "0523",
        "NOM_ACUIF": "PRINCIPAL-REGION LAGUNERA",
        "CT_POZO": "SI",
        "DISEÑO_PE": "NO",
        "CORTE_LIT": "SI",
        "REG_ELEC": "NO",
        "INF_PERF": "NO",
        "REG_AFORO": "SI",
        "ANAL_AGUA": "SI",
        "CROQUIS": "SI",
        "TIPO_INF": "PROFUNDIDAD",
        "PROF_TOT_m": 135,
        "HGQ": "SI",
        "F_INICIO": "27935",
        "F_FINAL": 27994,
        "NE_M": 33.15,
        "ND_M": 45.53,
        "Q_LPS": 80,
        "Ca": 7.2,
        "Mg": 5.2,
        "Na": 0.54,
        "Cl": 1.4,
        "SO4": 8.44,
        "HCO3": 3.2,
        "STD_ppm": 872.45,
        "URL": "https://sigagis.conagua.gob.mx/t_infbasica/INVENTARIO/10 DURANGO/PDF/10_0011.pdf",
        "NOM_EDO_OFICIAL": "DURANGO",
        "CVE_ACUIF_STR": "0523"
      }
    },
    {
      "type": "Feature",
      "geometry": {
        "type": "Point",
        "coordinates": [
          -102.8611111111111,
          25.48277777777778
        ]
      },
      "properties": {
        "fid": 12,
        "CVE_LGJO": "10_0012",
        "CVE_POZO": "SIN ID",
        "TIT_LGJO": "AREA DE VIESCA  COAHUILA-DURANGO",
        "CVE_EDO": "10",
        "CVE_MPIO": "05036",
        "AÑO": "1977",
        "DESC": "ESTUDIO GEOHIDROLÓGICO DE LA ZONA.",
        "LONG_G": 102,
        "LONG_M": 51,
        "LONG_S": 40,
        "LAT_G": 25,
        "LAT_M": 28,
        "LAT_S": 58,
        "LONGITUD": -102.8611111111111,
        "LATITUD": 25.48277777777778,
        "CVE_ACUIF": "0523",
        "NOM_ACUIF": "PRINCIPAL-REGION LAGUNERA",
        "CT_POZO": "NO",
        "DISEÑO_PE": "NO",
        "CORTE_LIT": "NO",
        "REG_ELEC": "NO",
        "INF_PERF": "NO",
        "REG_AFORO": "NO",
        "ANAL_AGUA": "NO",
        "CROQUIS": "SI",
        "TIPO_INF": "CROQUIS",
        "PROF_TOT_m": 147,
        "HGQ": "NO",
        "F_FINAL": 28198,
        "ALTITUD_ms": 1500,
        "STD_ppm": 2000,
        "URL": "https://sigagis.conagua.gob.mx/t_infbasica/INVENTARIO/10 DURANGO/PDF/10_0012.pdf",
        "NOM_EDO_OFICIAL": "DURANGO",
        "CVE_ACUIF_STR": "0523"
      }
    },
    {
      "type": "Feature",
      "geometry": {
        "type": "Point",
        "coordinates": [
          -102.9938888888889,
          25.31333333333333
        ]
      },
      "properties": {
        "fid": 13,
        "CVE_LGJO": "10_0013",
        "CVE_POZO": "PCOABCL76-9 (3090)",
        "NOMB_POZO": "VENUSTIANO CARRANZA",
        "TIT_LGJO": "VENUSTIANO CARRANZA  COAHUILA-DURANGO",
        "CVE_EDO": "10",
        "CVE_MPIO": "05036",
        "AÑO": "1977",
        "DESC": "INF. FINAL CONTIENE CONTROL DE PERFORACIONES, CLASIFICACIÓN GEOQUÍMICA DEL AGUA DE RIEGO  Y PRUEBAS DE DESARROLLO Y AFORO.",
        "LONG_G": 102,
        "LONG_M": 59,
        "LONG_S": 38,
        "LAT_G": 25,
        "LAT_M": 18,
        "LAT_S": 48,
        "LONGITUD": -102.9938888888889,
        "LATITUD": 25.31333333333333,
        "CVE_ACUIF": "0523",
        "NOM_ACUIF": "PRINCIPAL-REGION LAGUNERA",
        "CT_POZO": "SI",
        "DISEÑO_PE": "NO",
        "CORTE_LIT": "SI",
        "REG_ELEC": "NO",
        "INF_PERF": "NO",
        "REG_AFORO": "SI",
        "ANAL_AGUA": "SI",
        "CROQUIS": "NO",
        "TIPO_INF": "PROFUNDIDAD",
        "PROF_TOT_m": 100,
        "HGQ": "SI",
        "F_INICIO": "28143",
        "F_FINAL": 28181,
        "NE_M": 39.9,
        "ND_M": 41.22,
        "Q_LPS": 80,
        "Ca": 2,
        "Mg": 3.4,
        "Na": 2.36,
        "Cl": 1,
        "SO4": 5.06,
        "HCO3": 1.9,
        "STD_ppm": 495.91,
        "URL": "https://sigagis.conagua.gob.mx/t_infbasica/INVENTARIO/10 DURANGO/PDF/10_0013.pdf",
        "NOM_EDO_OFICIAL": "DURANGO",
        "CVE_ACUIF_STR": "0523"
      }
    },
    {
      "type": "Feature",
      "geometry": {
        "type": "Point",
        "coordinates": [
          -102.9814194444444,
          25.31106111111111
        ]
      },
      "properties": {
        "fid": 14,
        "CVE_LGJO": "10_0015",
        "CVE_POZO": "10-V.CARRANZA (SIN CLAVE)",
        "TIT_LGJO": "ISÓTOPOS AMBIENTALES   COAHUILA-DURANGO",
        "CVE_EDO": "10",
        "CVE_MPIO": "05036",
        "AÑO": "1978",
        "DESC": "ESTUDIO DE ACUÍFEROS EN CALIZAS Y RELLENOS.",
        "LONG_G": 102,
        "LONG_M": 58,
        "LONG_S": 53.11,
        "LAT_G": 25,
        "LAT_M": 18,
        "LAT_S": 39.82,
        "LONGITUD": -102.9814194444444,
        "LATITUD": 25.31106111111111,
        "CVE_ACUIF": "0523",
        "NOM_ACUIF": "PRINCIPAL-REGION LAGUNERA",
        "CT_POZO": "NO",
        "DISEÑO_PE": "NO",
        "CORTE_LIT": "NO",
        "REG_ELEC": "NO",
        "INF_PERF": "NO",
        "REG_AFORO": "NO",
        "ANAL_AGUA": "SI",
        "CROQUIS": "SI",
        "TIPO_INF": "HIDROGEOQUÍMICO",
        "HGQ": "SI",
        "NE_M": 32.32,
        "ALTITUD_ms": 1107.94,
        "Ca": 68,
        "Mg": 28,
        "Na": 49,
        "Cl": 42,
        "SO4": 91,
        "HCO3": 292,
        "STD_ppm": 570,
        "POT_H_s/u": "7.32",
        "URL": "https://sigagis.conagua.gob.mx/t_infbasica/INVENTARIO/10 DURANGO/PDF/10_0015.pdf",
        "NOM_EDO_OFICIAL": "DURANGO",
        "CVE_ACUIF_STR": "0523"
      }
    },
    {
      "type": "Feature",
      "geometry": {
        "type": "Point",
        "coordinates": [
          -102.977,
          25.3335
        ]
      },
      "properties": {
        "fid": 15,
        "CVE_LGJO": "10_0015",
        "CVE_POZO": "11-V.CARRANZA (2899)",
        "TIT_LGJO": "ISÓTOPOS AMBIENTALES   COAHUILA-DURANGO",
        "CVE_EDO": "10",
        "CVE_MPIO": "05036",
        "AÑO": "1978",
        "DESC": "ESTUDIO DE ACUÍFEROS EN CALIZAS Y RELLENOS.",
        "LONG_G": 102,
        "LONG_M": 58,
        "LONG_S": 37.2,
        "LAT_G": 25,
        "LAT_M": 20,
        "LAT_S": 0.6,
        "LONGITUD": -102.977,
        "LATITUD": 25.3335,
        "CVE_ACUIF": "0523",
        "NOM_ACUIF": "PRINCIPAL-REGION LAGUNERA",
        "CT_POZO": "NO",
        "DISEÑO_PE": "NO",
        "CORTE_LIT": "NO",
        "REG_ELEC": "NO",
        "INF_PERF": "NO",
        "REG_AFORO": "NO",
        "ANAL_AGUA": "SI",
        "CROQUIS": "SI",
        "TIPO_INF": "HIDROGEOQUÍMICO",
        "HGQ": "SI",
        "ALTITUD_ms": 1101.58,
        "Q_LPS": 10,
        "Ca": 86,
        "Mg": 35,
        "Na": 41,
        "Cl": 42,
        "SO4": 130,
        "HCO3": 311,
        "STD_ppm": 645,
        "POT_H_s/u": "7.42",
        "URL": "https://sigagis.conagua.gob.mx/t_infbasica/INVENTARIO/10 DURANGO/PDF/10_0015.pdf",
        "NOM_EDO_OFICIAL": "DURANGO",
        "CVE_ACUIF_STR": "0523"
      }
    },
    {
      "type": "Feature",
      "geometry": {
        "type": "Point",
        "coordinates": [
          -102.9540694444444,
          25.72911111111111
        ]
      },
      "properties": {
        "fid": 16,
        "CVE_LGJO": "10_0015",
        "CVE_POZO": "12-EL NILO (SIN CLAVE)",
        "TIT_LGJO": "ISÓTOPOS AMBIENTALES   COAHUILA-DURANGO",
        "CVE_EDO": "10",
        "CVE_MPIO": "05033",
        "AÑO": "1978",
        "DESC": "ESTUDIO DE ACUÍFEROS EN CALIZAS Y RELLENOS.",
        "LONG_G": 102,
        "LONG_M": 57,
        "LONG_S": 14.65,
        "LAT_G": 25,
        "LAT_M": 43,
        "LAT_S": 44.8,
        "LONGITUD": -102.9540694444444,
        "LATITUD": 25.72911111111111,
        "CVE_ACUIF": "0523",
        "NOM_ACUIF": "PRINCIPAL-REGION LAGUNERA",
        "CT_POZO": "NO",
        "DISEÑO_PE": "NO",
        "CORTE_LIT": "NO",
        "REG_ELEC": "NO",
        "INF_PERF": "NO",
        "REG_AFORO": "NO",
        "ANAL_AGUA": "SI",
        "CROQUIS": "SI",
        "TIPO_INF": "HIDROGEOQUÍMICO",
        "HGQ": "SI",
        "NE_M": 3.52,
        "ALTITUD_ms": 1098,
        "Ca": 186,
        "Mg": 8,
        "Na": 115,
        "Cl": 54,
        "SO4": 300,
        "HCO3": 439,
        "STD_ppm": 1102,
        "POT_H_s/u": "7.32",
        "URL": "https://sigagis.conagua.gob.mx/t_infbasica/INVENTARIO/10 DURANGO/PDF/10_0015.pdf",
        "NOM_EDO_OFICIAL": "DURANGO",
        "CVE_ACUIF_STR": "0523"
      }
    },
    {
      "type": "Feature",
      "geometry": {
        "type": "Point",
        "coordinates": [
          -103.71825,
          25.84288055555555
        ]
      },
      "properties": {
        "fid": 17,
        "CVE_LGJO": "10_0015",
        "CVE_POZO": "13-SANTA RITA (2912)",
        "TIT_LGJO": "ISÓTOPOS AMBIENTALES   COAHUILA-DURANGO",
        "CVE_EDO": "10",
        "CVE_MPIO": "10013",
        "AÑO": "1978",
        "DESC": "ESTUDIO DE ACUÍFEROS EN CALIZAS Y RELLENOS.",
        "LONG_G": 103,
        "LONG_M": 43,
        "LONG_S": 5.7,
        "LAT_G": 25,
        "LAT_M": 50,
        "LAT_S": 34.37,
        "LONGITUD": -103.71825,
        "LATITUD": 25.84288055555555,
        "CVE_ACUIF": "0523",
        "NOM_ACUIF": "PRINCIPAL-REGION LAGUNERA",
        "CT_POZO": "NO",
        "DISEÑO_PE": "NO",
        "CORTE_LIT": "NO",
        "REG_ELEC": "NO",
        "INF_PERF": "NO",
        "REG_AFORO": "NO",
        "ANAL_AGUA": "SI",
        "CROQUIS": "SI",
        "TIPO_INF": "HIDROGEOQUÍMICO",
        "HGQ": "SI",
        "NE_M": 42.35,
        "ALTITUD_ms": 1170.92,
        "Q_LPS": 10,
        "Ca": 208,
        "Mg": 49,
        "Na": 0,
        "Cl": 106,
        "SO4": 240,
        "HCO3": 356,
        "STD_ppm": 959,
        "POT_H_s/u": "7.36",
        "URL": "https://sigagis.conagua.gob.mx/t_infbasica/INVENTARIO/10 DURANGO/PDF/10_0015.pdf",
        "NOM_EDO_OFICIAL": "DURANGO",
        "CVE_ACUIF_STR": "0523"
      }
    },
    {
      "type": "Feature",
      "geometry": {
        "type": "Point",
        "coordinates": [
          -103.7127805555556,
          25.82531944444444
        ]
      },
      "properties": {
        "fid": 18,
        "CVE_LGJO": "10_0015",
        "CVE_POZO": "14-SAN JORGE (2907)",
        "TIT_LGJO": "ISÓTOPOS AMBIENTALES   COAHUILA-DURANGO",
        "CVE_EDO": "10",
        "CVE_MPIO": "10013",
        "AÑO": "1978",
        "DESC": "ESTUDIO DE ACUÍFEROS EN CALIZAS Y RELLENOS.",
        "LONG_G": 103,
        "LONG_M": 42,
        "LONG_S": 46.01,
        "LAT_G": 25,
        "LAT_M": 49,
        "LAT_S": 31.15,
        "LONGITUD": -103.7127805555556,
        "LATITUD": 25.82531944444444,
        "CVE_ACUIF": "0523",
        "NOM_ACUIF": "PRINCIPAL-REGION LAGUNERA",
        "CT_POZO": "NO",
        "DISEÑO_PE": "NO",
        "CORTE_LIT": "NO",
        "REG_ELEC": "NO",
        "INF_PERF": "NO",
        "REG_AFORO": "NO",
        "ANAL_AGUA": "SI",
        "CROQUIS": "SI",
        "TIPO_INF": "HIDROGEOQUÍMICO",
        "HGQ": "SI",
        "NE_M": 64.8,
        "ALTITUD_ms": 1176.92,
        "Q_LPS": 6,
        "Ca": 88,
        "Mg": 48,
        "Na": 56,
        "Cl": 35,
        "SO4": 184,
        "HCO3": 366,
        "STD_ppm": 777,
        "POT_H_s/u": "7.37",
        "URL": "https://sigagis.conagua.gob.mx/t_infbasica/INVENTARIO/10 DURANGO/PDF/10_0015.pdf",
        "NOM_EDO_OFICIAL": "DURANGO",
        "CVE_ACUIF_STR": "0523"
      }
    },
    {
      "type": "Feature",
      "geometry": {
        "type": "Point",
        "coordinates": [
          -103.7291,
          25.79926111111111
        ]
      },
      "properties": {
        "fid": 19,
        "CVE_LGJO": "10_0015",
        "CVE_POZO": "15-EL SUSPIRO (2911)",
        "TIT_LGJO": "ISÓTOPOS AMBIENTALES   COAHUILA-DURANGO",
        "CVE_EDO": "10",
        "CVE_MPIO": "10013",
        "AÑO": "1978",
        "DESC": "ESTUDIO DE ACUÍFEROS EN CALIZAS Y RELLENOS.",
        "LONG_G": 103,
        "LONG_M": 43,
        "LONG_S": 44.76,
        "LAT_G": 25,
        "LAT_M": 47,
        "LAT_S": 57.34,
        "LONGITUD": -103.7291,
        "LATITUD": 25.79926111111111,
        "CVE_ACUIF": "0523",
        "NOM_ACUIF": "PRINCIPAL-REGION LAGUNERA",
        "CT_POZO": "NO",
        "DISEÑO_PE": "NO",
        "CORTE_LIT": "NO",
        "REG_ELEC": "NO",
        "INF_PERF": "NO",
        "REG_AFORO": "NO",
        "ANAL_AGUA": "SI",
        "CROQUIS": "SI",
        "TIPO_INF": "HIDROGEOQUÍMICO",
        "HGQ": "SI",
        "NE_M": 55.41,
        "ALTITUD_ms": 1233.77,
        "Q_LPS": 10,
        "Ca": 80,
        "Mg": 19,
        "Na": 50,
        "Cl": 33,
        "SO4": 75,
        "HCO3": 322,
        "STD_ppm": 579,
        "POT_H_s/u": "7.43",
        "URL": "https://sigagis.conagua.gob.mx/t_infbasica/INVENTARIO/10 DURANGO/PDF/10_0015.pdf",
        "NOM_EDO_OFICIAL": "DURANGO",
        "CVE_ACUIF_STR": "0523"
      }
    },
    {
      "type": "Feature",
      "geometry": {
        "type": "Point",
        "coordinates": [
          -103.8074,
          25.66653055555555
        ]
      },
      "properties": {
        "fid": 20,
        "CVE_LGJO": "10_0015",
        "CVE_POZO": "16-JACALES (SIN CLAVE)",
        "TIT_LGJO": "ISÓTOPOS AMBIENTALES   COAHUILA-DURANGO",
        "CVE_EDO": "10",
        "CVE_MPIO": "10012",
        "AÑO": "1978",
        "DESC": "ESTUDIO DE ACUÍFEROS EN CALIZAS Y RELLENOS.",
        "LONG_G": 103,
        "LONG_M": 48,
        "LONG_S": 26.64,
        "LAT_G": 25,
        "LAT_M": 39,
        "LAT_S": 59.51,
        "LONGITUD": -103.8074,
        "LATITUD": 25.66653055555555,
        "CVE_ACUIF": "0523",
        "NOM_ACUIF": "PRINCIPAL-REGION LAGUNERA",
        "CT_POZO": "NO",
        "DISEÑO_PE": "NO",
        "CORTE_LIT": "NO",
        "REG_ELEC": "NO",
        "INF_PERF": "NO",
        "REG_AFORO": "NO",
        "ANAL_AGUA": "SI",
        "CROQUIS": "SI",
        "TIPO_INF": "HIDROGEOQUÍMICO",
        "HGQ": "SI",
        "NE_M": 35.25,
        "ALTITUD_ms": 1324.98,
        "Ca": 130,
        "Mg": 23,
        "Na": 4,
        "Cl": 39,
        "SO4": 50,
        "HCO3": 393,
        "STD_ppm": 639,
        "POT_H_s/u": "7.22",
        "URL": "https://sigagis.conagua.gob.mx/t_infbasica/INVENTARIO/10 DURANGO/PDF/10_0015.pdf",
        "NOM_EDO_OFICIAL": "DURANGO",
        "CVE_ACUIF_STR": "0523"
      }
    },
    {
      "type": "Feature",
      "geometry": {
        "type": "Point",
        "coordinates": [
          -103.7018194444445,
          25.57878055555555
        ]
      },
      "properties": {
        "fid": 21,
        "CVE_LGJO": "10_0015",
        "CVE_POZO": "17-LA SIETE (2610)",
        "TIT_LGJO": "ISÓTOPOS AMBIENTALES   COAHUILA-DURANGO",
        "CVE_EDO": "10",
        "CVE_MPIO": "10012",
        "AÑO": "1978",
        "DESC": "ESTUDIO DE ACUÍFEROS EN CALIZAS Y RELLENOS.",
        "LONG_G": 103,
        "LONG_M": 42,
        "LONG_S": 6.55,
        "LAT_G": 25,
        "LAT_M": 34,
        "LAT_S": 43.61,
        "LONGITUD": -103.7018194444445,
        "LATITUD": 25.57878055555555,
        "CVE_ACUIF": "0523",
        "NOM_ACUIF": "PRINCIPAL-REGION LAGUNERA",
        "CT_POZO": "NO",
        "DISEÑO_PE": "NO",
        "CORTE_LIT": "NO",
        "REG_ELEC": "NO",
        "INF_PERF": "NO",
        "REG_AFORO": "NO",
        "ANAL_AGUA": "SI",
        "CROQUIS": "SI",
        "TIPO_INF": "HIDROGEOQUÍMICO",
        "HGQ": "SI",
        "NE_M": 76.59,
        "ALTITUD_ms": 1218.08,
        "Q_LPS": 21,
        "Ca": 166,
        "Mg": 20,
        "Na": 0,
        "Cl": 67,
        "SO4": 150,
        "HCO3": 285,
        "STD_ppm": 688,
        "POT_H_s/u": "7.2",
        "URL": "https://sigagis.conagua.gob.mx/t_infbasica/INVENTARIO/10 DURANGO/PDF/10_0015.pdf",
        "NOM_EDO_OFICIAL": "DURANGO",
        "CVE_ACUIF_STR": "0523"
      }
    },
    {
      "type": "Feature",
      "geometry": {
        "type": "Point",
        "coordinates": [
          -103.8590111111111,
          25.71568055555555
        ]
      },
      "properties": {
        "fid": 22,
        "CVE_LGJO": "10_0015",
        "CVE_POZO": "18-VICENTE SUAREZ (2876)",
        "TIT_LGJO": "ISÓTOPOS AMBIENTALES   COAHUILA-DURANGO",
        "CVE_EDO": "10",
        "CVE_MPIO": "10012",
        "AÑO": "1978",
        "DESC": "ESTUDIO DE ACUÍFEROS EN CALIZAS Y RELLENOS.",
        "LONG_G": 103,
        "LONG_M": 51,
        "LONG_S": 32.44,
        "LAT_G": 25,
        "LAT_M": 42,
        "LAT_S": 56.45,
        "LONGITUD": -103.8590111111111,
        "LATITUD": 25.71568055555555,
        "CVE_ACUIF": "0523",
        "NOM_ACUIF": "PRINCIPAL-REGION LAGUNERA",
        "CT_POZO": "NO",
        "DISEÑO_PE": "NO",
        "CORTE_LIT": "NO",
        "REG_ELEC": "NO",
        "INF_PERF": "NO",
        "REG_AFORO": "NO",
        "ANAL_AGUA": "SI",
        "CROQUIS": "SI",
        "TIPO_INF": "HIDROGEOQUÍMICO",
        "HGQ": "SI",
        "NE_M": 50.41,
        "ALTITUD_ms": 1342.79,
        "Q_LPS": 40,
        "Ca": 84,
        "Mg": 31,
        "Na": 0,
        "Cl": 12,
        "SO4": 18,
        "HCO3": 314,
        "STD_ppm": 459,
        "POT_H_s/u": "7.25",
        "URL": "https://sigagis.conagua.gob.mx/t_infbasica/INVENTARIO/10 DURANGO/PDF/10_0015.pdf",
        "NOM_EDO_OFICIAL": "DURANGO",
        "CVE_ACUIF_STR": "0523"
      }
    },
    {
      "type": "Feature",
      "geometry": {
        "type": "Point",
        "coordinates": [
          -103.8751388888889,
          25.74103888888889
        ]
      },
      "properties": {
        "fid": 23,
        "CVE_LGJO": "10_0015",
        "CVE_POZO": "19-VICENTE SUAREZ (2875)",
        "TIT_LGJO": "ISÓTOPOS AMBIENTALES   COAHUILA-DURANGO",
        "CVE_EDO": "10",
        "CVE_MPIO": "10012",
        "AÑO": "1978",
        "DESC": "ESTUDIO DE ACUÍFEROS EN CALIZAS Y RELLENOS.",
        "LONG_G": 103,
        "LONG_M": 52,
        "LONG_S": 30.5,
        "LAT_G": 25,
        "LAT_M": 44,
        "LAT_S": 27.74,
        "LONGITUD": -103.8751388888889,
        "LATITUD": 25.74103888888889,
        "CVE_ACUIF": "0523",
        "NOM_ACUIF": "PRINCIPAL-REGION LAGUNERA",
        "CT_POZO": "NO",
        "DISEÑO_PE": "NO",
        "CORTE_LIT": "NO",
        "REG_ELEC": "NO",
        "INF_PERF": "NO",
        "REG_AFORO": "NO",
        "ANAL_AGUA": "SI",
        "CROQUIS": "SI",
        "TIPO_INF": "HIDROGEOQUÍMICO",
        "HGQ": "SI",
        "NE_M": 54.73,
        "ALTITUD_ms": 1388.14,
        "Q_LPS": 46,
        "Ca": 80,
        "Mg": 30,
        "Na": 10,
        "Cl": 26,
        "SO4": 43,
        "HCO3": 322,
        "STD_ppm": 511,
        "POT_H_s/u": "7.42",
        "URL": "https://sigagis.conagua.gob.mx/t_infbasica/INVENTARIO/10 DURANGO/PDF/10_0015.pdf",
        "NOM_EDO_OFICIAL": "DURANGO",
        "CVE_ACUIF_STR": "0523"
      }
    },
    {
      "type": "Feature",
      "geometry": {
        "type": "Point",
        "coordinates": [
          -103.0620194444444,
          25.46751944444444
        ]
      },
      "properties": {
        "fid": 24,
        "CVE_LGJO": "10_0015",
        "CVE_POZO": "20-GABINO VAZQUEZ (2136)",
        "TIT_LGJO": "ISÓTOPOS AMBIENTALES   COAHUILA-DURANGO",
        "CVE_EDO": "10",
        "CVE_MPIO": "05036",
        "AÑO": "1978",
        "DESC": "ESTUDIO DE ACUÍFEROS EN CALIZAS Y RELLENOS.",
        "LONG_G": 103,
        "LONG_M": 3,
        "LONG_S": 43.27,
        "LAT_G": 25,
        "LAT_M": 28,
        "LAT_S": 3.07,
        "LONGITUD": -103.0620194444444,
        "LATITUD": 25.46751944444444,
        "CVE_ACUIF": "0523",
        "NOM_ACUIF": "PRINCIPAL-REGION LAGUNERA",
        "CT_POZO": "NO",
        "DISEÑO_PE": "NO",
        "CORTE_LIT": "NO",
        "REG_ELEC": "NO",
        "INF_PERF": "NO",
        "REG_AFORO": "NO",
        "ANAL_AGUA": "SI",
        "CROQUIS": "SI",
        "TIPO_INF": "HIDROGEOQUÍMICO",
        "HGQ": "SI",
        "NE_M": 46.55,
        "ALTITUD_ms": 1109,
        "Q_LPS": 40,
        "Ca": 560,
        "Mg": 79,
        "Na": 310,
        "Cl": 532,
        "SO4": 1300,
        "HCO3": 366,
        "STD_ppm": 3147,
        "POT_H_s/u": "7.02",
        "URL": "https://sigagis.conagua.gob.mx/t_infbasica/INVENTARIO/10 DURANGO/PDF/10_0015.pdf",
        "NOM_EDO_OFICIAL": "DURANGO",
        "CVE_ACUIF_STR": "0523"
      }
    },
    {
      "type": "Feature",
      "geometry": {
        "type": "Point",
        "coordinates": [
          -103.0736111111111,
          25.47201944444444
        ]
      },
      "properties": {
        "fid": 25,
        "CVE_LGJO": "10_0015",
        "CVE_POZO": "21-GABINO VAZQUEZ (2085)",
        "TIT_LGJO": "ISÓTOPOS AMBIENTALES   COAHUILA-DURANGO",
        "CVE_EDO": "10",
        "CVE_MPIO": "05036",
        "AÑO": "1978",
        "DESC": "ESTUDIO DE ACUÍFEROS EN CALIZAS Y RELLENOS.",
        "LONG_G": 103,
        "LONG_M": 4,
        "LONG_S": 25,
        "LAT_G": 25,
        "LAT_M": 28,
        "LAT_S": 19.27,
        "LONGITUD": -103.0736111111111,
        "LATITUD": 25.47201944444444,
        "CVE_ACUIF": "0523",
        "NOM_ACUIF": "PRINCIPAL-REGION LAGUNERA",
        "CT_POZO": "NO",
        "DISEÑO_PE": "NO",
        "CORTE_LIT": "NO",
        "REG_ELEC": "NO",
        "INF_PERF": "NO",
        "REG_AFORO": "NO",
        "ANAL_AGUA": "SI",
        "CROQUIS": "SI",
        "TIPO_INF": "HIDROGEOQUÍMICO",
        "HGQ": "SI",
        "ALTITUD_ms": 1109,
        "Q_LPS": 35,
        "Ca": 40,
        "Mg": 9,
        "Na": 121,
        "Cl": 39,
        "SO4": 130,
        "HCO3": 256,
        "STD_ppm": 595,
        "POT_H_s/u": "7.55",
        "URL": "https://sigagis.conagua.gob.mx/t_infbasica/INVENTARIO/10 DURANGO/PDF/10_0015.pdf",
        "NOM_EDO_OFICIAL": "DURANGO",
        "CVE_ACUIF_STR": "0523"
      }
    },
    {
      "type": "Feature",
      "geometry": {
        "type": "Point",
        "coordinates": [
          -103.62765,
          25.72073055555555
        ]
      },
      "properties": {
        "fid": 26,
        "CVE_LGJO": "10_0015",
        "CVE_POZO": "22-DINAMITA (SIN CLAVE)",
        "TIT_LGJO": "ISÓTOPOS AMBIENTALES   COAHUILA-DURANGO",
        "CVE_EDO": "10",
        "CVE_MPIO": "10007",
        "AÑO": "1978",
        "DESC": "ESTUDIO DE ACUÍFEROS EN CALIZAS Y RELLENOS.",
        "LONG_G": 103,
        "LONG_M": 37,
        "LONG_S": 39.54,
        "LAT_G": 25,
        "LAT_M": 43,
        "LAT_S": 14.63,
        "LONGITUD": -103.62765,
        "LATITUD": 25.72073055555555,
        "CVE_ACUIF": "0523",
        "NOM_ACUIF": "PRINCIPAL-REGION LAGUNERA",
        "CT_POZO": "NO",
        "DISEÑO_PE": "NO",
        "CORTE_LIT": "NO",
        "REG_ELEC": "NO",
        "INF_PERF": "NO",
        "REG_AFORO": "NO",
        "ANAL_AGUA": "SI",
        "CROQUIS": "SI",
        "TIPO_INF": "HIDROGEOQUÍMICO",
        "HGQ": "SI",
        "NE_M": 33.41,
        "ALTITUD_ms": 1184.25,
        "Q_LPS": 24,
        "Ca": 80,
        "Mg": 19,
        "Na": 17,
        "Cl": 17,
        "SO4": 56,
        "HCO3": 285,
        "STD_ppm": 474,
        "POT_H_s/u": "7.35",
        "URL": "https://sigagis.conagua.gob.mx/t_infbasica/INVENTARIO/10 DURANGO/PDF/10_0015.pdf",
        "NOM_EDO_OFICIAL": "DURANGO",
        "CVE_ACUIF_STR": "0523"
      }
    },
    {
      "type": "Feature",
      "geometry": {
        "type": "Point",
        "coordinates": [
          -103.60935,
          25.75521111111111
        ]
      },
      "properties": {
        "fid": 27,
        "CVE_LGJO": "10_0015",
        "CVE_POZO": "23-RCHO. LAS CARMELAS (1612)",
        "TIT_LGJO": "ISÓTOPOS AMBIENTALES   COAHUILA-DURANGO",
        "CVE_EDO": "10",
        "CVE_MPIO": "10007",
        "AÑO": "1978",
        "DESC": "ESTUDIO DE ACUÍFEROS EN CALIZAS Y RELLENOS.",
        "LONG_G": 103,
        "LONG_M": 36,
        "LONG_S": 33.66,
        "LAT_G": 25,
        "LAT_M": 45,
        "LAT_S": 18.76,
        "LONGITUD": -103.60935,
        "LATITUD": 25.75521111111111,
        "CVE_ACUIF": "0523",
        "NOM_ACUIF": "PRINCIPAL-REGION LAGUNERA",
        "CT_POZO": "NO",
        "DISEÑO_PE": "NO",
        "CORTE_LIT": "NO",
        "REG_ELEC": "NO",
        "INF_PERF": "NO",
        "REG_AFORO": "NO",
        "ANAL_AGUA": "SI",
        "CROQUIS": "SI",
        "TIPO_INF": "HIDROGEOQUÍMICO",
        "HGQ": "SI",
        "NE_M": 75.4,
        "ALTITUD_ms": 1138.79,
        "Q_LPS": 12,
        "Ca": 200,
        "Mg": 51,
        "Na": 39,
        "Cl": 149,
        "SO4": 390,
        "HCO3": 219,
        "STD_ppm": 1048,
        "POT_H_s/u": "7.22",
        "URL": "https://sigagis.conagua.gob.mx/t_infbasica/INVENTARIO/10 DURANGO/PDF/10_0015.pdf",
        "NOM_EDO_OFICIAL": "DURANGO",
        "CVE_ACUIF_STR": "0523"
      }
    },
    {
      "type": "Feature",
      "geometry": {
        "type": "Point",
        "coordinates": [
          -103.61505,
          25.77275
        ]
      },
      "properties": {
        "fid": 28,
        "CVE_LGJO": "10_0015",
        "CVE_POZO": "24-STA ELENA (3619",
        "TIT_LGJO": "ISÓTOPOS AMBIENTALES   COAHUILA-DURANGO",
        "CVE_EDO": "10",
        "CVE_MPIO": "10007",
        "AÑO": "1978",
        "DESC": "ESTUDIO DE ACUÍFEROS EN CALIZAS Y RELLENOS.",
        "LONG_G": 103,
        "LONG_M": 36,
        "LONG_S": 54.18,
        "LAT_G": 25,
        "LAT_M": 46,
        "LAT_S": 21.9,
        "LONGITUD": -103.61505,
        "LATITUD": 25.77275,
        "CVE_ACUIF": "0523",
        "NOM_ACUIF": "PRINCIPAL-REGION LAGUNERA",
        "CT_POZO": "NO",
        "DISEÑO_PE": "NO",
        "CORTE_LIT": "NO",
        "REG_ELEC": "NO",
        "INF_PERF": "NO",
        "REG_AFORO": "NO",
        "ANAL_AGUA": "SI",
        "CROQUIS": "SI",
        "TIPO_INF": "HIDROGEOQUÍMICO",
        "HGQ": "SI",
        "NE_M": 52.5,
        "ALTITUD_ms": 1135.92,
        "Q_LPS": 3,
        "Ca": 188,
        "Mg": 128,
        "Na": 0,
        "Cl": 58,
        "SO4": 590,
        "HCO3": 190,
        "STD_ppm": 1154,
        "POT_H_s/u": "7.25",
        "URL": "https://sigagis.conagua.gob.mx/t_infbasica/INVENTARIO/10 DURANGO/PDF/10_0015.pdf",
        "NOM_EDO_OFICIAL": "DURANGO",
        "CVE_ACUIF_STR": "0523"
      }
    },
    {
      "type": "Feature",
      "geometry": {
        "type": "Point",
        "coordinates": [
          -103.7457305555556,
          25.85836944444445
        ]
      },
      "properties": {
        "fid": 29,
        "CVE_LGJO": "10_0015",
        "CVE_POZO": "25-SAN ISIDRO (417)",
        "TIT_LGJO": "ISÓTOPOS AMBIENTALES   COAHUILA-DURANGO",
        "CVE_EDO": "10",
        "CVE_MPIO": "10013",
        "AÑO": "1978",
        "DESC": "ESTUDIO DE ACUÍFEROS EN CALIZAS Y RELLENOS.",
        "LONG_G": 103,
        "LONG_M": 44,
        "LONG_S": 44.63,
        "LAT_G": 25,
        "LAT_M": 51,
        "LAT_S": 30.13,
        "LONGITUD": -103.7457305555556,
        "LATITUD": 25.85836944444445,
        "CVE_ACUIF": "0523",
        "NOM_ACUIF": "PRINCIPAL-REGION LAGUNERA",
        "CT_POZO": "NO",
        "DISEÑO_PE": "NO",
        "CORTE_LIT": "NO",
        "REG_ELEC": "NO",
        "INF_PERF": "NO",
        "REG_AFORO": "NO",
        "ANAL_AGUA": "SI",
        "CROQUIS": "SI",
        "TIPO_INF": "HIDROGEOQUÍMICO",
        "HGQ": "SI",
        "NE_M": 57.73,
        "ALTITUD_ms": 1194.13,
        "Ca": 9.3,
        "Mg": 36.6,
        "Na": 80,
        "Cl": 41,
        "SO4": 262,
        "HCO3": 204,
        "STD_ppm": 835,
        "POT_H_s/u": "7.22",
        "URL": "https://sigagis.conagua.gob.mx/t_infbasica/INVENTARIO/10 DURANGO/PDF/10_0015.pdf",
        "NOM_EDO_OFICIAL": "DURANGO",
        "CVE_ACUIF_STR": "0523"
      }
    },
    {
      "type": "Feature",
      "geometry": {
        "type": "Point",
        "coordinates": [
          -103.6215888888889,
          25.91616944444445
        ]
      },
      "properties": {
        "fid": 30,
        "CVE_LGJO": "10_0015",
        "CVE_POZO": "26-EL ROSALINO (2884)",
        "TIT_LGJO": "ISÓTOPOS AMBIENTALES   COAHUILA-DURANGO",
        "CVE_EDO": "10",
        "CVE_MPIO": "10036",
        "AÑO": "1978",
        "DESC": "ESTUDIO DE ACUÍFEROS EN CALIZAS Y RELLENOS.",
        "LONG_G": 103,
        "LONG_M": 37,
        "LONG_S": 17.72,
        "LAT_G": 25,
        "LAT_M": 54,
        "LAT_S": 58.21,
        "LONGITUD": -103.6215888888889,
        "LATITUD": 25.91616944444445,
        "CVE_ACUIF": "0523",
        "NOM_ACUIF": "PRINCIPAL-REGION LAGUNERA",
        "CT_POZO": "NO",
        "DISEÑO_PE": "NO",
        "CORTE_LIT": "NO",
        "REG_ELEC": "NO",
        "INF_PERF": "NO",
        "REG_AFORO": "NO",
        "ANAL_AGUA": "SI",
        "CROQUIS": "SI",
        "TIPO_INF": "HIDROGEOQUÍMICO",
        "HGQ": "SI",
        "NE_M": 85.55,
        "ALTITUD_ms": 1111.24,
        "Q_LPS": 35,
        "Ca": 466,
        "Mg": 135,
        "Na": 249,
        "Cl": 100,
        "SO4": 1910,
        "HCO3": 157,
        "STD_ppm": 3060,
        "POT_H_s/u": "7.45",
        "URL": "https://sigagis.conagua.gob.mx/t_infbasica/INVENTARIO/10 DURANGO/PDF/10_0015.pdf",
        "NOM_EDO_OFICIAL": "DURANGO",
        "CVE_ACUIF_STR": "0523"
      }
    },
    {
      "type": "Feature",
      "geometry": {
        "type": "Point",
        "coordinates": [
          -103.6298388888889,
          25.93358055555555
        ]
      },
      "properties": {
        "fid": 31,
        "CVE_LGJO": "10_0015",
        "CVE_POZO": "27-SAN ISIDRO (2745)",
        "TIT_LGJO": "ISÓTOPOS AMBIENTALES   COAHUILA-DURANGO",
        "CVE_EDO": "10",
        "CVE_MPIO": "10036",
        "AÑO": "1978",
        "DESC": "ESTUDIO DE ACUÍFEROS EN CALIZAS Y RELLENOS.",
        "LONG_G": 103,
        "LONG_M": 37,
        "LONG_S": 47.42,
        "LAT_G": 25,
        "LAT_M": 56,
        "LAT_S": 0.89,
        "LONGITUD": -103.6298388888889,
        "LATITUD": 25.93358055555555,
        "CVE_ACUIF": "0523",
        "NOM_ACUIF": "PRINCIPAL-REGION LAGUNERA",
        "CT_POZO": "NO",
        "DISEÑO_PE": "NO",
        "CORTE_LIT": "NO",
        "REG_ELEC": "NO",
        "INF_PERF": "NO",
        "REG_AFORO": "NO",
        "ANAL_AGUA": "SI",
        "CROQUIS": "SI",
        "TIPO_INF": "HIDROGEOQUÍMICO",
        "HGQ": "SI",
        "NE_M": 85,
        "ALTITUD_ms": 1108.15,
        "Q_LPS": 14,
        "Ca": 489,
        "Mg": 151,
        "Na": 244,
        "Cl": 110,
        "SO4": 2040,
        "HCO3": 74.7,
        "STD_ppm": 3152,
        "POT_H_s/u": "7.71",
        "URL": "https://sigagis.conagua.gob.mx/t_infbasica/INVENTARIO/10 DURANGO/PDF/10_0015.pdf",
        "NOM_EDO_OFICIAL": "DURANGO",
        "CVE_ACUIF_STR": "0523"
      }
    },
    {
      "type": "Feature",
      "geometry": {
        "type": "Point",
        "coordinates": [
          -103.7839888888889,
          25.79098055555556
        ]
      },
      "properties": {
        "fid": 32,
        "CVE_LGJO": "10_0015",
        "CVE_POZO": "28-LA OJUELA (SIN CLAVE)",
        "TIT_LGJO": "ISÓTOPOS AMBIENTALES   COAHUILA-DURANGO",
        "CVE_EDO": "10",
        "CVE_MPIO": "10013",
        "AÑO": "1978",
        "DESC": "ESTUDIO DE ACUÍFEROS EN CALIZAS Y RELLENOS.",
        "LONG_G": 103,
        "LONG_M": 47,
        "LONG_S": 2.36,
        "LAT_G": 25,
        "LAT_M": 47,
        "LAT_S": 27.53,
        "LONGITUD": -103.7839888888889,
        "LATITUD": 25.79098055555556,
        "CVE_ACUIF": "0523",
        "NOM_ACUIF": "PRINCIPAL-REGION LAGUNERA",
        "CT_POZO": "NO",
        "DISEÑO_PE": "NO",
        "CORTE_LIT": "NO",
        "REG_ELEC": "NO",
        "INF_PERF": "NO",
        "REG_AFORO": "NO",
        "ANAL_AGUA": "SI",
        "CROQUIS": "SI",
        "TIPO_INF": "HIDROGEOQUÍMICO",
        "HGQ": "SI",
        "Ca": 49.8,
        "Mg": 11.9,
        "Na": 20,
        "Cl": 9.9,
        "SO4": 107,
        "HCO3": 106,
        "STD_ppm": 330,
        "POT_H_s/u": "7.32",
        "URL": "https://sigagis.conagua.gob.mx/t_infbasica/INVENTARIO/10 DURANGO/PDF/10_0015.pdf",
        "NOM_EDO_OFICIAL": "DURANGO",
        "CVE_ACUIF_STR": "0523"
      }
    },
    {
      "type": "Feature",
      "geometry": {
        "type": "Point",
        "coordinates": [
          -103.6477194444444,
          25.9343
        ]
      },
      "properties": {
        "fid": 33,
        "CVE_LGJO": "10_0015",
        "CVE_POZO": "29-LA PLATOSA (2504)",
        "TIT_LGJO": "ISÓTOPOS AMBIENTALES   COAHUILA-DURANGO",
        "CVE_EDO": "10",
        "CVE_MPIO": "10013",
        "AÑO": "1978",
        "DESC": "ESTUDIO DE ACUÍFEROS EN CALIZAS Y RELLENOS.",
        "LONG_G": 103,
        "LONG_M": 38,
        "LONG_S": 51.79,
        "LAT_G": 25,
        "LAT_M": 56,
        "LAT_S": 3.48,
        "LONGITUD": -103.6477194444444,
        "LATITUD": 25.9343,
        "CVE_ACUIF": "0523",
        "NOM_ACUIF": "PRINCIPAL-REGION LAGUNERA",
        "CT_POZO": "NO",
        "DISEÑO_PE": "NO",
        "CORTE_LIT": "NO",
        "REG_ELEC": "NO",
        "INF_PERF": "NO",
        "REG_AFORO": "NO",
        "ANAL_AGUA": "SI",
        "CROQUIS": "SI",
        "TIPO_INF": "HIDROGEOQUÍMICO",
        "HGQ": "SI",
        "NE_M": 38,
        "ALTITUD_ms": 1113.94,
        "Ca": 568,
        "Mg": 162,
        "Na": 344,
        "Cl": 142,
        "SO4": 2430,
        "HCO3": 70.2,
        "STD_ppm": 3753,
        "POT_H_s/u": "7.58",
        "URL": "https://sigagis.conagua.gob.mx/t_infbasica/INVENTARIO/10 DURANGO/PDF/10_0015.pdf",
        "NOM_EDO_OFICIAL": "DURANGO",
        "CVE_ACUIF_STR": "0523"
      }
    },
    {
      "type": "Feature",
      "geometry": {
        "type": "Point",
        "coordinates": [
          -103.3987111111111,
          25.98483888888889
        ]
      },
      "properties": {
        "fid": 35,
        "CVE_LGJO": "10_0015",
        "CVE_POZO": "32-SAN FRANCISCO (1835)",
        "TIT_LGJO": "ISÓTOPOS AMBIENTALES   COAHUILA-DURANGO",
        "CVE_EDO": "10",
        "CVE_MPIO": "10036",
        "AÑO": "1978",
        "DESC": "ESTUDIO DE ACUÍFEROS EN CALIZAS Y RELLENOS.",
        "LONG_G": 103,
        "LONG_M": 23,
        "LONG_S": 55.36,
        "LAT_G": 25,
        "LAT_M": 59,
        "LAT_S": 5.42,
        "LONGITUD": -103.3987111111111,
        "LATITUD": 25.98483888888889,
        "CVE_ACUIF": "0523",
        "NOM_ACUIF": "PRINCIPAL-REGION LAGUNERA",
        "CT_POZO": "NO",
        "DISEÑO_PE": "NO",
        "CORTE_LIT": "NO",
        "REG_ELEC": "NO",
        "INF_PERF": "NO",
        "REG_AFORO": "NO",
        "ANAL_AGUA": "SI",
        "CROQUIS": "SI",
        "TIPO_INF": "HIDROGEOQUÍMICO",
        "HGQ": "SI",
        "ALTITUD_ms": 1120,
        "Q_LPS": 12,
        "Ca": 30,
        "Mg": 1.2,
        "Na": 151,
        "Cl": 17.7,
        "SO4": 241,
        "HCO3": 127,
        "STD_ppm": 618,
        "POT_H_s/u": "7.6",
        "URL": "https://sigagis.conagua.gob.mx/t_infbasica/INVENTARIO/10 DURANGO/PDF/10_0015.pdf",
        "NOM_EDO_OFICIAL": "DURANGO",
        "CVE_ACUIF_STR": "0523"
      }
    },
    {
      "type": "Feature",
      "geometry": {
        "type": "Point",
        "coordinates": [
          -103.3858611111111,
          25.97271944444444
        ]
      },
      "properties": {
        "fid": 36,
        "CVE_LGJO": "10_0015",
        "CVE_POZO": "33-SAN FRANCISCO (2887)",
        "TIT_LGJO": "ISÓTOPOS AMBIENTALES   COAHUILA-DURANGO",
        "CVE_EDO": "10",
        "CVE_MPIO": "10036",
        "AÑO": "1978",
        "DESC": "ESTUDIO DE ACUÍFEROS EN CALIZAS Y RELLENOS.",
        "LONG_G": 103,
        "LONG_M": 23,
        "LONG_S": 9.1,
        "LAT_G": 25,
        "LAT_M": 58,
        "LAT_S": 21.79,
        "LONGITUD": -103.3858611111111,
        "LATITUD": 25.97271944444444,
        "CVE_ACUIF": "0523",
        "NOM_ACUIF": "PRINCIPAL-REGION LAGUNERA",
        "CT_POZO": "NO",
        "DISEÑO_PE": "NO",
        "CORTE_LIT": "NO",
        "REG_ELEC": "NO",
        "INF_PERF": "NO",
        "REG_AFORO": "NO",
        "ANAL_AGUA": "SI",
        "CROQUIS": "SI",
        "TIPO_INF": "HIDROGEOQUÍMICO",
        "HGQ": "SI",
        "ALTITUD_ms": 1120,
        "Q_LPS": 18,
        "Ca": 92.7,
        "Mg": 4.5,
        "Na": 183,
        "Cl": 73,
        "SO4": 428,
        "HCO3": 124,
        "STD_ppm": 1573,
        "POT_H_s/u": "7.58",
        "URL": "https://sigagis.conagua.gob.mx/t_infbasica/INVENTARIO/10 DURANGO/PDF/10_0015.pdf",
        "NOM_EDO_OFICIAL": "DURANGO",
        "CVE_ACUIF_STR": "0523"
      }
    },
    {
      "type": "Feature",
      "geometry": {
        "type": "Point",
        "coordinates": [
          -105.0350805555556,
          25.57618888888889
        ]
      },
      "properties": {
        "fid": 37,
        "CVE_LGJO": "10_0015",
        "CVE_POZO": "34-EL PALMITO (SIN CLAVE)",
        "TIT_LGJO": "ISÓTOPOS AMBIENTALES   COAHUILA-DURANGO",
        "CVE_EDO": "10",
        "CVE_MPIO": "10011",
        "AÑO": "1978",
        "DESC": "ESTUDIO DE ACUÍFEROS EN CALIZAS Y RELLENOS.",
        "LONG_G": 105,
        "LONG_M": 2,
        "LONG_S": 6.29,
        "LAT_G": 25,
        "LAT_M": 34,
        "LAT_S": 34.28,
        "LONGITUD": -105.0350805555556,
        "LATITUD": 25.57618888888889,
        "CVE_ACUIF": "0523",
        "NOM_ACUIF": "PRINCIPAL-REGION LAGUNERA",
        "CT_POZO": "NO",
        "DISEÑO_PE": "NO",
        "CORTE_LIT": "NO",
        "REG_ELEC": "NO",
        "INF_PERF": "NO",
        "REG_AFORO": "NO",
        "ANAL_AGUA": "NO",
        "CROQUIS": "SI",
        "TIPO_INF": "CROQUIS",
        "HGQ": "NO",
        "ALTITUD_ms": 1850,
        "URL": "https://sigagis.conagua.gob.mx/t_infbasica/INVENTARIO/10 DURANGO/PDF/10_0015.pdf",
        "NOM_EDO_OFICIAL": "DURANGO",
        "CVE_ACUIF_STR": "0523"
      }
    },
    {
      "type": "Feature",
      "geometry": {
        "type": "Point",
        "coordinates": [
          -104.5197611111111,
          25.12025
        ]
      },
      "properties": {
        "fid": 38,
        "CVE_LGJO": "10_0015",
        "CVE_POZO": "35-HIDALGO DE SAN ANT (87)",
        "TIT_LGJO": "ISÓTOPOS AMBIENTALES   COAHUILA-DURANGO",
        "CVE_EDO": "10",
        "CVE_MPIO": "10024",
        "AÑO": "1978",
        "DESC": "ESTUDIO DE ACUÍFEROS EN CALIZAS Y RELLENOS.",
        "LONG_G": 104,
        "LONG_M": 31,
        "LONG_S": 11.14,
        "LAT_G": 25,
        "LAT_M": 7,
        "LAT_S": 12.9,
        "LONGITUD": -104.5197611111111,
        "LATITUD": 25.12025,
        "CVE_ACUIF": "0523",
        "NOM_ACUIF": "PRINCIPAL-REGION LAGUNERA",
        "CT_POZO": "NO",
        "DISEÑO_PE": "NO",
        "CORTE_LIT": "NO",
        "REG_ELEC": "NO",
        "INF_PERF": "NO",
        "REG_AFORO": "NO",
        "ANAL_AGUA": "SI",
        "CROQUIS": "SI",
        "TIPO_INF": "HIDROGEOQUÍMICO",
        "HGQ": "SI",
        "NE_M": 60,
        "ALTITUD_ms": 1450,
        "Q_LPS": 60,
        "Ca": 100,
        "Mg": 35,
        "Na": 33,
        "Cl": 74,
        "SO4": 120,
        "HCO3": 267,
        "STD_ppm": 640,
        "POT_H_s/u": "7.9",
        "URL": "https://sigagis.conagua.gob.mx/t_infbasica/INVENTARIO/10 DURANGO/PDF/10_0015.pdf",
        "NOM_EDO_OFICIAL": "DURANGO",
        "CVE_ACUIF_STR": "0523"
      }
    },
    {
      "type": "Feature",
      "geometry": {
        "type": "Point",
        "coordinates": [
          -104.06945,
          25.26263888888889
        ]
      },
      "properties": {
        "fid": 39,
        "CVE_LGJO": "10_0015",
        "CVE_POZO": "36-AGUISTIN MELGAR (73)",
        "TIT_LGJO": "ISÓTOPOS AMBIENTALES   COAHUILA-DURANGO",
        "CVE_EDO": "10",
        "CVE_MPIO": "10015",
        "AÑO": "1978",
        "DESC": "ESTUDIO DE ACUÍFEROS EN CALIZAS Y RELLENOS.",
        "LONG_G": 104,
        "LONG_M": 4,
        "LONG_S": 10.02,
        "LAT_G": 25,
        "LAT_M": 15,
        "LAT_S": 45.5,
        "LONGITUD": -104.06945,
        "LATITUD": 25.26263888888889,
        "CVE_ACUIF": "0523",
        "NOM_ACUIF": "PRINCIPAL-REGION LAGUNERA",
        "CT_POZO": "NO",
        "DISEÑO_PE": "NO",
        "CORTE_LIT": "NO",
        "REG_ELEC": "NO",
        "INF_PERF": "NO",
        "REG_AFORO": "NO",
        "ANAL_AGUA": "SI",
        "CROQUIS": "SI",
        "TIPO_INF": "HIDROGEOQUÍMICO",
        "HGQ": "SI",
        "NE_M": 60,
        "ALTITUD_ms": 1260,
        "Q_LPS": 0.5,
        "Ca": 80,
        "Mg": 103,
        "Na": 107,
        "Cl": 42,
        "SO4": 500,
        "HCO3": 338,
        "STD_ppm": 1170,
        "POT_H_s/u": "8.05",
        "URL": "https://sigagis.conagua.gob.mx/t_infbasica/INVENTARIO/10 DURANGO/PDF/10_0015.pdf",
        "NOM_EDO_OFICIAL": "DURANGO",
        "CVE_ACUIF_STR": "0523"
      }
    },
    {
      "type": "Feature",
      "geometry": {
        "type": "Point",
        "coordinates": [
          -103.9067388888889,
          25.23393055555556
        ]
      },
      "properties": {
        "fid": 40,
        "CVE_LGJO": "10_0015",
        "CVE_POZO": "37-V.CARRANZA (62)",
        "TIT_LGJO": "ISÓTOPOS AMBIENTALES   COAHUILA-DURANGO",
        "CVE_EDO": "10",
        "CVE_MPIO": "10015",
        "AÑO": "1978",
        "DESC": "ESTUDIO DE ACUÍFEROS EN CALIZAS Y RELLENOS.",
        "LONG_G": 103,
        "LONG_M": 54,
        "LONG_S": 24.26,
        "LAT_G": 25,
        "LAT_M": 14,
        "LAT_S": 2.15,
        "LONGITUD": -103.9067388888889,
        "LATITUD": 25.23393055555556,
        "CVE_ACUIF": "0523",
        "NOM_ACUIF": "PRINCIPAL-REGION LAGUNERA",
        "CT_POZO": "NO",
        "DISEÑO_PE": "NO",
        "CORTE_LIT": "NO",
        "REG_ELEC": "NO",
        "INF_PERF": "NO",
        "REG_AFORO": "NO",
        "ANAL_AGUA": "SI",
        "CROQUIS": "SI",
        "TIPO_INF": "HIDROGEOQUÍMICO",
        "HGQ": "SI",
        "NE_M": 80,
        "ALTITUD_ms": 1230,
        "Q_LPS": 70,
        "Ca": 36,
        "Mg": 1,
        "Na": 258,
        "Cl": 71,
        "SO4": 125,
        "HCO3": 501,
        "STD_ppm": 1001,
        "POT_H_s/u": "8.1",
        "URL": "https://sigagis.conagua.gob.mx/t_infbasica/INVENTARIO/10 DURANGO/PDF/10_0015.pdf",
        "NOM_EDO_OFICIAL": "DURANGO",
        "CVE_ACUIF_STR": "0523"
      }
    },
    {
      "type": "Feature",
      "geometry": {
        "type": "Point",
        "coordinates": [
          -103.7703888888889,
          25.27676944444444
        ]
      },
      "properties": {
        "fid": 41,
        "CVE_LGJO": "10_0015",
        "CVE_POZO": "38-FRANCISCO ZARCO (SIN CLAVE)",
        "TIT_LGJO": "ISÓTOPOS AMBIENTALES   COAHUILA-DURANGO",
        "CVE_EDO": "10",
        "CVE_MPIO": "10004",
        "AÑO": "1978",
        "DESC": "ESTUDIO DE ACUÍFEROS EN CALIZAS Y RELLENOS.",
        "LONG_G": 103,
        "LONG_M": 46,
        "LONG_S": 13.4,
        "LAT_G": 25,
        "LAT_M": 16,
        "LAT_S": 36.37,
        "LONGITUD": -103.7703888888889,
        "LATITUD": 25.27676944444444,
        "CVE_ACUIF": "0523",
        "NOM_ACUIF": "PRINCIPAL-REGION LAGUNERA",
        "CT_POZO": "NO",
        "DISEÑO_PE": "NO",
        "CORTE_LIT": "NO",
        "REG_ELEC": "NO",
        "INF_PERF": "NO",
        "REG_AFORO": "NO",
        "ANAL_AGUA": "SI",
        "CROQUIS": "SI",
        "TIPO_INF": "HIDROGEOQUÍMICO",
        "HGQ": "SI",
        "ALTITUD_ms": 1200,
        "Ca": 112,
        "Mg": 34,
        "Na": 0,
        "Cl": 23,
        "SO4": 1,
        "HCO3": 263,
        "STD_ppm": 433,
        "POT_H_s/u": "7.92",
        "URL": "https://sigagis.conagua.gob.mx/t_infbasica/INVENTARIO/10 DURANGO/PDF/10_0015.pdf",
        "NOM_EDO_OFICIAL": "DURANGO",
        "CVE_ACUIF_STR": "0523"
      }
    },
    {
      "type": "Feature",
      "geometry": {
        "type": "Point",
        "coordinates": [
          -103.3433611111111,
          25.82036944444445
        ]
      },
      "properties": {
        "fid": 42,
        "CVE_LGJO": "10_0015",
        "CVE_POZO": "39-SAN ALBERTO (2065)",
        "TIT_LGJO": "ISÓTOPOS AMBIENTALES   COAHUILA-DURANGO",
        "CVE_EDO": "10",
        "CVE_MPIO": "10007",
        "AÑO": "1978",
        "DESC": "ESTUDIO DE ACUÍFEROS EN CALIZAS Y RELLENOS.",
        "LONG_G": 103,
        "LONG_M": 20,
        "LONG_S": 36.1,
        "LAT_G": 25,
        "LAT_M": 49,
        "LAT_S": 13.33,
        "LONGITUD": -103.3433611111111,
        "LATITUD": 25.82036944444445,
        "CVE_ACUIF": "0523",
        "NOM_ACUIF": "PRINCIPAL-REGION LAGUNERA",
        "CT_POZO": "NO",
        "DISEÑO_PE": "NO",
        "CORTE_LIT": "NO",
        "REG_ELEC": "NO",
        "INF_PERF": "NO",
        "REG_AFORO": "NO",
        "ANAL_AGUA": "SI",
        "CROQUIS": "SI",
        "TIPO_INF": "HIDROGEOQUÍMICO",
        "HGQ": "SI",
        "NE_M": 80,
        "ALTITUD_ms": 1083,
        "Q_LPS": 40,
        "Ca": 124,
        "Mg": 13,
        "Na": 38,
        "Cl": 88,
        "SO4": 195,
        "HCO3": 146,
        "STD_ppm": 604,
        "POT_H_s/u": "7.95",
        "URL": "https://sigagis.conagua.gob.mx/t_infbasica/INVENTARIO/10 DURANGO/PDF/10_0015.pdf",
        "NOM_EDO_OFICIAL": "DURANGO",
        "CVE_ACUIF_STR": "0523"
      }
    },
    {
      "type": "Feature",
      "geometry": {
        "type": "Point",
        "coordinates": [
          -103.4575888888889,
          25.37798888888889
        ]
      },
      "properties": {
        "fid": 43,
        "CVE_LGJO": "10_0015",
        "CVE_POZO": "3-LA CAMPANA (1848)",
        "TIT_LGJO": "ISÓTOPOS AMBIENTALES   COAHUILA-DURANGO",
        "CVE_EDO": "10",
        "CVE_MPIO": "10012",
        "AÑO": "1978",
        "DESC": "ESTUDIO DE ACUÍFEROS EN CALIZAS Y RELLENOS.",
        "LONG_G": 103,
        "LONG_M": 27,
        "LONG_S": 27.32,
        "LAT_G": 25,
        "LAT_M": 22,
        "LAT_S": 40.76,
        "LONGITUD": -103.4575888888889,
        "LATITUD": 25.37798888888889,
        "CVE_ACUIF": "0523",
        "NOM_ACUIF": "PRINCIPAL-REGION LAGUNERA",
        "CT_POZO": "NO",
        "DISEÑO_PE": "NO",
        "CORTE_LIT": "NO",
        "REG_ELEC": "NO",
        "INF_PERF": "NO",
        "REG_AFORO": "NO",
        "ANAL_AGUA": "SI",
        "CROQUIS": "SI",
        "TIPO_INF": "HIDROGEOQUÍMICO",
        "HGQ": "SI",
        "NE_M": 67.29,
        "ALTITUD_ms": 1183,
        "Ca": 159,
        "Mg": 50.6,
        "Na": 172,
        "Cl": 103,
        "SO4": 528,
        "HCO3": 275,
        "STD_ppm": 1405,
        "POT_H_s/u": "7.34",
        "URL": "https://sigagis.conagua.gob.mx/t_infbasica/INVENTARIO/10 DURANGO/PDF/10_0015.pdf",
        "NOM_EDO_OFICIAL": "DURANGO",
        "CVE_ACUIF_STR": "0523"
      }
    },
    {
      "type": "Feature",
      "geometry": {
        "type": "Point",
        "coordinates": [
          -103.3988194444444,
          25.85996944444445
        ]
      },
      "properties": {
        "fid": 44,
        "CVE_LGJO": "10_0015",
        "CVE_POZO": "40-EL BARRO (2087)",
        "TIT_LGJO": "ISÓTOPOS AMBIENTALES   COAHUILA-DURANGO",
        "CVE_EDO": "10",
        "CVE_MPIO": "10007",
        "AÑO": "1978",
        "DESC": "ESTUDIO DE ACUÍFEROS EN CALIZAS Y RELLENOS.",
        "LONG_G": 103,
        "LONG_M": 23,
        "LONG_S": 55.75,
        "LAT_G": 25,
        "LAT_M": 51,
        "LAT_S": 35.89,
        "LONGITUD": -103.3988194444444,
        "LATITUD": 25.85996944444445,
        "CVE_ACUIF": "0523",
        "NOM_ACUIF": "PRINCIPAL-REGION LAGUNERA",
        "CT_POZO": "NO",
        "DISEÑO_PE": "NO",
        "CORTE_LIT": "NO",
        "REG_ELEC": "NO",
        "INF_PERF": "NO",
        "REG_AFORO": "NO",
        "ANAL_AGUA": "SI",
        "CROQUIS": "SI",
        "TIPO_INF": "HIDROGEOQUÍMICO",
        "HGQ": "SI",
        "NE_M": 80,
        "ALTITUD_ms": 1060,
        "Q_LPS": 35,
        "Ca": 46,
        "Mg": 2,
        "Na": 70,
        "Cl": 32,
        "SO4": 67,
        "HCO3": 197,
        "STD_ppm": 414,
        "POT_H_s/u": "8.2",
        "URL": "https://sigagis.conagua.gob.mx/t_infbasica/INVENTARIO/10 DURANGO/PDF/10_0015.pdf",
        "NOM_EDO_OFICIAL": "DURANGO",
        "CVE_ACUIF_STR": "0523"
      }
    },
    {
      "type": "Feature",
      "geometry": {
        "type": "Point",
        "coordinates": [
          -103.4086138888889,
          25.95615833333333
        ]
      },
      "properties": {
        "fid": 45,
        "CVE_LGJO": "10_0015",
        "CVE_POZO": "41-GRANJA EL PILAR (1374)",
        "TIT_LGJO": "ISÓTOPOS AMBIENTALES   COAHUILA-DURANGO",
        "CVE_EDO": "10",
        "CVE_MPIO": "10036",
        "AÑO": "1978",
        "DESC": "ESTUDIO DE ACUÍFEROS EN CALIZAS Y RELLENOS.",
        "LONG_G": 103,
        "LONG_M": 24,
        "LONG_S": 31.01,
        "LAT_G": 25,
        "LAT_M": 57,
        "LAT_S": 22.17,
        "LONGITUD": -103.4086138888889,
        "LATITUD": 25.95615833333333,
        "CVE_ACUIF": "0523",
        "NOM_ACUIF": "PRINCIPAL-REGION LAGUNERA",
        "CT_POZO": "NO",
        "DISEÑO_PE": "NO",
        "CORTE_LIT": "NO",
        "REG_ELEC": "NO",
        "INF_PERF": "NO",
        "REG_AFORO": "NO",
        "ANAL_AGUA": "SI",
        "CROQUIS": "SI",
        "TIPO_INF": "HIDROGEOQUÍMICO",
        "HGQ": "SI",
        "NE_M": 80,
        "ALTITUD_ms": 1075,
        "Q_LPS": 50,
        "Ca": 90,
        "Mg": 13,
        "Na": 245,
        "Cl": 96,
        "SO4": 475,
        "HCO3": 223,
        "STD_ppm": 1142,
        "POT_H_s/u": "7.95",
        "URL": "https://sigagis.conagua.gob.mx/t_infbasica/INVENTARIO/10 DURANGO/PDF/10_0015.pdf",
        "NOM_EDO_OFICIAL": "DURANGO",
        "CVE_ACUIF_STR": "0523"
      }
    },
    {
      "type": "Feature",
      "geometry": {
        "type": "Point",
        "coordinates": [
          -103.4705611111111,
          25.35408055555556
        ]
      },
      "properties": {
        "fid": 46,
        "CVE_LGJO": "10_0015",
        "CVE_POZO": "4-LA VENTANA (2565)",
        "TIT_LGJO": "ISÓTOPOS AMBIENTALES   COAHUILA-DURANGO",
        "CVE_EDO": "10",
        "CVE_MPIO": "10012",
        "AÑO": "1978",
        "DESC": "ESTUDIO DE ACUÍFEROS EN CALIZAS Y RELLENOS.",
        "LONG_G": 103,
        "LONG_M": 28,
        "LONG_S": 14.02,
        "LAT_G": 25,
        "LAT_M": 21,
        "LAT_S": 14.69,
        "LONGITUD": -103.4705611111111,
        "LATITUD": 25.35408055555556,
        "CVE_ACUIF": "0523",
        "NOM_ACUIF": "PRINCIPAL-REGION LAGUNERA",
        "CT_POZO": "NO",
        "DISEÑO_PE": "NO",
        "CORTE_LIT": "NO",
        "REG_ELEC": "NO",
        "INF_PERF": "NO",
        "REG_AFORO": "NO",
        "ANAL_AGUA": "SI",
        "CROQUIS": "SI",
        "TIPO_INF": "HIDROGEOQUÍMICO",
        "HGQ": "SI",
        "ALTITUD_ms": 1183,
        "Q_LPS": 60,
        "Ca": 81.4,
        "Mg": 49.5,
        "Na": 173,
        "Cl": 85.1,
        "SO4": 517,
        "HCO3": 105,
        "STD_ppm": 1051,
        "POT_H_s/u": "7.35",
        "URL": "https://sigagis.conagua.gob.mx/t_infbasica/INVENTARIO/10 DURANGO/PDF/10_0015.pdf",
        "NOM_EDO_OFICIAL": "DURANGO",
        "CVE_ACUIF_STR": "0523"
      }
    },
    {
      "type": "Feature",
      "geometry": {
        "type": "Point",
        "coordinates": [
          -103.3279194444444,
          25.08623055555556
        ]
      },
      "properties": {
        "fid": 47,
        "CVE_LGJO": "10_0015",
        "CVE_POZO": "5-FLOR JIMULCO(3008)",
        "TIT_LGJO": "ISÓTOPOS AMBIENTALES   COAHUILA-DURANGO",
        "CVE_EDO": "10",
        "CVE_MPIO": "10006",
        "AÑO": "1978",
        "DESC": "ESTUDIO DE ACUÍFEROS EN CALIZAS Y RELLENOS.",
        "LONG_G": 103,
        "LONG_M": 19,
        "LONG_S": 40.51,
        "LAT_G": 25,
        "LAT_M": 5,
        "LAT_S": 10.43,
        "LONGITUD": -103.3279194444444,
        "LATITUD": 25.08623055555556,
        "CVE_ACUIF": "0523",
        "NOM_ACUIF": "PRINCIPAL-REGION LAGUNERA",
        "CT_POZO": "NO",
        "DISEÑO_PE": "NO",
        "CORTE_LIT": "NO",
        "REG_ELEC": "NO",
        "INF_PERF": "NO",
        "REG_AFORO": "NO",
        "ANAL_AGUA": "SI",
        "CROQUIS": "SI",
        "TIPO_INF": "HIDROGEOQUÍMICO",
        "HGQ": "SI",
        "NE_M": 13.17,
        "ALTITUD_ms": 1270,
        "Ca": 74.4,
        "Mg": 26.4,
        "Na": 224,
        "Cl": 67,
        "SO4": 477,
        "HCO3": 253,
        "STD_ppm": 1162,
        "POT_H_s/u": "7.33",
        "URL": "https://sigagis.conagua.gob.mx/t_infbasica/INVENTARIO/10 DURANGO/PDF/10_0015.pdf",
        "NOM_EDO_OFICIAL": "DURANGO",
        "CVE_ACUIF_STR": "0523"
      }
    },
    {
      "type": "Feature",
      "geometry": {
        "type": "Point",
        "coordinates": [
          -103.3887694444444,
          25.14445
        ]
      },
      "properties": {
        "fid": 48,
        "CVE_LGJO": "10_0015",
        "CVE_POZO": "6-ZARAGOZA (2999)",
        "TIT_LGJO": "ISÓTOPOS AMBIENTALES   COAHUILA-DURANGO",
        "CVE_EDO": "10",
        "CVE_MPIO": "10006",
        "AÑO": "1978",
        "DESC": "ESTUDIO DE ACUÍFEROS EN CALIZAS Y RELLENOS.",
        "LONG_G": 103,
        "LONG_M": 23,
        "LONG_S": 19.57,
        "LAT_G": 25,
        "LAT_M": 8,
        "LAT_S": 40.02,
        "LONGITUD": -103.3887694444444,
        "LATITUD": 25.14445,
        "CVE_ACUIF": "0523",
        "NOM_ACUIF": "PRINCIPAL-REGION LAGUNERA",
        "CT_POZO": "NO",
        "DISEÑO_PE": "NO",
        "CORTE_LIT": "NO",
        "REG_ELEC": "NO",
        "INF_PERF": "NO",
        "REG_AFORO": "NO",
        "ANAL_AGUA": "SI",
        "CROQUIS": "SI",
        "TIPO_INF": "HIDROGEOQUÍMICO",
        "HGQ": "SI",
        "ALTITUD_ms": 1255,
        "Q_LPS": 45,
        "Ca": 136,
        "Mg": 75.3,
        "Na": 714,
        "Cl": 234,
        "SO4": 1630,
        "HCO3": 129,
        "STD_ppm": 2967,
        "POT_H_s/u": "7.25",
        "URL": "https://sigagis.conagua.gob.mx/t_infbasica/INVENTARIO/10 DURANGO/PDF/10_0015.pdf",
        "NOM_EDO_OFICIAL": "DURANGO",
        "CVE_ACUIF_STR": "0523"
      }
    },
    {
      "type": "Feature",
      "geometry": {
        "type": "Point",
        "coordinates": [
          -102.8732111111111,
          25.32848888888889
        ]
      },
      "properties": {
        "fid": 50,
        "CVE_LGJO": "10_0015",
        "CVE_POZO": "8-VIESCA (3055)",
        "TIT_LGJO": "ISÓTOPOS AMBIENTALES   COAHUILA-DURANGO",
        "CVE_EDO": "10",
        "CVE_MPIO": "05036",
        "AÑO": "1978",
        "DESC": "ESTUDIO DE ACUÍFEROS EN CALIZAS Y RELLENOS.",
        "LONG_G": 102,
        "LONG_M": 52,
        "LONG_S": 23.56,
        "LAT_G": 25,
        "LAT_M": 19,
        "LAT_S": 42.56,
        "LONGITUD": -102.8732111111111,
        "LATITUD": 25.32848888888889,
        "CVE_ACUIF": "0523",
        "NOM_ACUIF": "PRINCIPAL-REGION LAGUNERA",
        "CT_POZO": "NO",
        "DISEÑO_PE": "NO",
        "CORTE_LIT": "NO",
        "REG_ELEC": "NO",
        "INF_PERF": "NO",
        "REG_AFORO": "NO",
        "ANAL_AGUA": "SI",
        "CROQUIS": "SI",
        "TIPO_INF": "HIDROGEOQUÍMICO",
        "HGQ": "SI",
        "ALTITUD_ms": 1102.21,
        "Ca": 187,
        "Mg": 65.6,
        "Na": 356,
        "Cl": 450,
        "SO4": 788,
        "HCO3": 67.3,
        "STD_ppm": 1955,
        "POT_H_s/u": "7.44",
        "URL": "https://sigagis.conagua.gob.mx/t_infbasica/INVENTARIO/10 DURANGO/PDF/10_0015.pdf",
        "NOM_EDO_OFICIAL": "DURANGO",
        "CVE_ACUIF_STR": "0523"
      }
    },
    {
      "type": "Feature",
      "geometry": {
        "type": "Point",
        "coordinates": [
          -103.01015,
          25.31538888888889
        ]
      },
      "properties": {
        "fid": 51,
        "CVE_LGJO": "10_0015",
        "CVE_POZO": "9-V.CARRANZA (SIN CLAVE)",
        "TIT_LGJO": "ISÓTOPOS AMBIENTALES   COAHUILA-DURANGO",
        "CVE_EDO": "10",
        "CVE_MPIO": "05036",
        "AÑO": "1978",
        "DESC": "ESTUDIO DE ACUÍFEROS EN CALIZAS Y RELLENOS.",
        "LONG_G": 103,
        "LONG_M": 0,
        "LONG_S": 36.54,
        "LAT_G": 25,
        "LAT_M": 18,
        "LAT_S": 55.4,
        "LONGITUD": -103.01015,
        "LATITUD": 25.31538888888889,
        "CVE_ACUIF": "0523",
        "NOM_ACUIF": "PRINCIPAL-REGION LAGUNERA",
        "CT_POZO": "NO",
        "DISEÑO_PE": "NO",
        "CORTE_LIT": "NO",
        "REG_ELEC": "NO",
        "INF_PERF": "NO",
        "REG_AFORO": "NO",
        "ANAL_AGUA": "SI",
        "CROQUIS": "SI",
        "TIPO_INF": "HIDROGEOQUÍMICO",
        "HGQ": "SI",
        "NE_M": 34.5,
        "ALTITUD_ms": 1110.04,
        "Ca": 65.2,
        "Mg": 25.1,
        "Na": 69.1,
        "Cl": 26,
        "SO4": 164,
        "HCO3": 236,
        "STD_ppm": 618,
        "POT_H_s/u": "7.55",
        "URL": "https://sigagis.conagua.gob.mx/t_infbasica/INVENTARIO/10 DURANGO/PDF/10_0015.pdf",
        "NOM_EDO_OFICIAL": "DURANGO",
        "CVE_ACUIF_STR": "0523"
      }
    },
    {
      "type": "Feature",
      "geometry": {
        "type": "Point",
        "coordinates": [
          -103.5797222222222,
          25.50694444444444
        ]
      },
      "properties": {
        "fid": 52,
        "CVE_LGJO": "10_0016",
        "CVE_POZO": "PDGOECL-84-01",
        "NOMB_POZO": "VILLA JUÁREZ NO. 1",
        "TIT_LGJO": "POZOS ÁREA DE VILLA JUÁREZ",
        "CVE_EDO": "10",
        "CVE_MPIO": "10012",
        "AÑO": "1984",
        "DESC": "INF. FINAL CONTIENE CONTROL DE PERFORACIONES,  CORTE LITOLÓGICO,  CROQUIS DE LOCALIZACIÓN  Y GRÁFICA DE PENETRACIÓN.",
        "LONG_G": 103,
        "LONG_M": 34,
        "LONG_S": 47,
        "LAT_G": 25,
        "LAT_M": 30,
        "LAT_S": 25,
        "LONGITUD": -103.5797222222222,
        "LATITUD": 25.50694444444444,
        "CVE_ACUIF": "0523",
        "NOM_ACUIF": "PRINCIPAL-REGION LAGUNERA",
        "CT_POZO": "SI",
        "DISEÑO_PE": "NO",
        "CORTE_LIT": "SI",
        "REG_ELEC": "NO",
        "INF_PERF": "NO",
        "REG_AFORO": "NO",
        "ANAL_AGUA": "NO",
        "CROQUIS": "SI",
        "TIPO_INF": "HIDROGEOLÓGICA",
        "PROF_TOT_m": 62,
        "HGQ": "NO",
        "F_INICIO": "30768",
        "F_FINAL": 30816,
        "URL": "https://sigagis.conagua.gob.mx/t_infbasica/INVENTARIO/10 DURANGO/PDF/10_0016.pdf",
        "NOM_EDO_OFICIAL": "DURANGO",
        "CVE_ACUIF_STR": "0523"
      }
    },
    {
      "type": "Feature",
      "geometry": {
        "type": "Point",
        "coordinates": [
          -103.5674027777778,
          25.49079166666667
        ]
      },
      "properties": {
        "fid": 53,
        "CVE_LGJO": "10_0016",
        "CVE_POZO": "POZO 1 CFE",
        "TIT_LGJO": "POZOS ÁREA DE VILLA JUÁREZ",
        "CVE_EDO": "10",
        "CVE_MPIO": "10012",
        "AÑO": "1984",
        "DESC": "INF. FINAL CONTIENE CONTROL DE PERFORACIONES,  CORTE LITOLÓGICO,  CROQUIS DE LOCALIZACIÓN  Y GRÁFICA DE PENETRACIÓN.",
        "LONG_G": 103,
        "LONG_M": 34,
        "LONG_S": 2.65,
        "LAT_G": 25,
        "LAT_M": 29,
        "LAT_S": 26.85,
        "LONGITUD": -103.5674027777778,
        "LATITUD": 25.49079166666667,
        "CVE_ACUIF": "0523",
        "NOM_ACUIF": "PRINCIPAL-REGION LAGUNERA",
        "CT_POZO": "NO",
        "DISEÑO_PE": "NO",
        "CORTE_LIT": "NO",
        "REG_ELEC": "NO",
        "INF_PERF": "NO",
        "REG_AFORO": "NO",
        "ANAL_AGUA": "NO",
        "CROQUIS": "SI",
        "TIPO_INF": "CROQUIS",
        "HGQ": "NO",
        "URL": "https://sigagis.conagua.gob.mx/t_infbasica/INVENTARIO/10 DURANGO/PDF/10_0016.pdf",
        "NOM_EDO_OFICIAL": "DURANGO",
        "CVE_ACUIF_STR": "0523"
      }
    },
    {
      "type": "Feature",
      "geometry": {
        "type": "Point",
        "coordinates": [
          -103.563625,
          25.51078611111111
        ]
      },
      "properties": {
        "fid": 54,
        "CVE_LGJO": "10_0016",
        "CVE_POZO": "POZO 1 SAHOP",
        "TIT_LGJO": "VILLA JUÁREZ 1  COAHUILA-DURANGO",
        "CVE_EDO": "10",
        "CVE_MPIO": "10012",
        "AÑO": "1984",
        "DESC": "INF. FINAL CONTIENE CONTROL DE PERFORACIONES,  CORTE LITOLÓGICO,  CROQUIS DE LOCALIZACIÓN  Y GRÁFICA DE PENETRACIÓN.",
        "LONG_G": 103,
        "LONG_M": 33,
        "LONG_S": 49.05,
        "LAT_G": 25,
        "LAT_M": 30,
        "LAT_S": 38.83,
        "LONGITUD": -103.563625,
        "LATITUD": 25.51078611111111,
        "CVE_ACUIF": "0523",
        "NOM_ACUIF": "PRINCIPAL-REGION LAGUNERA",
        "CT_POZO": "NO",
        "DISEÑO_PE": "NO",
        "CORTE_LIT": "NO",
        "REG_ELEC": "NO",
        "INF_PERF": "NO",
        "REG_AFORO": "NO",
        "ANAL_AGUA": "NO",
        "CROQUIS": "SI",
        "TIPO_INF": "CROQUIS",
        "HGQ": "NO",
        "URL": "https://sigagis.conagua.gob.mx/t_infbasica/INVENTARIO/10 DURANGO/PDF/10_0016.pdf",
        "NOM_EDO_OFICIAL": "DURANGO",
        "CVE_ACUIF_STR": "0523"
      }
    },
    {
      "type": "Feature",
      "geometry": {
        "type": "Point",
        "coordinates": [
          -103.6003027777778,
          25.50053888888889
        ]
      },
      "properties": {
        "fid": 55,
        "CVE_LGJO": "10_0016",
        "CVE_POZO": "POZO 10 CFE",
        "TIT_LGJO": "POZOS ÁREA DE VILLA JUÁREZ",
        "CVE_EDO": "10",
        "CVE_MPIO": "10012",
        "AÑO": "1984",
        "DESC": "INF. FINAL CONTIENE CONTROL DE PERFORACIONES,  CORTE LITOLÓGICO,  CROQUIS DE LOCALIZACIÓN  Y GRÁFICA DE PENETRACIÓN.",
        "LONG_G": 103,
        "LONG_M": 36,
        "LONG_S": 1.09,
        "LAT_G": 25,
        "LAT_M": 30,
        "LAT_S": 1.94,
        "LONGITUD": -103.6003027777778,
        "LATITUD": 25.50053888888889,
        "CVE_ACUIF": "0523",
        "NOM_ACUIF": "PRINCIPAL-REGION LAGUNERA",
        "CT_POZO": "NO",
        "DISEÑO_PE": "NO",
        "CORTE_LIT": "NO",
        "REG_ELEC": "NO",
        "INF_PERF": "NO",
        "REG_AFORO": "NO",
        "ANAL_AGUA": "NO",
        "CROQUIS": "SI",
        "TIPO_INF": "CROQUIS",
        "HGQ": "NO",
        "URL": "https://sigagis.conagua.gob.mx/t_infbasica/INVENTARIO/10 DURANGO/PDF/10_0016.pdf",
        "NOM_EDO_OFICIAL": "DURANGO",
        "CVE_ACUIF_STR": "0523"
      }
    },
    {
      "type": "Feature",
      "geometry": {
        "type": "Point",
        "coordinates": [
          -103.5635527777778,
          25.50111944444444
        ]
      },
      "properties": {
        "fid": 56,
        "CVE_LGJO": "10_0016",
        "CVE_POZO": "POZO 3 CFE",
        "TIT_LGJO": "POZOS ÁREA DE VILLA JUÁREZ",
        "CVE_EDO": "10",
        "CVE_MPIO": "10012",
        "AÑO": "1984",
        "DESC": "INF. FINAL CONTIENE CONTROL DE PERFORACIONES,  CORTE LITOLÓGICO,  CROQUIS DE LOCALIZACIÓN  Y GRÁFICA DE PENETRACIÓN.",
        "LONG_G": 103,
        "LONG_M": 33,
        "LONG_S": 48.79,
        "LAT_G": 25,
        "LAT_M": 30,
        "LAT_S": 4.03,
        "LONGITUD": -103.5635527777778,
        "LATITUD": 25.50111944444444,
        "CVE_ACUIF": "0523",
        "NOM_ACUIF": "PRINCIPAL-REGION LAGUNERA",
        "CT_POZO": "NO",
        "DISEÑO_PE": "NO",
        "CORTE_LIT": "NO",
        "REG_ELEC": "NO",
        "INF_PERF": "NO",
        "REG_AFORO": "NO",
        "ANAL_AGUA": "NO",
        "CROQUIS": "SI",
        "TIPO_INF": "CROQUIS",
        "HGQ": "NO",
        "URL": "https://sigagis.conagua.gob.mx/t_infbasica/INVENTARIO/10 DURANGO/PDF/10_0016.pdf",
        "NOM_EDO_OFICIAL": "DURANGO",
        "CVE_ACUIF_STR": "0523"
      }
    },
    {
      "type": "Feature",
      "geometry": {
        "type": "Point",
        "coordinates": [
          -103.6144583333333,
          25.50609166666667
        ]
      },
      "properties": {
        "fid": 57,
        "CVE_LGJO": "10_0016",
        "CVE_POZO": "POZO 3 SAHOP",
        "TIT_LGJO": "VILLA JUÁREZ 1  COAHUILA-DURANGO",
        "CVE_EDO": "10",
        "CVE_MPIO": "10012",
        "AÑO": "1984",
        "DESC": "INF. FINAL CONTIENE CONTROL DE PERFORACIONES,  CORTE LITOLÓGICO,  CROQUIS DE LOCALIZACIÓN  Y GRÁFICA DE PENETRACIÓN.",
        "LONG_G": 103,
        "LONG_M": 36,
        "LONG_S": 52.05,
        "LAT_G": 25,
        "LAT_M": 30,
        "LAT_S": 21.93,
        "LONGITUD": -103.6144583333333,
        "LATITUD": 25.50609166666667,
        "CVE_ACUIF": "0523",
        "NOM_ACUIF": "PRINCIPAL-REGION LAGUNERA",
        "CT_POZO": "NO",
        "DISEÑO_PE": "NO",
        "CORTE_LIT": "NO",
        "REG_ELEC": "NO",
        "INF_PERF": "NO",
        "REG_AFORO": "NO",
        "ANAL_AGUA": "NO",
        "CROQUIS": "SI",
        "TIPO_INF": "CROQUIS",
        "HGQ": "NO",
        "URL": "https://sigagis.conagua.gob.mx/t_infbasica/INVENTARIO/10 DURANGO/PDF/10_0016.pdf",
        "NOM_EDO_OFICIAL": "DURANGO",
        "CVE_ACUIF_STR": "0523"
      }
    },
    {
      "type": "Feature",
      "geometry": {
        "type": "Point",
        "coordinates": [
          -103.5758027777778,
          25.50570555555555
        ]
      },
      "properties": {
        "fid": 58,
        "CVE_LGJO": "10_0016",
        "CVE_POZO": "POZO 5 CFE",
        "TIT_LGJO": "POZOS ÁREA DE VILLA JUÁREZ",
        "CVE_EDO": "10",
        "CVE_MPIO": "10012",
        "AÑO": "1984",
        "DESC": "INF. FINAL CONTIENE CONTROL DE PERFORACIONES,  CORTE LITOLÓGICO,  CROQUIS DE LOCALIZACIÓN  Y GRÁFICA DE PENETRACIÓN.",
        "LONG_G": 103,
        "LONG_M": 34,
        "LONG_S": 32.89,
        "LAT_G": 25,
        "LAT_M": 30,
        "LAT_S": 20.54,
        "LONGITUD": -103.5758027777778,
        "LATITUD": 25.50570555555555,
        "CVE_ACUIF": "0523",
        "NOM_ACUIF": "PRINCIPAL-REGION LAGUNERA",
        "CT_POZO": "NO",
        "DISEÑO_PE": "NO",
        "CORTE_LIT": "NO",
        "REG_ELEC": "NO",
        "INF_PERF": "NO",
        "REG_AFORO": "NO",
        "ANAL_AGUA": "NO",
        "CROQUIS": "SI",
        "TIPO_INF": "CROQUIS",
        "HGQ": "NO",
        "URL": "https://sigagis.conagua.gob.mx/t_infbasica/INVENTARIO/10 DURANGO/PDF/10_0016.pdf",
        "NOM_EDO_OFICIAL": "DURANGO",
        "CVE_ACUIF_STR": "0523"
      }
    },
    {
      "type": "Feature",
      "geometry": {
        "type": "Point",
        "coordinates": [
          -103.5753583333333,
          25.50070555555556
        ]
      },
      "properties": {
        "fid": 59,
        "CVE_LGJO": "10_0016",
        "CVE_POZO": "POZO 6 CFE",
        "TIT_LGJO": "POZOS ÁREA DE VILLA JUÁREZ",
        "CVE_EDO": "10",
        "CVE_MPIO": "10012",
        "AÑO": "1984",
        "DESC": "INF. FINAL CONTIENE CONTROL DE PERFORACIONES,  CORTE LITOLÓGICO,  CROQUIS DE LOCALIZACIÓN  Y GRÁFICA DE PENETRACIÓN.",
        "LONG_G": 103,
        "LONG_M": 34,
        "LONG_S": 31.29,
        "LAT_G": 25,
        "LAT_M": 30,
        "LAT_S": 2.54,
        "LONGITUD": -103.5753583333333,
        "LATITUD": 25.50070555555556,
        "CVE_ACUIF": "0523",
        "NOM_ACUIF": "PRINCIPAL-REGION LAGUNERA",
        "CT_POZO": "NO",
        "DISEÑO_PE": "NO",
        "CORTE_LIT": "NO",
        "REG_ELEC": "NO",
        "INF_PERF": "NO",
        "REG_AFORO": "NO",
        "ANAL_AGUA": "NO",
        "CROQUIS": "SI",
        "TIPO_INF": "CROQUIS",
        "HGQ": "NO",
        "URL": "https://sigagis.conagua.gob.mx/t_infbasica/INVENTARIO/10 DURANGO/PDF/10_0016.pdf",
        "NOM_EDO_OFICIAL": "DURANGO",
        "CVE_ACUIF_STR": "0523"
      }
    },
    {
      "type": "Feature",
      "geometry": {
        "type": "Point",
        "coordinates": [
          -103.5764472222222,
          25.49401111111111
        ]
      },
      "properties": {
        "fid": 60,
        "CVE_LGJO": "10_0016",
        "CVE_POZO": "POZO 7 CFE",
        "TIT_LGJO": "POZOS ÁREA DE VILLA JUÁREZ",
        "CVE_EDO": "10",
        "CVE_MPIO": "10012",
        "AÑO": "1984",
        "DESC": "INF. FINAL CONTIENE CONTROL DE PERFORACIONES,  CORTE LITOLÓGICO,  CROQUIS DE LOCALIZACIÓN  Y GRÁFICA DE PENETRACIÓN.",
        "LONG_G": 103,
        "LONG_M": 34,
        "LONG_S": 35.21,
        "LAT_G": 25,
        "LAT_M": 29,
        "LAT_S": 38.44,
        "LONGITUD": -103.5764472222222,
        "LATITUD": 25.49401111111111,
        "CVE_ACUIF": "0523",
        "NOM_ACUIF": "PRINCIPAL-REGION LAGUNERA",
        "CT_POZO": "NO",
        "DISEÑO_PE": "NO",
        "CORTE_LIT": "NO",
        "REG_ELEC": "NO",
        "INF_PERF": "NO",
        "REG_AFORO": "NO",
        "ANAL_AGUA": "NO",
        "CROQUIS": "SI",
        "TIPO_INF": "CROQUIS",
        "HGQ": "NO",
        "URL": "https://sigagis.conagua.gob.mx/t_infbasica/INVENTARIO/10 DURANGO/PDF/10_0016.pdf",
        "NOM_EDO_OFICIAL": "DURANGO",
        "CVE_ACUIF_STR": "0523"
      }
    },
    {
      "type": "Feature",
      "geometry": {
        "type": "Point",
        "coordinates": [
          -103.5859861111111,
          25.50333611111111
        ]
      },
      "properties": {
        "fid": 61,
        "CVE_LGJO": "10_0016",
        "CVE_POZO": "POZO 8 CFE",
        "TIT_LGJO": "POZOS ÁREA DE VILLA JUÁREZ",
        "CVE_EDO": "10",
        "CVE_MPIO": "10012",
        "AÑO": "1984",
        "DESC": "INF. FINAL CONTIENE CONTROL DE PERFORACIONES,  CORTE LITOLÓGICO,  CROQUIS DE LOCALIZACIÓN  Y GRÁFICA DE PENETRACIÓN.",
        "LONG_G": 103,
        "LONG_M": 35,
        "LONG_S": 9.55,
        "LAT_G": 25,
        "LAT_M": 30,
        "LAT_S": 12.01,
        "LONGITUD": -103.5859861111111,
        "LATITUD": 25.50333611111111,
        "CVE_ACUIF": "0523",
        "NOM_ACUIF": "PRINCIPAL-REGION LAGUNERA",
        "CT_POZO": "NO",
        "DISEÑO_PE": "NO",
        "CORTE_LIT": "NO",
        "REG_ELEC": "NO",
        "INF_PERF": "NO",
        "REG_AFORO": "NO",
        "ANAL_AGUA": "NO",
        "CROQUIS": "SI",
        "TIPO_INF": "CROQUIS",
        "HGQ": "NO",
        "URL": "https://sigagis.conagua.gob.mx/t_infbasica/INVENTARIO/10 DURANGO/PDF/10_0016.pdf",
        "NOM_EDO_OFICIAL": "DURANGO",
        "CVE_ACUIF_STR": "0523"
      }
    },
    {
      "type": "Feature",
      "geometry": {
        "type": "Point",
        "coordinates": [
          -103.5932361111111,
          25.5033
        ]
      },
      "properties": {
        "fid": 62,
        "CVE_LGJO": "10_0016",
        "CVE_POZO": "POZO 9 CFE",
        "TIT_LGJO": "POZOS ÁREA DE VILLA JUÁREZ",
        "CVE_EDO": "10",
        "CVE_MPIO": "10012",
        "AÑO": "1984",
        "DESC": "INF. FINAL CONTIENE CONTROL DE PERFORACIONES,  CORTE LITOLÓGICO,  CROQUIS DE LOCALIZACIÓN  Y GRÁFICA DE PENETRACIÓN.",
        "LONG_G": 103,
        "LONG_M": 35,
        "LONG_S": 35.65,
        "LAT_G": 25,
        "LAT_M": 30,
        "LAT_S": 11.88,
        "LONGITUD": -103.5932361111111,
        "LATITUD": 25.5033,
        "CVE_ACUIF": "0523",
        "NOM_ACUIF": "PRINCIPAL-REGION LAGUNERA",
        "CT_POZO": "NO",
        "DISEÑO_PE": "NO",
        "CORTE_LIT": "NO",
        "REG_ELEC": "NO",
        "INF_PERF": "NO",
        "REG_AFORO": "NO",
        "ANAL_AGUA": "NO",
        "CROQUIS": "SI",
        "TIPO_INF": "CROQUIS",
        "HGQ": "NO",
        "URL": "https://sigagis.conagua.gob.mx/t_infbasica/INVENTARIO/10 DURANGO/PDF/10_0016.pdf",
        "NOM_EDO_OFICIAL": "DURANGO",
        "CVE_ACUIF_STR": "0523"
      }
    },
    {
      "type": "Feature",
      "geometry": {
        "type": "Point",
        "coordinates": [
          -103.5847222222222,
          25.50472222222222
        ]
      },
      "properties": {
        "fid": 63,
        "CVE_LGJO": "10_0017",
        "CVE_POZO": "PDGOECL84-02",
        "NOMB_POZO": "VILLA DE JUÁREZ NO. 2",
        "TIT_LGJO": "VILLA JUÁREZ 2  COAHUILA-DURANGO",
        "CVE_EDO": "10",
        "CVE_MPIO": "10012",
        "AÑO": "1984",
        "DESC": "INF. FINAL CONTIENE CONTROL DE PERFORACIONES,  GRÁFICA DE PENETRACIÓN  Y CROQUIS DE LOCALIZACIÓN.",
        "LONG_G": 103,
        "LONG_M": 35,
        "LONG_S": 5,
        "LAT_G": 25,
        "LAT_M": 30,
        "LAT_S": 17,
        "LONGITUD": -103.5847222222222,
        "LATITUD": 25.50472222222222,
        "CVE_ACUIF": "0523",
        "NOM_ACUIF": "PRINCIPAL-REGION LAGUNERA",
        "CT_POZO": "SI",
        "DISEÑO_PE": "NO",
        "CORTE_LIT": "SI",
        "REG_ELEC": "NO",
        "INF_PERF": "NO",
        "REG_AFORO": "NO",
        "ANAL_AGUA": "NO",
        "CROQUIS": "SI",
        "TIPO_INF": "HIDROGEOLÓGICA",
        "PROF_TOT_m": 62.15,
        "HGQ": "NO",
        "F_INICIO": "30837",
        "F_FINAL": 30847,
        "URL": "https://sigagis.conagua.gob.mx/t_infbasica/INVENTARIO/10 DURANGO/PDF/10_0017.pdf",
        "NOM_EDO_OFICIAL": "DURANGO",
        "CVE_ACUIF_STR": "0523"
      }
    },
    {
      "type": "Feature",
      "geometry": {
        "type": "Point",
        "coordinates": [
          -103.5763888888889,
          25.50638888888889
        ]
      },
      "properties": {
        "fid": 64,
        "CVE_LGJO": "10_0018",
        "CVE_POZO": "PDGOECL84-03",
        "NOMB_POZO": "VILLA DE JUÁREZ NO. 3",
        "TIT_LGJO": "VILLA JUÁREZ 3 COAHUILA-DURANGO",
        "CVE_EDO": "10",
        "CVE_MPIO": "10012",
        "AÑO": "1984",
        "DESC": "INF. FINAL CONTIENE CORTE LITOLÓGICO,  CONTROL DE PERFORACIONES,    CROQUIS DE LOCALIZACIÓN  Y GRÁFICA DE PENETRACIÓN.",
        "LONG_G": 103,
        "LONG_M": 34,
        "LONG_S": 35,
        "LAT_G": 25,
        "LAT_M": 30,
        "LAT_S": 23,
        "LONGITUD": -103.5763888888889,
        "LATITUD": 25.50638888888889,
        "CVE_ACUIF": "0523",
        "NOM_ACUIF": "PRINCIPAL-REGION LAGUNERA",
        "CT_POZO": "SI",
        "DISEÑO_PE": "NO",
        "CORTE_LIT": "SI",
        "REG_ELEC": "NO",
        "INF_PERF": "NO",
        "REG_AFORO": "NO",
        "ANAL_AGUA": "NO",
        "CROQUIS": "SI",
        "TIPO_INF": "HIDROGEOLÓGICA",
        "PROF_TOT_m": 62.15,
        "HGQ": "NO",
        "F_INICIO": "30858",
        "F_FINAL": 30862,
        "URL": "https://sigagis.conagua.gob.mx/t_infbasica/INVENTARIO/10 DURANGO/PDF/10_0018.pdf",
        "NOM_EDO_OFICIAL": "DURANGO",
        "CVE_ACUIF_STR": "0523"
      }
    },
    {
      "type": "Feature",
      "geometry": {
        "type": "Point",
        "coordinates": [
          -103.5633333333333,
          25.5025
        ]
      },
      "properties": {
        "fid": 65,
        "CVE_LGJO": "10_0019",
        "CVE_POZO": "PDGOECL84-04",
        "NOMB_POZO": "VILLA DE JUÁREZ NO. 4",
        "TIT_LGJO": "VILLA JUÁREZ 4 COAHUILA-DURANGO",
        "CVE_EDO": "10",
        "CVE_MPIO": "10012",
        "AÑO": "1984",
        "DESC": "INF. FINAL CONTIENE CORTE LITOLÓGICO,  CONTROL DE PERFORACIONES,    CROQUIS DE LOCALIZACIÓN  Y GRÁFICA DE PENETRACIÓN.",
        "LONG_G": 103,
        "LONG_M": 33,
        "LONG_S": 48,
        "LAT_G": 25,
        "LAT_M": 30,
        "LAT_S": 9,
        "LONGITUD": -103.5633333333333,
        "LATITUD": 25.5025,
        "CVE_ACUIF": "0523",
        "NOM_ACUIF": "PRINCIPAL-REGION LAGUNERA",
        "CT_POZO": "SI",
        "DISEÑO_PE": "NO",
        "CORTE_LIT": "SI",
        "REG_ELEC": "NO",
        "INF_PERF": "NO",
        "REG_AFORO": "NO",
        "ANAL_AGUA": "NO",
        "CROQUIS": "SI",
        "TIPO_INF": "HIDROGEOLÓGICA",
        "PROF_TOT_m": 62,
        "HGQ": "NO",
        "F_INICIO": "30875",
        "F_FINAL": 30880,
        "URL": "https://sigagis.conagua.gob.mx/t_infbasica/INVENTARIO/10 DURANGO/PDF/10_0019.pdf",
        "NOM_EDO_OFICIAL": "DURANGO",
        "CVE_ACUIF_STR": "0523"
      }
    },
    {
      "type": "Feature",
      "geometry": {
        "type": "Point",
        "coordinates": [
          -103.3555555555556,
          25.66805555555555
        ]
      },
      "properties": {
        "fid": 66,
        "CVE_LGJO": "10_0020",
        "CVE_POZO": "SIN ID",
        "TIT_LGJO": "EJIDO ALBIA  COAHUILA-DURANGO",
        "CVE_EDO": "10",
        "CVE_MPIO": "05035",
        "AÑO": "1985",
        "DESC": "DICTAMEN.",
        "LONG_G": 103,
        "LONG_M": 21,
        "LONG_S": 20,
        "LAT_G": 25,
        "LAT_M": 40,
        "LAT_S": 5,
        "LONGITUD": -103.3555555555556,
        "LATITUD": 25.66805555555555,
        "CVE_ACUIF": "0523",
        "NOM_ACUIF": "PRINCIPAL-REGION LAGUNERA",
        "CT_POZO": "NO",
        "DISEÑO_PE": "NO",
        "CORTE_LIT": "NO",
        "REG_ELEC": "NO",
        "INF_PERF": "NO",
        "REG_AFORO": "NO",
        "ANAL_AGUA": "NO",
        "CROQUIS": "SI",
        "TIPO_INF": "PROFUNDIDAD",
        "PROF_TOT_m": 250,
        "HGQ": "NO",
        "F_FINAL": 31181,
        "NE_M": 90,
        "ND_M": 108,
        "URL": "https://sigagis.conagua.gob.mx/t_infbasica/INVENTARIO/10 DURANGO/PDF/10_0020.pdf",
        "NOM_EDO_OFICIAL": "DURANGO",
        "CVE_ACUIF_STR": "0523"
      }
    },
    {
      "type": "Feature",
      "geometry": {
        "type": "Point",
        "coordinates": [
          -103.6666666666667,
          25.53333333333333
        ]
      },
      "properties": {
        "fid": 67,
        "CVE_LGJO": "10_0021",
        "CVE_POZO": "PDGOECL85-01",
        "NOMB_POZO": "LEÓN GUZMÁN (EL PAVO)",
        "TIT_LGJO": "HOJA DE CONTROL DE AVANCE Y TERMINACIÓN DEL POZO PDGOECL85-01, LOCALIDAD DE EJIDO LEÓN GUZMÁN, MPIO. DE LERDO, EDO. DE DURANGO",
        "CVE_EDO": "10",
        "CVE_MPIO": "10012",
        "AÑO": "1985",
        "DESC": "HOJA DE CONTROL DE AVANCE Y TERMINACIÓN DEL POZO",
        "LONG_G": 103,
        "LONG_M": 40,
        "LAT_G": 25,
        "LAT_M": 32,
        "LONGITUD": -103.6666666666667,
        "LATITUD": 25.53333333333333,
        "CVE_ACUIF": "0523",
        "NOM_ACUIF": "PRINCIPAL-REGION LAGUNERA",
        "CT_POZO": "NO",
        "DISEÑO_PE": "NO",
        "CORTE_LIT": "NO",
        "REG_ELEC": "NO",
        "INF_PERF": "SI",
        "REG_AFORO": "NO",
        "ANAL_AGUA": "NO",
        "CROQUIS": "NO",
        "TIPO_INF": "PROFUNDIDAD",
        "PROF_TOT_m": 197,
        "PROF_REG_m": 194,
        "HGQ": "NO",
        "F_INICIO": "31079",
        "F_FINAL": 31155,
        "NE_M": 32,
        "ALTITUD_ms": 1035,
        "URL": "https://sigagis.conagua.gob.mx/t_infbasica/INVENTARIO/10 DURANGO/PDF/10_0021.pdf",
        "NOM_EDO_OFICIAL": "DURANGO",
        "CVE_ACUIF_STR": "0523"
      }
    },
    {
      "type": "Feature",
      "geometry": {
        "type": "Point",
        "coordinates": [
          -103.3877777777778,
          26.04638888888889
        ]
      },
      "properties": {
        "fid": 68,
        "CVE_LGJO": "10_0024",
        "CVE_POZO": "SIN ID",
        "TIT_LGJO": "PERFORACIÓN DE 5 POZOS EXPLORATORIOS  COAHUILA-DURANGO",
        "CVE_EDO": "10",
        "CVE_MPIO": "10086",
        "AÑO": "1993",
        "DESC": "INFORME DE LA PERFORACIÓN.",
        "LONG_G": 103,
        "LONG_M": 23,
        "LONG_S": 16,
        "LAT_G": 26,
        "LAT_M": 2,
        "LAT_S": 47,
        "LONGITUD": -103.3877777777778,
        "LATITUD": 26.04638888888889,
        "CVE_ACUIF": "0523",
        "NOM_ACUIF": "PRINCIPAL-REGION LAGUNERA",
        "CT_POZO": "NO",
        "DISEÑO_PE": "NO",
        "CORTE_LIT": "NO",
        "REG_ELEC": "NO",
        "INF_PERF": "NO",
        "REG_AFORO": "NO",
        "ANAL_AGUA": "NO",
        "CROQUIS": "SI",
        "TIPO_INF": "CROQUIS",
        "HGQ": "NO",
        "F_FINAL": 34054,
        "URL": "https://sigagis.conagua.gob.mx/t_infbasica/INVENTARIO/10 DURANGO/PDF/10_0024.pdf",
        "NOM_EDO_OFICIAL": "DURANGO",
        "CVE_ACUIF_STR": "0523"
      }
    },
    {
      "type": "Feature",
      "geometry": {
        "type": "Point",
        "coordinates": [
          -103.6194444444445,
          25.90027777777778
        ]
      },
      "properties": {
        "fid": 69,
        "CVE_LGJO": "10_0024",
        "CVE_POZO": "SIN ID",
        "TIT_LGJO": "PERFORACIÓN DE 5 POZOS EXPLORATORIOS  COAHUILA-DURANGO",
        "CVE_EDO": "10",
        "CVE_MPIO": "10013",
        "AÑO": "1993",
        "DESC": "INFORME DE LA PERFORACIÓN.",
        "LONG_G": 103,
        "LONG_M": 37,
        "LONG_S": 10,
        "LAT_G": 25,
        "LAT_M": 54,
        "LAT_S": 1,
        "LONGITUD": -103.6194444444445,
        "LATITUD": 25.90027777777778,
        "CVE_ACUIF": "0523",
        "NOM_ACUIF": "PRINCIPAL-REGION LAGUNERA",
        "CT_POZO": "NO",
        "DISEÑO_PE": "NO",
        "CORTE_LIT": "NO",
        "REG_ELEC": "NO",
        "INF_PERF": "NO",
        "REG_AFORO": "NO",
        "ANAL_AGUA": "NO",
        "CROQUIS": "SI",
        "TIPO_INF": "CROQUIS",
        "HGQ": "NO",
        "F_FINAL": 34054,
        "URL": "https://sigagis.conagua.gob.mx/t_infbasica/INVENTARIO/10 DURANGO/PDF/10_0024.pdf",
        "NOM_EDO_OFICIAL": "DURANGO",
        "CVE_ACUIF_STR": "0523"
      }
    },
    {
      "type": "Feature",
      "geometry": {
        "type": "Point",
        "coordinates": [
          -103.1358333333333,
          25.79111111111111
        ]
      },
      "properties": {
        "fid": 70,
        "CVE_LGJO": "10_0024",
        "CVE_POZO": "SIN ID",
        "TIT_LGJO": "PERFORACIÓN DE 5 POZOS EXPLORATORIOS  COAHUILA-DURANGO",
        "CVE_EDO": "10",
        "CVE_MPIO": "05033",
        "AÑO": "1993",
        "DESC": "INFORME DE LA PERFORACIÓN.",
        "LONG_G": 103,
        "LONG_M": 8,
        "LONG_S": 9,
        "LAT_G": 25,
        "LAT_M": 47,
        "LAT_S": 28,
        "LONGITUD": -103.1358333333333,
        "LATITUD": 25.79111111111111,
        "CVE_ACUIF": "0523",
        "NOM_ACUIF": "PRINCIPAL-REGION LAGUNERA",
        "CT_POZO": "NO",
        "DISEÑO_PE": "NO",
        "CORTE_LIT": "NO",
        "REG_ELEC": "NO",
        "INF_PERF": "NO",
        "REG_AFORO": "NO",
        "ANAL_AGUA": "NO",
        "CROQUIS": "SI",
        "TIPO_INF": "CROQUIS",
        "HGQ": "NO",
        "F_FINAL": 34054,
        "URL": "https://sigagis.conagua.gob.mx/t_infbasica/INVENTARIO/10 DURANGO/PDF/10_0024.pdf",
        "NOM_EDO_OFICIAL": "DURANGO",
        "CVE_ACUIF_STR": "0523"
      }
    },
    {
      "type": "Feature",
      "geometry": {
        "type": "Point",
        "coordinates": [
          -103.4305555555556,
          25.62083333333333
        ]
      },
      "properties": {
        "fid": 71,
        "CVE_LGJO": "10_0024",
        "CVE_POZO": "SIN ID",
        "TIT_LGJO": "PERFORACIÓN DE 5 POZOS EXPLORATORIOS  COAHUILA-DURANGO",
        "CVE_EDO": "10",
        "CVE_MPIO": "10007",
        "AÑO": "1993",
        "DESC": "INFORME DE LA PERFORACIÓN.",
        "LONG_G": 103,
        "LONG_M": 25,
        "LONG_S": 50,
        "LAT_G": 25,
        "LAT_M": 37,
        "LAT_S": 15,
        "LONGITUD": -103.4305555555556,
        "LATITUD": 25.62083333333333,
        "CVE_ACUIF": "0523",
        "NOM_ACUIF": "PRINCIPAL-REGION LAGUNERA",
        "CT_POZO": "NO",
        "DISEÑO_PE": "NO",
        "CORTE_LIT": "NO",
        "REG_ELEC": "NO",
        "INF_PERF": "NO",
        "REG_AFORO": "NO",
        "ANAL_AGUA": "NO",
        "CROQUIS": "SI",
        "TIPO_INF": "CROQUIS",
        "HGQ": "NO",
        "F_FINAL": 34054,
        "URL": "https://sigagis.conagua.gob.mx/t_infbasica/INVENTARIO/10 DURANGO/PDF/10_0024.pdf",
        "NOM_EDO_OFICIAL": "DURANGO",
        "CVE_ACUIF_STR": "0523"
      }
    },
    {
      "type": "Feature",
      "geometry": {
        "type": "Point",
        "coordinates": [
          -103.2327388888889,
          25.50676944444444
        ]
      },
      "properties": {
        "fid": 72,
        "CVE_LGJO": "10_0024",
        "CVE_POZO": "SIN ID",
        "TIT_LGJO": "PERFORACIÓN DE 5 POZOS EXPLORATORIOS  COAHUILA-DURANGO",
        "CVE_EDO": "10",
        "CVE_MPIO": "05017",
        "AÑO": "1993",
        "DESC": "INFORME DE LA PERFORACIÓN.",
        "LONG_G": 103,
        "LONG_M": 13,
        "LONG_S": 57.86,
        "LAT_G": 25,
        "LAT_M": 30,
        "LAT_S": 24.37,
        "LONGITUD": -103.2327388888889,
        "LATITUD": 25.50676944444444,
        "CVE_ACUIF": "0523",
        "NOM_ACUIF": "PRINCIPAL-REGION LAGUNERA",
        "CT_POZO": "NO",
        "DISEÑO_PE": "NO",
        "CORTE_LIT": "NO",
        "REG_ELEC": "NO",
        "INF_PERF": "NO",
        "REG_AFORO": "NO",
        "ANAL_AGUA": "NO",
        "CROQUIS": "SI",
        "TIPO_INF": "CROQUIS",
        "HGQ": "NO",
        "F_FINAL": 34054,
        "URL": "https://sigagis.conagua.gob.mx/t_infbasica/INVENTARIO/10 DURANGO/PDF/10_0024.pdf",
        "NOM_EDO_OFICIAL": "DURANGO",
        "CVE_ACUIF_STR": "0523"
      }
    },
    {
      "type": "Feature",
      "geometry": {
        "type": "Point",
        "coordinates": [
          -103.51948,
          25.59212
        ]
      },
      "properties": {
        "fid": 73,
        "CVE_LGJO": "10_0025",
        "CVE_POZO": "POZO 17 (A1990)",
        "TIT_LGJO": "GEOHIDROLOGÍA DE LA LAGUNA (I Y II ETAPA), REALIZADA POR EL IMTA",
        "CVE_EDO": "10",
        "CVE_MPIO": "10007",
        "AÑO": "1993",
        "DESC": "POZO SELECCIONADO (I Y II ETAPA ) EN LA INVESTIGACIÓN PARA CARACTERIZAR HIDROQUÍMICAMENTE DE LA ZONA \"LA LAGUNA\", DEGRADA POR CONCENTRACIONES ELEVADAS DE ARSÉNICO, MOSTRANDO UN DETERIORO EN SU CALIDAD FÍSICO-QUÍMICA.",
        "LONG_G": 103,
        "LONG_M": 31,
        "LONG_S": 10.13,
        "LAT_G": 25,
        "LAT_M": 35,
        "LAT_S": 31.63,
        "LONGITUD": -103.51948,
        "LATITUD": 25.59212,
        "CVE_ACUIF": "0523",
        "NOM_ACUIF": "PRINCIPAL-REGION LAGUNERA",
        "CT_POZO": "NO",
        "DISEÑO_PE": "NO",
        "CORTE_LIT": "NO",
        "REG_ELEC": "NO",
        "INF_PERF": "NO",
        "REG_AFORO": "NO",
        "ANAL_AGUA": "SI",
        "CROQUIS": "SI",
        "TIPO_INF": "HIDROGEOQUÍMICO",
        "HGQ": "SI",
        "NE_M": 60.96,
        "TEMP_°C": "28",
        "POT_H_s/u": "6.9",
        "CE_Us/cm": "900",
        "As_mg/L": "0.0167",
        "URL": "https://sigagis.conagua.gob.mx/t_infbasica/INVENTARIO/10 DURANGO/PDF/10_0025.pdf",
        "NOM_EDO_OFICIAL": "DURANGO",
        "CVE_ACUIF_STR": "0523"
      }
    },
    {
      "type": "Feature",
      "geometry": {
        "type": "Point",
        "coordinates": [
          -103.51948,
          25.59212
        ]
      },
      "properties": {
        "fid": 74,
        "CVE_LGJO": "10_0025",
        "CVE_POZO": "POZO 17 (A1993)",
        "TIT_LGJO": "GEOHIDROLOGÍA DE LA LAGUNA, REALIZADA POR EL IMTA",
        "CVE_EDO": "10",
        "CVE_MPIO": "10007",
        "AÑO": "1993",
        "DESC": "POZO SELECCIONADO EN LA INVESTIGACIÓN PARA CARACTERIZAR HIDROQUÍMICAMENTE DE LA ZONA \"LA LAGUNA\", DEGRADA POR CONCENTRACIONES ELEVADAS DE ARSÉNICO, MOSTRANDO UN DETERIORO EN SU CALIDAD FÍSICO-QUÍMICA.",
        "LONG_G": 103,
        "LONG_M": 31,
        "LONG_S": 10.13,
        "LAT_G": 25,
        "LAT_M": 35,
        "LAT_S": 31.63,
        "LONGITUD": -103.51948,
        "LATITUD": 25.59212,
        "CVE_ACUIF": "0523",
        "NOM_ACUIF": "PRINCIPAL-REGION LAGUNERA",
        "CT_POZO": "NO",
        "DISEÑO_PE": "NO",
        "CORTE_LIT": "NO",
        "REG_ELEC": "NO",
        "INF_PERF": "NO",
        "REG_AFORO": "NO",
        "ANAL_AGUA": "SI",
        "CROQUIS": "SI",
        "TIPO_INF": "HIDROGEOQUÍMICO",
        "HGQ": "SI",
        "NE_M": 60.96,
        "TEMP_°C": "27.6",
        "POT_H_s/u": "7.1",
        "CE_Us/cm": "797",
        "As_mg/L": "0.0067",
        "URL": "https://sigagis.conagua.gob.mx/t_infbasica/INVENTARIO/10 DURANGO/PDF/10_0025.pdf",
        "NOM_EDO_OFICIAL": "DURANGO",
        "CVE_ACUIF_STR": "0523"
      }
    },
    {
      "type": "Feature",
      "geometry": {
        "type": "Point",
        "coordinates": [
          -103.5300305555556,
          25.59951111111111
        ]
      },
      "properties": {
        "fid": 75,
        "CVE_LGJO": "10_0025",
        "CVE_POZO": "POZO 18",
        "TIT_LGJO": "GEOHIDROLOGÍA DE LA LAGUNA, REALIZADA POR EL IMTA",
        "CVE_EDO": "10",
        "CVE_MPIO": "10007",
        "AÑO": "1993",
        "DESC": "POZO DE LA ZONA \"LA LAGUNA\".",
        "LONG_G": 103,
        "LONG_M": 31,
        "LONG_S": 48.11,
        "LAT_G": 25,
        "LAT_M": 35,
        "LAT_S": 58.24,
        "LONGITUD": -103.5300305555556,
        "LATITUD": 25.59951111111111,
        "CVE_ACUIF": "0523",
        "NOM_ACUIF": "PRINCIPAL-REGION LAGUNERA",
        "CT_POZO": "NO",
        "DISEÑO_PE": "NO",
        "CORTE_LIT": "NO",
        "REG_ELEC": "NO",
        "INF_PERF": "NO",
        "REG_AFORO": "NO",
        "ANAL_AGUA": "NO",
        "CROQUIS": "SI",
        "TIPO_INF": "CROQUIS",
        "HGQ": "NO",
        "URL": "https://sigagis.conagua.gob.mx/t_infbasica/INVENTARIO/10 DURANGO/PDF/10_0025.pdf",
        "NOM_EDO_OFICIAL": "DURANGO",
        "CVE_ACUIF_STR": "0523"
      }
    },
    {
      "type": "Feature",
      "geometry": {
        "type": "Point",
        "coordinates": [
          -103.5387,
          25.63606944444444
        ]
      },
      "properties": {
        "fid": 76,
        "CVE_LGJO": "10_0025",
        "CVE_POZO": "POZO 36 (A1990)",
        "NOMB_POZO": "PREDIO EL VERGEL",
        "TIT_LGJO": "GEOHIDROLOGÍA DE LA LAGUNA (I Y II ETAPA), REALIZADA POR EL IMTA",
        "CVE_EDO": "10",
        "CVE_MPIO": "10007",
        "AÑO": "1993",
        "DESC": "POZO SELECCIONADO (I Y II ETAPA ) EN LA INVESTIGACIÓN PARA CARACTERIZAR HIDROQUÍMICAMENTE DE LA ZONA \"LA LAGUNA\", DEGRADA POR CONCENTRACIONES ELEVADAS DE ARSÉNICO, MOSTRANDO UN DETERIORO EN SU CALIDAD FÍSICO-QUÍMICA.",
        "LONG_G": 103,
        "LONG_M": 32,
        "LONG_S": 19.32,
        "LAT_G": 25,
        "LAT_M": 38,
        "LAT_S": 9.85,
        "LONGITUD": -103.5387,
        "LATITUD": 25.63606944444444,
        "CVE_ACUIF": "0523",
        "NOM_ACUIF": "PRINCIPAL-REGION LAGUNERA",
        "CT_POZO": "NO",
        "DISEÑO_PE": "NO",
        "CORTE_LIT": "SI",
        "REG_ELEC": "NO",
        "INF_PERF": "NO",
        "REG_AFORO": "NO",
        "ANAL_AGUA": "SI",
        "CROQUIS": "SI",
        "TIPO_INF": "PROFUNDIDAD",
        "PROF_TOT_m": 116.13,
        "HGQ": "SI",
        "LONG_COL_m": 55.47,
        "ADEME_pulg": 16,
        "TEMP_°C": "N.A.",
        "POT_H_s/u": "N.A.",
        "CE_Us/cm": "N.A.",
        "As_mg/L": "N.A.",
        "URL": "https://sigagis.conagua.gob.mx/t_infbasica/INVENTARIO/10 DURANGO/PDF/10_0025.pdf",
        "NOM_EDO_OFICIAL": "DURANGO",
        "CVE_ACUIF_STR": "0523"
      }
    },
    {
      "type": "Feature",
      "geometry": {
        "type": "Point",
        "coordinates": [
          -103.5387,
          25.63606944444444
        ]
      },
      "properties": {
        "fid": 77,
        "CVE_LGJO": "10_0025",
        "CVE_POZO": "POZO 36 (A1993)",
        "NOMB_POZO": "PREDIO EL VERGEL",
        "TIT_LGJO": "GEOHIDROLOGÍA DE LA LAGUNA, REALIZADA POR EL IMTA",
        "CVE_EDO": "10",
        "CVE_MPIO": "10007",
        "AÑO": "1993",
        "DESC": "POZO SELECCIONADO (III ETAPA ) EN LA INVESTIGACIÓN PARA CARACTERIZAR HIDROQUÍMICAMENTE DE LA ZONA \"LA LAGUNA\", DEGRADA POR CONCENTRACIONES ELEVADAS DE ARSÉNICO, MOSTRANDO UN DETERIORO EN SU CALIDAD FÍSICO-QUÍMICA.",
        "LONG_G": 103,
        "LONG_M": 32,
        "LONG_S": 19.32,
        "LAT_G": 25,
        "LAT_M": 38,
        "LAT_S": 9.85,
        "LONGITUD": -103.5387,
        "LATITUD": 25.63606944444444,
        "CVE_ACUIF": "0523",
        "NOM_ACUIF": "PRINCIPAL-REGION LAGUNERA",
        "CT_POZO": "NO",
        "DISEÑO_PE": "NO",
        "CORTE_LIT": "SI",
        "REG_ELEC": "NO",
        "INF_PERF": "NO",
        "REG_AFORO": "NO",
        "ANAL_AGUA": "SI",
        "CROQUIS": "SI",
        "TIPO_INF": "HIDROGEOQUÍMICO",
        "PROF_TOT_m": 116.13,
        "HGQ": "SI",
        "NE_M": 60.66,
        "Ca": 147.7388235294118,
        "Mg": 82.45666666666665,
        "Na": 187.2333333333333,
        "LONG_COL_m": 55.47,
        "ADEME_pulg": 16,
        "TEMP_°C": "24.4",
        "POT_H_s/u": "6.95",
        "CE_Us/cm": "2610",
        "As_mg/L": "8.8000000000000005E-3",
        "URL": "https://sigagis.conagua.gob.mx/t_infbasica/INVENTARIO/10 DURANGO/PDF/10_0025.pdf",
        "NOM_EDO_OFICIAL": "DURANGO",
        "CVE_ACUIF_STR": "0523"
      }
    },
    {
      "type": "Feature",
      "geometry": {
        "type": "Point",
        "coordinates": [
          -103.52213,
          25.67924
        ]
      },
      "properties": {
        "fid": 78,
        "CVE_LGJO": "10_0025",
        "CVE_POZO": "POZO 55",
        "TIT_LGJO": "GEOHIDROLOGÍA DE LA LAGUNA, REALIZADA POR EL IMTA",
        "CVE_EDO": "10",
        "CVE_MPIO": "10007",
        "AÑO": "1993",
        "DESC": "POZO DE LA ZONA \"LA LAGUNA\".",
        "LONG_G": 103,
        "LONG_M": 31,
        "LONG_S": 19.67,
        "LAT_G": 25,
        "LAT_M": 40,
        "LAT_S": 45.26,
        "LONGITUD": -103.52213,
        "LATITUD": 25.67924,
        "CVE_ACUIF": "0523",
        "NOM_ACUIF": "PRINCIPAL-REGION LAGUNERA",
        "CT_POZO": "NO",
        "DISEÑO_PE": "NO",
        "CORTE_LIT": "NO",
        "REG_ELEC": "NO",
        "INF_PERF": "NO",
        "REG_AFORO": "NO",
        "ANAL_AGUA": "NO",
        "CROQUIS": "SI",
        "TIPO_INF": "CROQUIS",
        "HGQ": "NO",
        "URL": "https://sigagis.conagua.gob.mx/t_infbasica/INVENTARIO/10 DURANGO/PDF/10_0025.pdf",
        "NOM_EDO_OFICIAL": "DURANGO",
        "CVE_ACUIF_STR": "0523"
      }
    },
    {
      "type": "Feature",
      "geometry": {
        "type": "Point",
        "coordinates": [
          -103.51325,
          25.66108888888889
        ]
      },
      "properties": {
        "fid": 79,
        "CVE_LGJO": "10_0025",
        "CVE_POZO": "POZO 104",
        "TIT_LGJO": "GEOHIDROLOGÍA DE LA LAGUNA, REALIZADA POR EL IMTA",
        "CVE_EDO": "10",
        "CVE_MPIO": "10007",
        "AÑO": "1993",
        "DESC": "POZO DE LA ZONA \"LA LAGUNA\".",
        "LONG_G": 103,
        "LONG_M": 30,
        "LONG_S": 47.7,
        "LAT_G": 25,
        "LAT_M": 39,
        "LAT_S": 39.92,
        "LONGITUD": -103.51325,
        "LATITUD": 25.66108888888889,
        "CVE_ACUIF": "0523",
        "NOM_ACUIF": "PRINCIPAL-REGION LAGUNERA",
        "CT_POZO": "NO",
        "DISEÑO_PE": "NO",
        "CORTE_LIT": "NO",
        "REG_ELEC": "NO",
        "INF_PERF": "NO",
        "REG_AFORO": "NO",
        "ANAL_AGUA": "NO",
        "CROQUIS": "SI",
        "TIPO_INF": "CROQUIS",
        "HGQ": "NO",
        "URL": "https://sigagis.conagua.gob.mx/t_infbasica/INVENTARIO/10 DURANGO/PDF/10_0025.pdf",
        "NOM_EDO_OFICIAL": "DURANGO",
        "CVE_ACUIF_STR": "0523"
      }
    },
    {
      "type": "Feature",
      "geometry": {
        "type": "Point",
        "coordinates": [
          -103.60884,
          25.71124
        ]
      },
      "properties": {
        "fid": 80,
        "CVE_LGJO": "10_0025",
        "CVE_POZO": "POZO 116 (A1993)",
        "TIT_LGJO": "GEOHIDROLOGÍA DE LA LAGUNA, REALIZADA POR EL IMTA",
        "CVE_EDO": "10",
        "CVE_MPIO": "10007",
        "AÑO": "1993",
        "DESC": "POZO SELECCIONADO EN LA INVESTIGACIÓN PARA CARACTERIZAR HIDROQUÍMICAMENTE DE LA ZONA \"LA LAGUNA\", DEGRADA POR CONCENTRACIONES ELEVADAS DE ARSÉNICO, MOSTRANDO UN DETERIORO EN SU CALIDAD FÍSICO-QUÍMICA.",
        "LONG_G": 103,
        "LONG_M": 36,
        "LONG_S": 31.82,
        "LAT_G": 25,
        "LAT_M": 42,
        "LAT_S": 40.46,
        "LONGITUD": -103.60884,
        "LATITUD": 25.71124,
        "CVE_ACUIF": "0523",
        "NOM_ACUIF": "PRINCIPAL-REGION LAGUNERA",
        "CT_POZO": "NO",
        "DISEÑO_PE": "NO",
        "CORTE_LIT": "NO",
        "REG_ELEC": "NO",
        "INF_PERF": "NO",
        "REG_AFORO": "NO",
        "ANAL_AGUA": "NO",
        "CROQUIS": "SI",
        "TIPO_INF": "PROFUNDIDAD",
        "HGQ": "SI",
        "NE_M": 70.71,
        "URL": "https://sigagis.conagua.gob.mx/t_infbasica/INVENTARIO/10 DURANGO/PDF/10_0025.pdf",
        "NOM_EDO_OFICIAL": "DURANGO",
        "CVE_ACUIF_STR": "0523"
      }
    },
    {
      "type": "Feature",
      "geometry": {
        "type": "Point",
        "coordinates": [
          -103.51905,
          25.78266
        ]
      },
      "properties": {
        "fid": 81,
        "CVE_LGJO": "10_0025",
        "CVE_POZO": "POZO 158 (A1993)",
        "TIT_LGJO": "GEOHIDROLOGÍA DE LA LAGUNA, REALIZADA POR EL IMTA",
        "CVE_EDO": "10",
        "CVE_MPIO": "10007",
        "AÑO": "1993",
        "DESC": "POZO SELECCIONADO EN LA INVESTIGACIÓN PARA CARACTERIZAR HIDROQUÍMICAMENTE DE LA ZONA \"LA LAGUNA\", DEGRADA POR CONCENTRACIONES ELEVADAS DE ARSÉNICO, MOSTRANDO UN DETERIORO EN SU CALIDAD FÍSICO-QUÍMICA.",
        "LONG_G": 103,
        "LONG_M": 31,
        "LONG_S": 8.58,
        "LAT_G": 25,
        "LAT_M": 46,
        "LAT_S": 57.58,
        "LONGITUD": -103.51905,
        "LATITUD": 25.78266,
        "CVE_ACUIF": "0523",
        "NOM_ACUIF": "PRINCIPAL-REGION LAGUNERA",
        "CT_POZO": "NO",
        "DISEÑO_PE": "NO",
        "CORTE_LIT": "NO",
        "REG_ELEC": "NO",
        "INF_PERF": "NO",
        "REG_AFORO": "NO",
        "ANAL_AGUA": "NO",
        "CROQUIS": "SI",
        "TIPO_INF": "PROFUNDIDAD",
        "HGQ": "SI",
        "NE_M": 84.12,
        "URL": "https://sigagis.conagua.gob.mx/t_infbasica/INVENTARIO/10 DURANGO/PDF/10_0025.pdf",
        "NOM_EDO_OFICIAL": "DURANGO",
        "CVE_ACUIF_STR": "0523"
      }
    },
    {
      "type": "Feature",
      "geometry": {
        "type": "Point",
        "coordinates": [
          -103.60046,
          25.65878
        ]
      },
      "properties": {
        "fid": 82,
        "CVE_LGJO": "10_0025",
        "CVE_POZO": "POZO 186",
        "TIT_LGJO": "GEOHIDROLOGÍA DE LA LAGUNA, REALIZADA POR EL IMTA",
        "CVE_EDO": "10",
        "CVE_MPIO": "10007",
        "AÑO": "1993",
        "DESC": "POZO DE LA ZONA \"LA LAGUNA\".",
        "LONG_G": 103,
        "LONG_M": 36,
        "LONG_S": 1.66,
        "LAT_G": 25,
        "LAT_M": 39,
        "LAT_S": 31.61,
        "LONGITUD": -103.60046,
        "LATITUD": 25.65878,
        "CVE_ACUIF": "0523",
        "NOM_ACUIF": "PRINCIPAL-REGION LAGUNERA",
        "CT_POZO": "NO",
        "DISEÑO_PE": "NO",
        "CORTE_LIT": "NO",
        "REG_ELEC": "NO",
        "INF_PERF": "NO",
        "REG_AFORO": "NO",
        "ANAL_AGUA": "NO",
        "CROQUIS": "SI",
        "TIPO_INF": "CROQUIS",
        "HGQ": "NO",
        "URL": "https://sigagis.conagua.gob.mx/t_infbasica/INVENTARIO/10 DURANGO/PDF/10_0025.pdf",
        "NOM_EDO_OFICIAL": "DURANGO",
        "CVE_ACUIF_STR": "0523"
      }
    },
    {
      "type": "Feature",
      "geometry": {
        "type": "Point",
        "coordinates": [
          -103.5590888888889,
          25.67433055555556
        ]
      },
      "properties": {
        "fid": 83,
        "CVE_LGJO": "10_0025",
        "CVE_POZO": "POZO 200",
        "TIT_LGJO": "GEOHIDROLOGÍA DE LA LAGUNA, REALIZADA POR EL IMTA",
        "CVE_EDO": "10",
        "CVE_MPIO": "10007",
        "AÑO": "1993",
        "DESC": "POZO DE LA ZONA \"LA LAGUNA\".",
        "LONG_G": 103,
        "LONG_M": 33,
        "LONG_S": 32.72,
        "LAT_G": 25,
        "LAT_M": 40,
        "LAT_S": 27.59,
        "LONGITUD": -103.5590888888889,
        "LATITUD": 25.67433055555556,
        "CVE_ACUIF": "0523",
        "NOM_ACUIF": "PRINCIPAL-REGION LAGUNERA",
        "CT_POZO": "NO",
        "DISEÑO_PE": "NO",
        "CORTE_LIT": "NO",
        "REG_ELEC": "NO",
        "INF_PERF": "NO",
        "REG_AFORO": "NO",
        "ANAL_AGUA": "NO",
        "CROQUIS": "SI",
        "TIPO_INF": "CROQUIS",
        "HGQ": "NO",
        "URL": "https://sigagis.conagua.gob.mx/t_infbasica/INVENTARIO/10 DURANGO/PDF/10_0025.pdf",
        "NOM_EDO_OFICIAL": "DURANGO",
        "CVE_ACUIF_STR": "0523"
      }
    },
    {
      "type": "Feature",
      "geometry": {
        "type": "Point",
        "coordinates": [
          -103.47294,
          25.57819
        ]
      },
      "properties": {
        "fid": 84,
        "CVE_LGJO": "10_0025",
        "CVE_POZO": "POZO 233",
        "TIT_LGJO": "GEOHIDROLOGÍA DE LA LAGUNA, REALIZADA POR EL IMTA",
        "CVE_EDO": "10",
        "CVE_MPIO": "10007",
        "AÑO": "1993",
        "DESC": "POZO DE LA ZONA \"LA LAGUNA\".",
        "LONG_G": 103,
        "LONG_M": 28,
        "LONG_S": 22.58,
        "LAT_G": 25,
        "LAT_M": 34,
        "LAT_S": 41.48,
        "LONGITUD": -103.47294,
        "LATITUD": 25.57819,
        "CVE_ACUIF": "0523",
        "NOM_ACUIF": "PRINCIPAL-REGION LAGUNERA",
        "CT_POZO": "NO",
        "DISEÑO_PE": "NO",
        "CORTE_LIT": "NO",
        "REG_ELEC": "NO",
        "INF_PERF": "NO",
        "REG_AFORO": "NO",
        "ANAL_AGUA": "NO",
        "CROQUIS": "SI",
        "TIPO_INF": "CROQUIS",
        "HGQ": "NO",
        "URL": "https://sigagis.conagua.gob.mx/t_infbasica/INVENTARIO/10 DURANGO/PDF/10_0025.pdf",
        "NOM_EDO_OFICIAL": "DURANGO",
        "CVE_ACUIF_STR": "0523"
      }
    },
    {
      "type": "Feature",
      "geometry": {
        "type": "Point",
        "coordinates": [
          -103.43636,
          25.619898
        ]
      },
      "properties": {
        "fid": 85,
        "CVE_LGJO": "10_0025",
        "CVE_POZO": "POZO 251",
        "TIT_LGJO": "GEOHIDROLOGÍA DE LA LAGUNA, REALIZADA POR EL IMTA",
        "CVE_EDO": "10",
        "CVE_MPIO": "10007",
        "AÑO": "1993",
        "DESC": "POZO DE LA ZONA \"LA LAGUNA\".",
        "LONG_G": 103,
        "LONG_M": 26,
        "LONG_S": 10.9,
        "LAT_G": 25,
        "LAT_M": 37,
        "LAT_S": 11.63,
        "LONGITUD": -103.43636,
        "LATITUD": 25.619898,
        "CVE_ACUIF": "0523",
        "NOM_ACUIF": "PRINCIPAL-REGION LAGUNERA",
        "CT_POZO": "NO",
        "DISEÑO_PE": "NO",
        "CORTE_LIT": "NO",
        "REG_ELEC": "NO",
        "INF_PERF": "NO",
        "REG_AFORO": "NO",
        "ANAL_AGUA": "NO",
        "CROQUIS": "SI",
        "TIPO_INF": "CROQUIS",
        "HGQ": "NO",
        "URL": "https://sigagis.conagua.gob.mx/t_infbasica/INVENTARIO/10 DURANGO/PDF/10_0025.pdf",
        "NOM_EDO_OFICIAL": "DURANGO",
        "CVE_ACUIF_STR": "0523"
      }
    },
    {
      "type": "Feature",
      "geometry": {
        "type": "Point",
        "coordinates": [
          -103.45767,
          25.63754
        ]
      },
      "properties": {
        "fid": 86,
        "CVE_LGJO": "10_0025",
        "CVE_POZO": "POZO 257 (1990)",
        "TIT_LGJO": "GEOHIDROLOGÍA DE LA LAGUNA (I Y II ETAPA), REALIZADA POR EL IMTA",
        "CVE_EDO": "10",
        "CVE_MPIO": "10007",
        "AÑO": "1993",
        "DESC": "POZO SELECCIONADO (I Y II ETAPA ) EN LA INVESTIGACIÓN PARA CARACTERIZAR HIDROQUÍMICAMENTE DE LA ZONA \"LA LAGUNA\", DEGRADA POR CONCENTRACIONES ELEVADAS DE ARSÉNICO, MOSTRANDO UN DETERIORO EN SU CALIDAD FÍSICO-QUÍMICA.",
        "LONG_G": 103,
        "LONG_M": 27,
        "LONG_S": 27.61,
        "LAT_G": 25,
        "LAT_M": 38,
        "LAT_S": 15.14,
        "LONGITUD": -103.45767,
        "LATITUD": 25.63754,
        "CVE_ACUIF": "0523",
        "NOM_ACUIF": "PRINCIPAL-REGION LAGUNERA",
        "CT_POZO": "NO",
        "DISEÑO_PE": "NO",
        "CORTE_LIT": "NO",
        "REG_ELEC": "NO",
        "INF_PERF": "NO",
        "REG_AFORO": "NO",
        "ANAL_AGUA": "SI",
        "CROQUIS": "SI",
        "TIPO_INF": "HIDROGEOQUÍMICO",
        "HGQ": "SI",
        "TEMP_°C": "26",
        "POT_H_s/u": "6.9",
        "CE_Us/cm": "1379",
        "As_mg/L": "5.3E-3",
        "URL": "https://sigagis.conagua.gob.mx/t_infbasica/INVENTARIO/10 DURANGO/PDF/10_0025.pdf",
        "NOM_EDO_OFICIAL": "DURANGO",
        "CVE_ACUIF_STR": "0523"
      }
    },
    {
      "type": "Feature",
      "geometry": {
        "type": "Point",
        "coordinates": [
          -103.45767,
          25.63754
        ]
      },
      "properties": {
        "fid": 87,
        "CVE_LGJO": "10_0025",
        "CVE_POZO": "POZO 257 (1993)",
        "TIT_LGJO": "GEOHIDROLOGÍA DE LA LAGUNA, REALIZADA POR EL IMTA",
        "CVE_EDO": "10",
        "CVE_MPIO": "10007",
        "AÑO": "1993",
        "DESC": "POZO SELECCIONADO EN LA INVESTIGACIÓN PARA CARACTERIZAR HIDROQUÍMICAMENTE DE LA ZONA \"LA LAGUNA\", DEGRADA POR CONCENTRACIONES ELEVADAS DE ARSÉNICO, MOSTRANDO UN DETERIORO EN SU CALIDAD FÍSICO-QUÍMICA.",
        "LONG_G": 103,
        "LONG_M": 27,
        "LONG_S": 27.61,
        "LAT_G": 25,
        "LAT_M": 38,
        "LAT_S": 15.14,
        "LONGITUD": -103.45767,
        "LATITUD": 25.63754,
        "CVE_ACUIF": "0523",
        "NOM_ACUIF": "PRINCIPAL-REGION LAGUNERA",
        "CT_POZO": "NO",
        "DISEÑO_PE": "NO",
        "CORTE_LIT": "NO",
        "REG_ELEC": "NO",
        "INF_PERF": "NO",
        "REG_AFORO": "NO",
        "ANAL_AGUA": "SI",
        "CROQUIS": "SI",
        "TIPO_INF": "HIDROGEOQUÍMICO",
        "HGQ": "SI",
        "TEMP_°C": "26",
        "POT_H_s/u": "6.82",
        "CE_Us/cm": "1070",
        "As_mg/L": "2.3E-3",
        "URL": "https://sigagis.conagua.gob.mx/t_infbasica/INVENTARIO/10 DURANGO/PDF/10_0025.pdf",
        "NOM_EDO_OFICIAL": "DURANGO",
        "CVE_ACUIF_STR": "0523"
      }
    },
    {
      "type": "Feature",
      "geometry": {
        "type": "Point",
        "coordinates": [
          -103.4329,
          25.74007
        ]
      },
      "properties": {
        "fid": 88,
        "CVE_LGJO": "10_0025",
        "CVE_POZO": "POZO 268 (A1990)",
        "TIT_LGJO": "GEOHIDROLOGÍA DE LA LAGUNA (I Y II ETAPA), REALIZADA POR EL IMTA",
        "CVE_EDO": "10",
        "CVE_MPIO": "10007",
        "AÑO": "1993",
        "DESC": "POZO SELECCIONADO (I Y II ETAPA ) EN LA INVESTIGACIÓN PARA CARACTERIZAR HIDROQUÍMICAMENTE DE LA ZONA \"LA LAGUNA\", DEGRADA POR CONCENTRACIONES ELEVADAS DE ARSÉNICO, MOSTRANDO UN DETERIORO EN SU CALIDAD FÍSICO-QUÍMICA.",
        "LONG_G": 103,
        "LONG_M": 25,
        "LONG_S": 58.44,
        "LAT_G": 25,
        "LAT_M": 44,
        "LAT_S": 24.25,
        "LONGITUD": -103.4329,
        "LATITUD": 25.74007,
        "CVE_ACUIF": "0523",
        "NOM_ACUIF": "PRINCIPAL-REGION LAGUNERA",
        "CT_POZO": "NO",
        "DISEÑO_PE": "NO",
        "CORTE_LIT": "NO",
        "REG_ELEC": "NO",
        "INF_PERF": "NO",
        "REG_AFORO": "NO",
        "ANAL_AGUA": "SI",
        "CROQUIS": "SI",
        "TIPO_INF": "HIDROGEOQUÍMICO",
        "HGQ": "SI",
        "TEMP_°C": "29",
        "POT_H_s/u": "6.9",
        "CE_Us/cm": "370",
        "As_mg/L": "9.7000000000000003E-3",
        "URL": "https://sigagis.conagua.gob.mx/t_infbasica/INVENTARIO/10 DURANGO/PDF/10_0025.pdf",
        "NOM_EDO_OFICIAL": "DURANGO",
        "CVE_ACUIF_STR": "0523"
      }
    },
    {
      "type": "Feature",
      "geometry": {
        "type": "Point",
        "coordinates": [
          -103.4329,
          25.74007
        ]
      },
      "properties": {
        "fid": 89,
        "CVE_LGJO": "10_0025",
        "CVE_POZO": "POZO 268 (A1993)",
        "TIT_LGJO": "GEOHIDROLOGÍA DE LA LAGUNA, REALIZADA POR EL IMTA",
        "CVE_EDO": "10",
        "CVE_MPIO": "10007",
        "AÑO": "1993",
        "DESC": "POZO SELECCIONADO EN LA INVESTIGACIÓN PARA CARACTERIZAR HIDROQUÍMICAMENTE DE LA ZONA \"LA LAGUNA\", DEGRADA POR CONCENTRACIONES ELEVADAS DE ARSÉNICO, MOSTRANDO UN DETERIORO EN SU CALIDAD FÍSICO-QUÍMICA.",
        "LONG_G": 103,
        "LONG_M": 25,
        "LONG_S": 58.44,
        "LAT_G": 25,
        "LAT_M": 44,
        "LAT_S": 24.25,
        "LONGITUD": -103.4329,
        "LATITUD": 25.74007,
        "CVE_ACUIF": "0523",
        "NOM_ACUIF": "PRINCIPAL-REGION LAGUNERA",
        "CT_POZO": "NO",
        "DISEÑO_PE": "NO",
        "CORTE_LIT": "NO",
        "REG_ELEC": "NO",
        "INF_PERF": "NO",
        "REG_AFORO": "NO",
        "ANAL_AGUA": "SI",
        "CROQUIS": "SI",
        "TIPO_INF": "HIDROGEOQUÍMICO",
        "HGQ": "SI",
        "TEMP_°C": "29",
        "POT_H_s/u": "7.25",
        "CE_Us/cm": "378",
        "As_mg/L": "3.8E-3",
        "URL": "https://sigagis.conagua.gob.mx/t_infbasica/INVENTARIO/10 DURANGO/PDF/10_0025.pdf",
        "NOM_EDO_OFICIAL": "DURANGO",
        "CVE_ACUIF_STR": "0523"
      }
    },
    {
      "type": "Feature",
      "geometry": {
        "type": "Point",
        "coordinates": [
          -103.43027,
          25.68595
        ]
      },
      "properties": {
        "fid": 90,
        "CVE_LGJO": "10_0025",
        "CVE_POZO": "POZO 297 (A1990)",
        "TIT_LGJO": "GEOHIDROLOGÍA DE LA LAGUNA (I Y II ETAPA), REALIZADA POR EL IMTA",
        "CVE_EDO": "10",
        "CVE_MPIO": "10007",
        "AÑO": "1993",
        "DESC": "POZO SELECCIONADO (I Y II ETAPA ) EN LA INVESTIGACIÓN PARA CARACTERIZAR HIDROQUÍMICAMENTE DE LA ZONA \"LA LAGUNA\", DEGRADA POR CONCENTRACIONES ELEVADAS DE ARSÉNICO, MOSTRANDO UN DETERIORO EN SU CALIDAD FÍSICO-QUÍMICA.",
        "LONG_G": 103,
        "LONG_M": 25,
        "LONG_S": 48.97,
        "LAT_G": 25,
        "LAT_M": 41,
        "LAT_S": 9.42,
        "LONGITUD": -103.43027,
        "LATITUD": 25.68595,
        "CVE_ACUIF": "0523",
        "NOM_ACUIF": "PRINCIPAL-REGION LAGUNERA",
        "CT_POZO": "NO",
        "DISEÑO_PE": "NO",
        "CORTE_LIT": "NO",
        "REG_ELEC": "NO",
        "INF_PERF": "NO",
        "REG_AFORO": "NO",
        "ANAL_AGUA": "SI",
        "CROQUIS": "SI",
        "TIPO_INF": "HIDROGEOQUÍMICO",
        "HGQ": "SI",
        "TEMP_°C": "26",
        "POT_H_s/u": "6.8",
        "CE_Us/cm": "970",
        "As_mg/L": "4.8999999999999998E-3",
        "URL": "https://sigagis.conagua.gob.mx/t_infbasica/INVENTARIO/10 DURANGO/PDF/10_0025.pdf",
        "NOM_EDO_OFICIAL": "DURANGO",
        "CVE_ACUIF_STR": "0523"
      }
    },
    {
      "type": "Feature",
      "geometry": {
        "type": "Point",
        "coordinates": [
          -103.43027,
          25.68595
        ]
      },
      "properties": {
        "fid": 91,
        "CVE_LGJO": "10_0025",
        "CVE_POZO": "POZO 297 (A1993)",
        "TIT_LGJO": "GEOHIDROLOGÍA DE LA LAGUNA, REALIZADA POR EL IMTA",
        "CVE_EDO": "10",
        "CVE_MPIO": "10007",
        "AÑO": "1993",
        "DESC": "POZO SELECCIONADO EN LA INVESTIGACIÓN PARA CARACTERIZAR HIDROQUÍMICAMENTE DE LA ZONA \"LA LAGUNA\", DEGRADA POR CONCENTRACIONES ELEVADAS DE ARSÉNICO, MOSTRANDO UN DETERIORO EN SU CALIDAD FÍSICO-QUÍMICA.",
        "LONG_G": 103,
        "LONG_M": 25,
        "LONG_S": 48.97,
        "LAT_G": 25,
        "LAT_M": 41,
        "LAT_S": 9.42,
        "LONGITUD": -103.43027,
        "LATITUD": 25.68595,
        "CVE_ACUIF": "0523",
        "NOM_ACUIF": "PRINCIPAL-REGION LAGUNERA",
        "CT_POZO": "NO",
        "DISEÑO_PE": "NO",
        "CORTE_LIT": "NO",
        "REG_ELEC": "NO",
        "INF_PERF": "NO",
        "REG_AFORO": "NO",
        "ANAL_AGUA": "SI",
        "CROQUIS": "SI",
        "TIPO_INF": "HIDROGEOQUÍMICO",
        "HGQ": "SI",
        "TEMP_°C": "26.3",
        "POT_H_s/u": "6.86",
        "CE_Us/cm": "1228",
        "As_mg/L": "2.0999999999999999E-3",
        "URL": "https://sigagis.conagua.gob.mx/t_infbasica/INVENTARIO/10 DURANGO/PDF/10_0025.pdf",
        "NOM_EDO_OFICIAL": "DURANGO",
        "CVE_ACUIF_STR": "0523"
      }
    },
    {
      "type": "Feature",
      "geometry": {
        "type": "Point",
        "coordinates": [
          -103.4211361111111,
          25.67792222222222
        ]
      },
      "properties": {
        "fid": 92,
        "CVE_LGJO": "10_0025",
        "CVE_POZO": "POZO 306",
        "TIT_LGJO": "GEOHIDROLOGÍA DE LA LAGUNA, REALIZADA POR EL IMTA",
        "CVE_EDO": "10",
        "CVE_MPIO": "10007",
        "AÑO": "1993",
        "DESC": "POZO DE LA ZONA \"LA LAGUNA\".",
        "LONG_G": 103,
        "LONG_M": 25,
        "LONG_S": 16.09,
        "LAT_G": 25,
        "LAT_M": 40,
        "LAT_S": 40.52,
        "LONGITUD": -103.4211361111111,
        "LATITUD": 25.67792222222222,
        "CVE_ACUIF": "0523",
        "NOM_ACUIF": "PRINCIPAL-REGION LAGUNERA",
        "CT_POZO": "NO",
        "DISEÑO_PE": "NO",
        "CORTE_LIT": "NO",
        "REG_ELEC": "NO",
        "INF_PERF": "NO",
        "REG_AFORO": "NO",
        "ANAL_AGUA": "NO",
        "CROQUIS": "SI",
        "TIPO_INF": "CROQUIS",
        "HGQ": "NO",
        "URL": "https://sigagis.conagua.gob.mx/t_infbasica/INVENTARIO/10 DURANGO/PDF/10_0025.pdf",
        "NOM_EDO_OFICIAL": "DURANGO",
        "CVE_ACUIF_STR": "0523"
      }
    },
    {
      "type": "Feature",
      "geometry": {
        "type": "Point",
        "coordinates": [
          -103.40649,
          25.61117
        ]
      },
      "properties": {
        "fid": 93,
        "CVE_LGJO": "10_0025",
        "CVE_POZO": "POZO 331 (A1990)",
        "TIT_LGJO": "GEOHIDROLOGÍA DE LA LAGUNA (I Y II ETAPA), REALIZADA POR EL IMTA",
        "CVE_EDO": "05",
        "CVE_MPIO": "05035",
        "AÑO": "1993",
        "DESC": "POZO SELECCIONADO (I Y II ETAPA ) EN LA INVESTIGACIÓN PARA CARACTERIZAR HIDROQUÍMICAMENTE DE LA ZONA \"LA LAGUNA\", DEGRADA POR CONCENTRACIONES ELEVADAS DE ARSÉNICO, MOSTRANDO UN DETERIORO EN SU CALIDAD FÍSICO-QUÍMICA.",
        "LONG_G": 103,
        "LONG_M": 24,
        "LONG_S": 23.36,
        "LAT_G": 25,
        "LAT_M": 36,
        "LAT_S": 40.21,
        "LONGITUD": -103.40649,
        "LATITUD": 25.61117,
        "CVE_ACUIF": "0523",
        "NOM_ACUIF": "PRINCIPAL-REGION LAGUNERA",
        "CT_POZO": "NO",
        "DISEÑO_PE": "NO",
        "CORTE_LIT": "NO",
        "REG_ELEC": "NO",
        "INF_PERF": "NO",
        "REG_AFORO": "NO",
        "ANAL_AGUA": "SI",
        "CROQUIS": "SI",
        "TIPO_INF": "HIDROGEOQUÍMICO",
        "HGQ": "SI",
        "TEMP_°C": "28.8",
        "POT_H_s/u": "8.5",
        "CE_Us/cm": "550",
        "As_mg/L": "0.30399999999999999",
        "URL": "https://sigagis.conagua.gob.mx/t_infbasica/INVENTARIO/05 COAHUILA DE ZARAGOZA/PDF/10_0025.pdf",
        "NOM_EDO_OFICIAL": "COAHUILA",
        "CVE_ACUIF_STR": "0523"
      }
    },
    {
      "type": "Feature",
      "geometry": {
        "type": "Point",
        "coordinates": [
          -103.40649,
          25.61117
        ]
      },
      "properties": {
        "fid": 94,
        "CVE_LGJO": "10_0025",
        "CVE_POZO": "POZO 331 (A1993)",
        "TIT_LGJO": "GEOHIDROLOGÍA DE LA LAGUNA, REALIZADA POR EL IMTA",
        "CVE_EDO": "05",
        "CVE_MPIO": "05035",
        "AÑO": "1993",
        "DESC": "POZO SELECCIONADO EN LA INVESTIGACIÓN PARA CARACTERIZAR HIDROQUÍMICAMENTE DE LA ZONA \"LA LAGUNA\", DEGRADA POR CONCENTRACIONES ELEVADAS DE ARSÉNICO, MOSTRANDO UN DETERIORO EN SU CALIDAD FÍSICO-QUÍMICA.",
        "LONG_G": 103,
        "LONG_M": 24,
        "LONG_S": 23.36,
        "LAT_G": 25,
        "LAT_M": 36,
        "LAT_S": 40.21,
        "LONGITUD": -103.40649,
        "LATITUD": 25.61117,
        "CVE_ACUIF": "0523",
        "NOM_ACUIF": "PRINCIPAL-REGION LAGUNERA",
        "CT_POZO": "NO",
        "DISEÑO_PE": "NO",
        "CORTE_LIT": "NO",
        "REG_ELEC": "NO",
        "INF_PERF": "NO",
        "REG_AFORO": "NO",
        "ANAL_AGUA": "SI",
        "CROQUIS": "SI",
        "TIPO_INF": "HIDROGEOQUÍMICO",
        "HGQ": "SI",
        "TEMP_°C": "24.5",
        "POT_H_s/u": "6.6",
        "CE_Us/cm": "1293",
        "As_mg/L": "2.8999999999999998E-3",
        "URL": "https://sigagis.conagua.gob.mx/t_infbasica/INVENTARIO/05 COAHUILA DE ZARAGOZA/PDF/10_0025.pdf",
        "NOM_EDO_OFICIAL": "COAHUILA",
        "CVE_ACUIF_STR": "0523"
      }
    },
    {
      "type": "Feature",
      "geometry": {
        "type": "Point",
        "coordinates": [
          -103.42933,
          25.57081
        ]
      },
      "properties": {
        "fid": 95,
        "CVE_LGJO": "10_0025",
        "CVE_POZO": "POZO 336",
        "TIT_LGJO": "GEOHIDROLOGÍA DE LA LAGUNA, REALIZADA POR EL IMTA",
        "CVE_EDO": "05",
        "CVE_MPIO": "05035",
        "AÑO": "1993",
        "DESC": "POZO DE LA ZONA \"LA LAGUNA\".",
        "LONG_G": 103,
        "LONG_M": 25,
        "LONG_S": 45.59,
        "LAT_G": 25,
        "LAT_M": 34,
        "LAT_S": 14.92,
        "LONGITUD": -103.42933,
        "LATITUD": 25.57081,
        "CVE_ACUIF": "0523",
        "NOM_ACUIF": "PRINCIPAL-REGION LAGUNERA",
        "CT_POZO": "NO",
        "DISEÑO_PE": "NO",
        "CORTE_LIT": "NO",
        "REG_ELEC": "NO",
        "INF_PERF": "NO",
        "REG_AFORO": "NO",
        "ANAL_AGUA": "NO",
        "CROQUIS": "SI",
        "TIPO_INF": "CROQUIS",
        "HGQ": "NO",
        "URL": "https://sigagis.conagua.gob.mx/t_infbasica/INVENTARIO/05 COAHUILA DE ZARAGOZA/PDF/10_0025.pdf",
        "NOM_EDO_OFICIAL": "COAHUILA",
        "CVE_ACUIF_STR": "0523"
      }
    },
    {
      "type": "Feature",
      "geometry": {
        "type": "Point",
        "coordinates": [
          -103.40773,
          25.57702
        ]
      },
      "properties": {
        "fid": 96,
        "CVE_LGJO": "10_0025",
        "CVE_POZO": "POZO 338",
        "TIT_LGJO": "GEOHIDROLOGÍA DE LA LAGUNA, REALIZADA POR EL IMTA",
        "CVE_EDO": "05",
        "CVE_MPIO": "05035",
        "AÑO": "1993",
        "DESC": "POZO DE LA ZONA \"LA LAGUNA\".",
        "LONG_G": 103,
        "LONG_M": 24,
        "LONG_S": 27.83,
        "LAT_G": 25,
        "LAT_M": 34,
        "LAT_S": 37.27,
        "LONGITUD": -103.40773,
        "LATITUD": 25.57702,
        "CVE_ACUIF": "0523",
        "NOM_ACUIF": "PRINCIPAL-REGION LAGUNERA",
        "CT_POZO": "NO",
        "DISEÑO_PE": "NO",
        "CORTE_LIT": "NO",
        "REG_ELEC": "NO",
        "INF_PERF": "NO",
        "REG_AFORO": "NO",
        "ANAL_AGUA": "NO",
        "CROQUIS": "SI",
        "TIPO_INF": "CROQUIS",
        "HGQ": "NO",
        "URL": "https://sigagis.conagua.gob.mx/t_infbasica/INVENTARIO/05 COAHUILA DE ZARAGOZA/PDF/10_0025.pdf",
        "NOM_EDO_OFICIAL": "COAHUILA",
        "CVE_ACUIF_STR": "0523"
      }
    },
    {
      "type": "Feature",
      "geometry": {
        "type": "Point",
        "coordinates": [
          -103.4191,
          25.59649
        ]
      },
      "properties": {
        "fid": 97,
        "CVE_LGJO": "10_0025",
        "CVE_POZO": "POZO 342",
        "TIT_LGJO": "GEOHIDROLOGÍA DE LA LAGUNA, REALIZADA POR EL IMTA",
        "CVE_EDO": "05",
        "CVE_MPIO": "05035",
        "AÑO": "1993",
        "DESC": "POZO DE LA ZONA \"LA LAGUNA\".",
        "LONG_G": 103,
        "LONG_M": 25,
        "LONG_S": 8.76,
        "LAT_G": 25,
        "LAT_M": 35,
        "LAT_S": 47.36,
        "LONGITUD": -103.4191,
        "LATITUD": 25.59649,
        "CVE_ACUIF": "0523",
        "NOM_ACUIF": "PRINCIPAL-REGION LAGUNERA",
        "CT_POZO": "NO",
        "DISEÑO_PE": "NO",
        "CORTE_LIT": "NO",
        "REG_ELEC": "NO",
        "INF_PERF": "NO",
        "REG_AFORO": "NO",
        "ANAL_AGUA": "NO",
        "CROQUIS": "SI",
        "TIPO_INF": "CROQUIS",
        "HGQ": "NO",
        "URL": "https://sigagis.conagua.gob.mx/t_infbasica/INVENTARIO/05 COAHUILA DE ZARAGOZA/PDF/10_0025.pdf",
        "NOM_EDO_OFICIAL": "COAHUILA",
        "CVE_ACUIF_STR": "0523"
      }
    },
    {
      "type": "Feature",
      "geometry": {
        "type": "Point",
        "coordinates": [
          -103.40403,
          25.64692
        ]
      },
      "properties": {
        "fid": 98,
        "CVE_LGJO": "10_0025",
        "CVE_POZO": "POZO 357",
        "TIT_LGJO": "GEOHIDROLOGÍA DE LA LAGUNA, REALIZADA POR EL IMTA",
        "CVE_EDO": "10",
        "CVE_MPIO": "10007",
        "AÑO": "1993",
        "DESC": "POZO DE LA ZONA \"LA LAGUNA\".",
        "LONG_G": 103,
        "LONG_M": 24,
        "LONG_S": 14.51,
        "LAT_G": 25,
        "LAT_M": 38,
        "LAT_S": 48.91,
        "LONGITUD": -103.40403,
        "LATITUD": 25.64692,
        "CVE_ACUIF": "0523",
        "NOM_ACUIF": "PRINCIPAL-REGION LAGUNERA",
        "CT_POZO": "NO",
        "DISEÑO_PE": "NO",
        "CORTE_LIT": "NO",
        "REG_ELEC": "NO",
        "INF_PERF": "NO",
        "REG_AFORO": "NO",
        "ANAL_AGUA": "NO",
        "CROQUIS": "SI",
        "TIPO_INF": "CROQUIS",
        "HGQ": "NO",
        "URL": "https://sigagis.conagua.gob.mx/t_infbasica/INVENTARIO/10 DURANGO/PDF/10_0025.pdf",
        "NOM_EDO_OFICIAL": "DURANGO",
        "CVE_ACUIF_STR": "0523"
      }
    },
    {
      "type": "Feature",
      "geometry": {
        "type": "Point",
        "coordinates": [
          -103.39055,
          25.63084
        ]
      },
      "properties": {
        "fid": 99,
        "CVE_LGJO": "10_0025",
        "CVE_POZO": "POZO 363",
        "TIT_LGJO": "GEOHIDROLOGÍA DE LA LAGUNA, REALIZADA POR EL IMTA",
        "CVE_EDO": "05",
        "CVE_MPIO": "05035",
        "AÑO": "1993",
        "DESC": "POZO DE LA ZONA \"LA LAGUNA\".",
        "LONG_G": 103,
        "LONG_M": 23,
        "LONG_S": 25.98,
        "LAT_G": 25,
        "LAT_M": 37,
        "LAT_S": 51.02,
        "LONGITUD": -103.39055,
        "LATITUD": 25.63084,
        "CVE_ACUIF": "0523",
        "NOM_ACUIF": "PRINCIPAL-REGION LAGUNERA",
        "CT_POZO": "NO",
        "DISEÑO_PE": "NO",
        "CORTE_LIT": "NO",
        "REG_ELEC": "NO",
        "INF_PERF": "NO",
        "REG_AFORO": "NO",
        "ANAL_AGUA": "NO",
        "CROQUIS": "SI",
        "TIPO_INF": "CROQUIS",
        "HGQ": "NO",
        "URL": "https://sigagis.conagua.gob.mx/t_infbasica/INVENTARIO/05 COAHUILA DE ZARAGOZA/PDF/10_0025.pdf",
        "NOM_EDO_OFICIAL": "COAHUILA",
        "CVE_ACUIF_STR": "0523"
      }
    },
    {
      "type": "Feature",
      "geometry": {
        "type": "Point",
        "coordinates": [
          -103.36708,
          25.65632
        ]
      },
      "properties": {
        "fid": 100,
        "CVE_LGJO": "10_0025",
        "CVE_POZO": "POZO 368",
        "TIT_LGJO": "GEOHIDROLOGÍA DE LA LAGUNA, REALIZADA POR EL IMTA",
        "CVE_EDO": "05",
        "CVE_MPIO": "05035",
        "AÑO": "1993",
        "DESC": "POZO DE LA ZONA \"LA LAGUNA\".",
        "LONG_G": 103,
        "LONG_M": 22,
        "LONG_S": 1.49,
        "LAT_G": 25,
        "LAT_M": 39,
        "LAT_S": 22.75,
        "LONGITUD": -103.36708,
        "LATITUD": 25.65632,
        "CVE_ACUIF": "0523",
        "NOM_ACUIF": "PRINCIPAL-REGION LAGUNERA",
        "CT_POZO": "NO",
        "DISEÑO_PE": "NO",
        "CORTE_LIT": "NO",
        "REG_ELEC": "NO",
        "INF_PERF": "NO",
        "REG_AFORO": "NO",
        "ANAL_AGUA": "NO",
        "CROQUIS": "SI",
        "TIPO_INF": "CROQUIS",
        "HGQ": "NO",
        "URL": "https://sigagis.conagua.gob.mx/t_infbasica/INVENTARIO/05 COAHUILA DE ZARAGOZA/PDF/10_0025.pdf",
        "NOM_EDO_OFICIAL": "COAHUILA",
        "CVE_ACUIF_STR": "0523"
      }
    },
    {
      "type": "Feature",
      "geometry": {
        "type": "Point",
        "coordinates": [
          -103.35335,
          25.67695
        ]
      },
      "properties": {
        "fid": 101,
        "CVE_LGJO": "10_0025",
        "CVE_POZO": "POZO 369",
        "TIT_LGJO": "GEOHIDROLOGÍA DE LA LAGUNA, REALIZADA POR EL IMTA",
        "CVE_EDO": "10",
        "CVE_MPIO": "10007",
        "AÑO": "1993",
        "DESC": "POZO DE LA ZONA \"LA LAGUNA\".",
        "LONG_G": 103,
        "LONG_M": 21,
        "LONG_S": 12.06,
        "LAT_G": 25,
        "LAT_M": 40,
        "LAT_S": 37.02,
        "LONGITUD": -103.35335,
        "LATITUD": 25.67695,
        "CVE_ACUIF": "0523",
        "NOM_ACUIF": "PRINCIPAL-REGION LAGUNERA",
        "CT_POZO": "NO",
        "DISEÑO_PE": "NO",
        "CORTE_LIT": "NO",
        "REG_ELEC": "NO",
        "INF_PERF": "NO",
        "REG_AFORO": "NO",
        "ANAL_AGUA": "NO",
        "CROQUIS": "SI",
        "TIPO_INF": "CROQUIS",
        "HGQ": "NO",
        "URL": "https://sigagis.conagua.gob.mx/t_infbasica/INVENTARIO/10 DURANGO/PDF/10_0025.pdf",
        "NOM_EDO_OFICIAL": "DURANGO",
        "CVE_ACUIF_STR": "0523"
      }
    },
    {
      "type": "Feature",
      "geometry": {
        "type": "Point",
        "coordinates": [
          -103.37584,
          25.60544
        ]
      },
      "properties": {
        "fid": 102,
        "CVE_LGJO": "10_0025",
        "CVE_POZO": "POZO 374",
        "TIT_LGJO": "GEOHIDROLOGÍA DE LA LAGUNA, REALIZADA POR EL IMTA",
        "CVE_EDO": "05",
        "CVE_MPIO": "05035",
        "AÑO": "1993",
        "DESC": "POZO DE LA ZONA \"LA LAGUNA\".",
        "LONG_G": 103,
        "LONG_M": 22,
        "LONG_S": 33.02,
        "LAT_G": 25,
        "LAT_M": 36,
        "LAT_S": 19.58,
        "LONGITUD": -103.37584,
        "LATITUD": 25.60544,
        "CVE_ACUIF": "0523",
        "NOM_ACUIF": "PRINCIPAL-REGION LAGUNERA",
        "CT_POZO": "NO",
        "DISEÑO_PE": "NO",
        "CORTE_LIT": "NO",
        "REG_ELEC": "NO",
        "INF_PERF": "NO",
        "REG_AFORO": "NO",
        "ANAL_AGUA": "NO",
        "CROQUIS": "SI",
        "TIPO_INF": "CROQUIS",
        "HGQ": "NO",
        "URL": "https://sigagis.conagua.gob.mx/t_infbasica/INVENTARIO/05 COAHUILA DE ZARAGOZA/PDF/10_0025.pdf",
        "NOM_EDO_OFICIAL": "COAHUILA",
        "CVE_ACUIF_STR": "0523"
      }
    },
    {
      "type": "Feature",
      "geometry": {
        "type": "Point",
        "coordinates": [
          -103.39463,
          25.59394
        ]
      },
      "properties": {
        "fid": 103,
        "CVE_LGJO": "10_0025",
        "CVE_POZO": "POZO 379",
        "TIT_LGJO": "GEOHIDROLOGÍA DE LA LAGUNA, REALIZADA POR EL IMTA",
        "CVE_EDO": "05",
        "CVE_MPIO": "05035",
        "AÑO": "1993",
        "DESC": "POZO DE LA ZONA \"LA LAGUNA\".",
        "LONG_G": 103,
        "LONG_M": 23,
        "LONG_S": 40.67,
        "LAT_G": 25,
        "LAT_M": 35,
        "LAT_S": 38.18,
        "LONGITUD": -103.39463,
        "LATITUD": 25.59394,
        "CVE_ACUIF": "0523",
        "NOM_ACUIF": "PRINCIPAL-REGION LAGUNERA",
        "CT_POZO": "NO",
        "DISEÑO_PE": "NO",
        "CORTE_LIT": "NO",
        "REG_ELEC": "NO",
        "INF_PERF": "NO",
        "REG_AFORO": "NO",
        "ANAL_AGUA": "NO",
        "CROQUIS": "SI",
        "TIPO_INF": "CROQUIS",
        "HGQ": "NO",
        "URL": "https://sigagis.conagua.gob.mx/t_infbasica/INVENTARIO/05 COAHUILA DE ZARAGOZA/PDF/10_0025.pdf",
        "NOM_EDO_OFICIAL": "COAHUILA",
        "CVE_ACUIF_STR": "0523"
      }
    },
    {
      "type": "Feature",
      "geometry": {
        "type": "Point",
        "coordinates": [
          -103.34666,
          25.76916
        ]
      },
      "properties": {
        "fid": 104,
        "CVE_LGJO": "10_0025",
        "CVE_POZO": "POZO 504",
        "TIT_LGJO": "GEOHIDROLOGÍA DE LA LAGUNA, REALIZADA POR EL IMTA",
        "CVE_EDO": "10",
        "CVE_MPIO": "10007",
        "AÑO": "1993",
        "DESC": "POZO DE LA ZONA \"LA LAGUNA\".",
        "LONG_G": 103,
        "LONG_M": 20,
        "LONG_S": 47.98,
        "LAT_G": 25,
        "LAT_M": 46,
        "LAT_S": 8.98,
        "LONGITUD": -103.34666,
        "LATITUD": 25.76916,
        "CVE_ACUIF": "0523",
        "NOM_ACUIF": "PRINCIPAL-REGION LAGUNERA",
        "CT_POZO": "NO",
        "DISEÑO_PE": "NO",
        "CORTE_LIT": "NO",
        "REG_ELEC": "NO",
        "INF_PERF": "NO",
        "REG_AFORO": "NO",
        "ANAL_AGUA": "NO",
        "CROQUIS": "SI",
        "TIPO_INF": "CROQUIS",
        "HGQ": "NO",
        "URL": "https://sigagis.conagua.gob.mx/t_infbasica/INVENTARIO/10 DURANGO/PDF/10_0025.pdf",
        "NOM_EDO_OFICIAL": "DURANGO",
        "CVE_ACUIF_STR": "0523"
      }
    },
    {
      "type": "Feature",
      "geometry": {
        "type": "Point",
        "coordinates": [
          -103.3310638888889,
          25.72426944444444
        ]
      },
      "properties": {
        "fid": 105,
        "CVE_LGJO": "10_0025",
        "CVE_POZO": "POZO 520 (A1990)",
        "NOMB_POZO": "EJIDO EL PILAR",
        "TIT_LGJO": "GEOHIDROLOGÍA DE LA LAGUNA (I Y II ETAPA), REALIZADA POR EL IMTA",
        "CVE_EDO": "05",
        "CVE_MPIO": "05017",
        "AÑO": "1993",
        "DESC": "POZO SELECCIONADO (I Y II ETAPA ) EN LA INVESTIGACIÓN PARA CARACTERIZAR HIDROQUÍMICAMENTE DE LA ZONA \"LA LAGUNA\", DEGRADA POR CONCENTRACIONES ELEVADAS DE ARSÉNICO, MOSTRANDO UN DETERIORO EN SU CALIDAD FÍSICO-QUÍMICA.",
        "LONG_G": 103,
        "LONG_M": 19,
        "LONG_S": 51.83,
        "LAT_G": 25,
        "LAT_M": 43,
        "LAT_S": 27.37,
        "LONGITUD": -103.3310638888889,
        "LATITUD": 25.72426944444444,
        "CVE_ACUIF": "0523",
        "NOM_ACUIF": "PRINCIPAL-REGION LAGUNERA",
        "CT_POZO": "NO",
        "DISEÑO_PE": "NO",
        "CORTE_LIT": "SI",
        "REG_ELEC": "NO",
        "INF_PERF": "NO",
        "REG_AFORO": "NO",
        "ANAL_AGUA": "SI",
        "CROQUIS": "SI",
        "TIPO_INF": "HIDROGEOQUÍMICO",
        "PROF_TOT_m": 123.44,
        "HGQ": "SI",
        "LONG_COL_m": 52.73,
        "ADEME_pulg": 16,
        "TEMP_°C": "24.3",
        "POT_H_s/u": "6.5",
        "CE_Us/cm": "600",
        "As_mg/L": "6.4000000000000003E-3",
        "URL": "https://sigagis.conagua.gob.mx/t_infbasica/INVENTARIO/05 COAHUILA DE ZARAGOZA/PDF/10_0025.pdf",
        "NOM_EDO_OFICIAL": "COAHUILA",
        "CVE_ACUIF_STR": "0523"
      }
    },
    {
      "type": "Feature",
      "geometry": {
        "type": "Point",
        "coordinates": [
          -103.3310638888889,
          25.72426944444444
        ]
      },
      "properties": {
        "fid": 106,
        "CVE_LGJO": "10_0025",
        "CVE_POZO": "POZO 520 (A1993)",
        "NOMB_POZO": "EJIDO EL PILAR",
        "TIT_LGJO": "GEOHIDROLOGÍA DE LA LAGUNA, REALIZADA POR EL IMTA",
        "CVE_EDO": "05",
        "CVE_MPIO": "05017",
        "AÑO": "1993",
        "DESC": "POZO SELECCIONADO (III ETAPA ) EN LA INVESTIGACIÓN PARA CARACTERIZAR HIDROQUÍMICAMENTE DE LA ZONA \"LA LAGUNA\", DEGRADA POR CONCENTRACIONES ELEVADAS DE ARSÉNICO, MOSTRANDO UN DETERIORO EN SU CALIDAD FÍSICO-QUÍMICA.",
        "LONG_G": 103,
        "LONG_M": 19,
        "LONG_S": 51.83,
        "LAT_G": 25,
        "LAT_M": 43,
        "LAT_S": 27.37,
        "LONGITUD": -103.3310638888889,
        "LATITUD": 25.72426944444444,
        "CVE_ACUIF": "0523",
        "NOM_ACUIF": "PRINCIPAL-REGION LAGUNERA",
        "CT_POZO": "NO",
        "DISEÑO_PE": "NO",
        "CORTE_LIT": "SI",
        "REG_ELEC": "NO",
        "INF_PERF": "NO",
        "REG_AFORO": "NO",
        "ANAL_AGUA": "SI",
        "CROQUIS": "SI",
        "TIPO_INF": "HIDROGEOQUÍMICO",
        "PROF_TOT_m": 123.44,
        "HGQ": "SI",
        "NE_M": 70.71,
        "Ca": 26.06333333333333,
        "Mg": 6.146666666666666,
        "Na": 72.76666666666667,
        "LONG_COL_m": 52.73,
        "ADEME_pulg": 16,
        "TEMP_°C": "24.4",
        "POT_H_s/u": "7.41",
        "CE_Us/cm": "507",
        "As_mg/L": "9.2999999999999992E-3",
        "URL": "https://sigagis.conagua.gob.mx/t_infbasica/INVENTARIO/05 COAHUILA DE ZARAGOZA/PDF/10_0025.pdf",
        "NOM_EDO_OFICIAL": "COAHUILA",
        "CVE_ACUIF_STR": "0523"
      }
    },
    {
      "type": "Feature",
      "geometry": {
        "type": "Point",
        "coordinates": [
          -103.58487,
          25.81373
        ]
      },
      "properties": {
        "fid": 107,
        "CVE_LGJO": "10_0025",
        "CVE_POZO": "POZO 541",
        "TIT_LGJO": "GEOHIDROLOGÍA DE LA LAGUNA, REALIZADA POR EL IMTA",
        "CVE_EDO": "10",
        "CVE_MPIO": "10007",
        "AÑO": "1993",
        "DESC": "POZO DE LA ZONA \"LA LAGUNA\".",
        "LONG_G": 103,
        "LONG_M": 35,
        "LONG_S": 5.53,
        "LAT_G": 25,
        "LAT_M": 48,
        "LAT_S": 49.43,
        "LONGITUD": -103.58487,
        "LATITUD": 25.81373,
        "CVE_ACUIF": "0523",
        "NOM_ACUIF": "PRINCIPAL-REGION LAGUNERA",
        "CT_POZO": "NO",
        "DISEÑO_PE": "NO",
        "CORTE_LIT": "NO",
        "REG_ELEC": "NO",
        "INF_PERF": "NO",
        "REG_AFORO": "NO",
        "ANAL_AGUA": "NO",
        "CROQUIS": "SI",
        "TIPO_INF": "CROQUIS",
        "HGQ": "NO",
        "URL": "https://sigagis.conagua.gob.mx/t_infbasica/INVENTARIO/10 DURANGO/PDF/10_0025.pdf",
        "NOM_EDO_OFICIAL": "DURANGO",
        "CVE_ACUIF_STR": "0523"
      }
    },
    {
      "type": "Feature",
      "geometry": {
        "type": "Point",
        "coordinates": [
          -103.6343888888889,
          25.67253055555556
        ]
      },
      "properties": {
        "fid": 108,
        "CVE_LGJO": "10_0025",
        "CVE_POZO": "POZO 546 (A1990)",
        "NOMB_POZO": "EJIDO LORENZO AVALOS",
        "TIT_LGJO": "GEOHIDROLOGÍA DE LA LAGUNA (I Y II ETAPA), REALIZADA POR EL IMTA",
        "CVE_EDO": "10",
        "CVE_MPIO": "10007",
        "AÑO": "1993",
        "DESC": "POZO SELECCIONADO (I Y II ETAPA ) EN LA INVESTIGACIÓN PARA CARACTERIZAR HIDROQUÍMICAMENTE DE LA ZONA \"LA LAGUNA\", DEGRADA POR CONCENTRACIONES ELEVADAS DE ARSÉNICO, MOSTRANDO UN DETERIORO EN SU CALIDAD FÍSICO-QUÍMICA.",
        "LONG_G": 103,
        "LONG_M": 38,
        "LONG_S": 3.8,
        "LAT_G": 25,
        "LAT_M": 40,
        "LAT_S": 21.11,
        "LONGITUD": -103.6343888888889,
        "LATITUD": 25.67253055555556,
        "CVE_ACUIF": "0523",
        "NOM_ACUIF": "PRINCIPAL-REGION LAGUNERA",
        "CT_POZO": "NO",
        "DISEÑO_PE": "NO",
        "CORTE_LIT": "SI",
        "REG_ELEC": "NO",
        "INF_PERF": "NO",
        "REG_AFORO": "NO",
        "ANAL_AGUA": "SI",
        "CROQUIS": "SI",
        "TIPO_INF": "PROFUNDIDAD",
        "PROF_TOT_m": 188.06,
        "HGQ": "SI",
        "LONG_COL_m": 68.86,
        "ADEME_pulg": 16,
        "TEMP_°C": "N.A.",
        "POT_H_s/u": "N.A.",
        "CE_Us/cm": "N.A.",
        "As_mg/L": "N.A.",
        "URL": "https://sigagis.conagua.gob.mx/t_infbasica/INVENTARIO/10 DURANGO/PDF/10_0025.pdf",
        "NOM_EDO_OFICIAL": "DURANGO",
        "CVE_ACUIF_STR": "0523"
      }
    },
    {
      "type": "Feature",
      "geometry": {
        "type": "Point",
        "coordinates": [
          -103.6343888888889,
          25.67253055555556
        ]
      },
      "properties": {
        "fid": 109,
        "CVE_LGJO": "10_0025",
        "CVE_POZO": "POZO 546 (A1993)",
        "NOMB_POZO": "EJIDO LORENZO AVALOS",
        "TIT_LGJO": "GEOHIDROLOGÍA DE LA LAGUNA, REALIZADA POR EL IMTA",
        "CVE_EDO": "10",
        "CVE_MPIO": "10007",
        "AÑO": "1993",
        "DESC": "POZO SELECCIONADO (III ETAPA ) EN LA INVESTIGACIÓN PARA CARACTERIZAR HIDROQUÍMICAMENTE DE LA ZONA \"LA LAGUNA\", DEGRADA POR CONCENTRACIONES ELEVADAS DE ARSÉNICO, MOSTRANDO UN DETERIORO EN SU CALIDAD FÍSICO-QUÍMICA.",
        "LONG_G": 103,
        "LONG_M": 38,
        "LONG_S": 3.8,
        "LAT_G": 25,
        "LAT_M": 40,
        "LAT_S": 21.11,
        "LONGITUD": -103.6343888888889,
        "LATITUD": 25.67253055555556,
        "CVE_ACUIF": "0523",
        "NOM_ACUIF": "PRINCIPAL-REGION LAGUNERA",
        "CT_POZO": "NO",
        "DISEÑO_PE": "NO",
        "CORTE_LIT": "SI",
        "REG_ELEC": "NO",
        "INF_PERF": "NO",
        "REG_AFORO": "NO",
        "ANAL_AGUA": "SI",
        "CROQUIS": "SI",
        "TIPO_INF": "HIDROGEOQUÍMICO",
        "PROF_TOT_m": 188.06,
        "HGQ": "SI",
        "NE_M": 119.2,
        "Ca": 40.04,
        "Mg": 12.39666666666667,
        "Na": 158.8333333333333,
        "LONG_COL_m": 68.86,
        "ADEME_pulg": 16,
        "TEMP_°C": "28.4",
        "POT_H_s/u": "7.55",
        "CE_Us/cm": "647",
        "As_mg/L": "3.0000000000000001E-3",
        "URL": "https://sigagis.conagua.gob.mx/t_infbasica/INVENTARIO/10 DURANGO/PDF/10_0025.pdf",
        "NOM_EDO_OFICIAL": "DURANGO",
        "CVE_ACUIF_STR": "0523"
      }
    },
    {
      "type": "Feature",
      "geometry": {
        "type": "Point",
        "coordinates": [
          -103.64029,
          25.90164
        ]
      },
      "properties": {
        "fid": 110,
        "CVE_LGJO": "10_0025",
        "CVE_POZO": "POZO 554",
        "TIT_LGJO": "GEOHIDROLOGÍA DE LA LAGUNA, REALIZADA POR EL IMTA",
        "CVE_EDO": "10",
        "CVE_MPIO": "10013",
        "AÑO": "1993",
        "DESC": "POZO DE LA ZONA \"LA LAGUNA\".",
        "LONG_G": 103,
        "LONG_M": 38,
        "LONG_S": 25.04,
        "LAT_G": 25,
        "LAT_M": 54,
        "LAT_S": 5.9,
        "LONGITUD": -103.64029,
        "LATITUD": 25.90164,
        "CVE_ACUIF": "0523",
        "NOM_ACUIF": "PRINCIPAL-REGION LAGUNERA",
        "CT_POZO": "NO",
        "DISEÑO_PE": "NO",
        "CORTE_LIT": "NO",
        "REG_ELEC": "NO",
        "INF_PERF": "NO",
        "REG_AFORO": "NO",
        "ANAL_AGUA": "NO",
        "CROQUIS": "SI",
        "TIPO_INF": "CROQUIS",
        "HGQ": "NO",
        "URL": "https://sigagis.conagua.gob.mx/t_infbasica/INVENTARIO/10 DURANGO/PDF/10_0025.pdf",
        "NOM_EDO_OFICIAL": "DURANGO",
        "CVE_ACUIF_STR": "0523"
      }
    },
    {
      "type": "Feature",
      "geometry": {
        "type": "Point",
        "coordinates": [
          -103.2577111111111,
          25.70368888888889
        ]
      },
      "properties": {
        "fid": 111,
        "CVE_LGJO": "10_0025",
        "CVE_POZO": "POZO 738 (A1990)",
        "NOMB_POZO": "PREDIO BUEN ABRIGO",
        "TIT_LGJO": "GEOHIDROLOGÍA DE LA LAGUNA (I Y II ETAPA), REALIZADA POR EL IMTA",
        "CVE_EDO": "10",
        "CVE_MPIO": "10007",
        "AÑO": "1993",
        "DESC": "POZO SELECCIONADO (I Y II ETAPA ) EN LA INVESTIGACIÓN PARA CARACTERIZAR HIDROQUÍMICAMENTE DE LA ZONA \"LA LAGUNA\", DEGRADA POR CONCENTRACIONES ELEVADAS DE ARSÉNICO, MOSTRANDO UN DETERIORO EN SU CALIDAD FÍSICO-QUÍMICA.",
        "LONG_G": 103,
        "LONG_M": 15,
        "LONG_S": 27.76,
        "LAT_G": 25,
        "LAT_M": 42,
        "LAT_S": 13.28,
        "LONGITUD": -103.2577111111111,
        "LATITUD": 25.70368888888889,
        "CVE_ACUIF": "0523",
        "NOM_ACUIF": "PRINCIPAL-REGION LAGUNERA",
        "CT_POZO": "NO",
        "DISEÑO_PE": "NO",
        "CORTE_LIT": "SI",
        "REG_ELEC": "NO",
        "INF_PERF": "NO",
        "REG_AFORO": "NO",
        "ANAL_AGUA": "SI",
        "CROQUIS": "SI",
        "TIPO_INF": "PROFUNDIDAD",
        "HGQ": "SI",
        "LONG_COL_m": 94.49,
        "ADEME_pulg": 16,
        "TEMP_°C": "N.A.",
        "POT_H_s/u": "N.A.",
        "CE_Us/cm": "N.A.",
        "As_mg/L": "N.A.",
        "URL": "https://sigagis.conagua.gob.mx/t_infbasica/INVENTARIO/10 DURANGO/PDF/10_0025.pdf",
        "NOM_EDO_OFICIAL": "DURANGO",
        "CVE_ACUIF_STR": "0523"
      }
    },
    {
      "type": "Feature",
      "geometry": {
        "type": "Point",
        "coordinates": [
          -103.2577111111111,
          25.70368888888889
        ]
      },
      "properties": {
        "fid": 112,
        "CVE_LGJO": "10_0025",
        "CVE_POZO": "POZO 738 (A1993)",
        "NOMB_POZO": "PREDIO BUEN ABRIGO",
        "TIT_LGJO": "GEOHIDROLOGÍA DE LA LAGUNA, REALIZADA POR EL IMTA",
        "CVE_EDO": "10",
        "CVE_MPIO": "10007",
        "AÑO": "1993",
        "DESC": "POZO SELECCIONADO (III ETAPA ) EN LA INVESTIGACIÓN PARA CARACTERIZAR HIDROQUÍMICAMENTE DE LA ZONA \"LA LAGUNA\", DEGRADA POR CONCENTRACIONES ELEVADAS DE ARSÉNICO, MOSTRANDO UN DETERIORO EN SU CALIDAD FÍSICO-QUÍMICA.",
        "LONG_G": 103,
        "LONG_M": 15,
        "LONG_S": 27.76,
        "LAT_G": 25,
        "LAT_M": 42,
        "LAT_S": 13.28,
        "LONGITUD": -103.2577111111111,
        "LATITUD": 25.70368888888889,
        "CVE_ACUIF": "0523",
        "NOM_ACUIF": "PRINCIPAL-REGION LAGUNERA",
        "CT_POZO": "NO",
        "DISEÑO_PE": "NO",
        "CORTE_LIT": "SI",
        "REG_ELEC": "NO",
        "INF_PERF": "NO",
        "REG_AFORO": "NO",
        "ANAL_AGUA": "SI",
        "CROQUIS": "SI",
        "TIPO_INF": "HIDROGEOQUÍMICO",
        "HGQ": "SI",
        "NE_M": 48.16,
        "Ca": 282.875,
        "Mg": 24.3,
        "Na": 8.1275,
        "LONG_COL_m": 94.49,
        "ADEME_pulg": 16,
        "TEMP_°C": "27.9",
        "POT_H_s/u": "6.78",
        "CE_Us/cm": "2536",
        "As_mg/L": "7.1999999999999998E-3",
        "URL": "https://sigagis.conagua.gob.mx/t_infbasica/INVENTARIO/10 DURANGO/PDF/10_0025.pdf",
        "NOM_EDO_OFICIAL": "DURANGO",
        "CVE_ACUIF_STR": "0523"
      }
    },
    {
      "type": "Feature",
      "geometry": {
        "type": "Point",
        "coordinates": [
          -103.2898,
          25.66001
        ]
      },
      "properties": {
        "fid": 113,
        "CVE_LGJO": "10_0025",
        "CVE_POZO": "POZO 756 (A1990)",
        "TIT_LGJO": "GEOHIDROLOGÍA DE LA LAGUNA (I Y II ETAPA), REALIZADA POR EL IMTA",
        "CVE_EDO": "05",
        "CVE_MPIO": "05017",
        "AÑO": "1993",
        "DESC": "POZO SELECCIONADO (I Y II ETAPA ) EN LA INVESTIGACIÓN PARA CARACTERIZAR HIDROQUÍMICAMENTE DE LA ZONA \"LA LAGUNA\", DEGRADA POR CONCENTRACIONES ELEVADAS DE ARSÉNICO, MOSTRANDO UN DETERIORO EN SU CALIDAD FÍSICO-QUÍMICA.",
        "LONG_G": 103,
        "LONG_M": 17,
        "LONG_S": 23.28,
        "LAT_G": 25,
        "LAT_M": 39,
        "LAT_S": 36.04,
        "LONGITUD": -103.2898,
        "LATITUD": 25.66001,
        "CVE_ACUIF": "0523",
        "NOM_ACUIF": "PRINCIPAL-REGION LAGUNERA",
        "CT_POZO": "NO",
        "DISEÑO_PE": "NO",
        "CORTE_LIT": "NO",
        "REG_ELEC": "NO",
        "INF_PERF": "NO",
        "REG_AFORO": "NO",
        "ANAL_AGUA": "SI",
        "CROQUIS": "SI",
        "TIPO_INF": "HIDROGEOQUÍMICO",
        "HGQ": "SI",
        "TEMP_°C": "25",
        "POT_H_s/u": "6.7",
        "CE_Us/cm": "2450",
        "As_mg/L": "6.7999999999999996E-3",
        "URL": "https://sigagis.conagua.gob.mx/t_infbasica/INVENTARIO/05 COAHUILA DE ZARAGOZA/PDF/10_0025.pdf",
        "NOM_EDO_OFICIAL": "COAHUILA",
        "CVE_ACUIF_STR": "0523"
      }
    },
    {
      "type": "Feature",
      "geometry": {
        "type": "Point",
        "coordinates": [
          -103.2898,
          25.66001
        ]
      },
      "properties": {
        "fid": 114,
        "CVE_LGJO": "10_0025",
        "CVE_POZO": "POZO 756 (A1993)",
        "TIT_LGJO": "GEOHIDROLOGÍA DE LA LAGUNA, REALIZADA POR EL IMTA",
        "CVE_EDO": "05",
        "CVE_MPIO": "05017",
        "AÑO": "1993",
        "DESC": "POZO SELECCIONADO EN LA INVESTIGACIÓN PARA CARACTERIZAR HIDROQUÍMICAMENTE DE LA ZONA \"LA LAGUNA\", DEGRADA POR CONCENTRACIONES ELEVADAS DE ARSÉNICO, MOSTRANDO UN DETERIORO EN SU CALIDAD FÍSICO-QUÍMICA.",
        "LONG_G": 103,
        "LONG_M": 17,
        "LONG_S": 23.28,
        "LAT_G": 25,
        "LAT_M": 39,
        "LAT_S": 36.04,
        "LONGITUD": -103.2898,
        "LATITUD": 25.66001,
        "CVE_ACUIF": "0523",
        "NOM_ACUIF": "PRINCIPAL-REGION LAGUNERA",
        "CT_POZO": "NO",
        "DISEÑO_PE": "NO",
        "CORTE_LIT": "NO",
        "REG_ELEC": "NO",
        "INF_PERF": "NO",
        "REG_AFORO": "NO",
        "ANAL_AGUA": "SI",
        "CROQUIS": "SI",
        "TIPO_INF": "HIDROGEOQUÍMICO",
        "HGQ": "SI",
        "TEMP_°C": "24.1",
        "POT_H_s/u": "6.53",
        "CE_Us/cm": "5210",
        "As_mg/L": "2E-3",
        "URL": "https://sigagis.conagua.gob.mx/t_infbasica/INVENTARIO/05 COAHUILA DE ZARAGOZA/PDF/10_0025.pdf",
        "NOM_EDO_OFICIAL": "COAHUILA",
        "CVE_ACUIF_STR": "0523"
      }
    },
    {
      "type": "Feature",
      "geometry": {
        "type": "Point",
        "coordinates": [
          -103.30345,
          25.59591111111111
        ]
      },
      "properties": {
        "fid": 115,
        "CVE_LGJO": "10_0025",
        "CVE_POZO": "POZO 772 (A1990)",
        "TIT_LGJO": "GEOHIDROLOGÍA DE LA LAGUNA (I Y II ETAPA), REALIZADA POR EL IMTA",
        "CVE_EDO": "10",
        "CVE_MPIO": "10007",
        "AÑO": "1993",
        "DESC": "POZO SELECCIONADO (I Y II ETAPA ) EN LA INVESTIGACIÓN PARA CARACTERIZAR HIDROQUÍMICAMENTE DE LA ZONA \"LA LAGUNA\", DEGRADA POR CONCENTRACIONES ELEVADAS DE ARSÉNICO, MOSTRANDO UN DETERIORO EN SU CALIDAD FÍSICO-QUÍMICA.",
        "LONG_G": 103,
        "LONG_M": 18,
        "LONG_S": 12.42,
        "LAT_G": 25,
        "LAT_M": 35,
        "LAT_S": 45.28,
        "LONGITUD": -103.30345,
        "LATITUD": 25.59591111111111,
        "CVE_ACUIF": "0523",
        "NOM_ACUIF": "PRINCIPAL-REGION LAGUNERA",
        "CT_POZO": "NO",
        "DISEÑO_PE": "NO",
        "CORTE_LIT": "NO",
        "REG_ELEC": "NO",
        "INF_PERF": "NO",
        "REG_AFORO": "NO",
        "ANAL_AGUA": "SI",
        "CROQUIS": "SI",
        "TIPO_INF": "HIDROGEOQUÍMICO",
        "HGQ": "SI",
        "TEMP_°C": "N.A.",
        "POT_H_s/u": "N.A.",
        "CE_Us/cm": "N.A.",
        "As_mg/L": "N.A.",
        "URL": "https://sigagis.conagua.gob.mx/t_infbasica/INVENTARIO/10 DURANGO/PDF/10_0025.pdf",
        "NOM_EDO_OFICIAL": "DURANGO",
        "CVE_ACUIF_STR": "0523"
      }
    },
    {
      "type": "Feature",
      "geometry": {
        "type": "Point",
        "coordinates": [
          -103.30345,
          25.59591111111111
        ]
      },
      "properties": {
        "fid": 116,
        "CVE_LGJO": "10_0025",
        "CVE_POZO": "POZO 772 (A1993)",
        "TIT_LGJO": "GEOHIDROLOGÍA DE LA LAGUNA, REALIZADA POR EL IMTA",
        "CVE_EDO": "10",
        "CVE_MPIO": "10007",
        "AÑO": "1993",
        "DESC": "POZO SELECCIONADO EN LA INVESTIGACIÓN PARA CARACTERIZAR HIDROQUÍMICAMENTE DE LA ZONA \"LA LAGUNA\", DEGRADA POR CONCENTRACIONES ELEVADAS DE ARSÉNICO, MOSTRANDO UN DETERIORO EN SU CALIDAD FÍSICO-QUÍMICA.",
        "LONG_G": 103,
        "LONG_M": 18,
        "LONG_S": 12.42,
        "LAT_G": 25,
        "LAT_M": 35,
        "LAT_S": 45.28,
        "LONGITUD": -103.30345,
        "LATITUD": 25.59591111111111,
        "CVE_ACUIF": "0523",
        "NOM_ACUIF": "PRINCIPAL-REGION LAGUNERA",
        "CT_POZO": "NO",
        "DISEÑO_PE": "NO",
        "CORTE_LIT": "NO",
        "REG_ELEC": "NO",
        "INF_PERF": "NO",
        "REG_AFORO": "NO",
        "ANAL_AGUA": "SI",
        "CROQUIS": "SI",
        "TIPO_INF": "HIDROGEOQUÍMICO",
        "HGQ": "SI",
        "TEMP_°C": "30.1",
        "POT_H_s/u": "6.78",
        "CE_Us/cm": "279",
        "As_mg/L": "7.6E-3",
        "URL": "https://sigagis.conagua.gob.mx/t_infbasica/INVENTARIO/10 DURANGO/PDF/10_0025.pdf",
        "NOM_EDO_OFICIAL": "DURANGO",
        "CVE_ACUIF_STR": "0523"
      }
    },
    {
      "type": "Feature",
      "geometry": {
        "type": "Point",
        "coordinates": [
          -103.308817,
          25.594605
        ]
      },
      "properties": {
        "fid": 117,
        "CVE_LGJO": "10_0025",
        "CVE_POZO": "POZO 774",
        "TIT_LGJO": "GEOHIDROLOGÍA DE LA LAGUNA, REALIZADA POR EL IMTA",
        "CVE_EDO": "05",
        "CVE_MPIO": "05035",
        "AÑO": "1993",
        "DESC": "POZO DE LA ZONA \"LA LAGUNA\".",
        "LONG_G": 103,
        "LONG_M": 18,
        "LONG_S": 31.74,
        "LAT_G": 25,
        "LAT_M": 35,
        "LAT_S": 40.58,
        "LONGITUD": -103.308817,
        "LATITUD": 25.594605,
        "CVE_ACUIF": "0523",
        "NOM_ACUIF": "PRINCIPAL-REGION LAGUNERA",
        "CT_POZO": "NO",
        "DISEÑO_PE": "NO",
        "CORTE_LIT": "NO",
        "REG_ELEC": "NO",
        "INF_PERF": "NO",
        "REG_AFORO": "NO",
        "ANAL_AGUA": "NO",
        "CROQUIS": "SI",
        "TIPO_INF": "CROQUIS",
        "HGQ": "NO",
        "URL": "https://sigagis.conagua.gob.mx/t_infbasica/INVENTARIO/05 COAHUILA DE ZARAGOZA/PDF/10_0025.pdf",
        "NOM_EDO_OFICIAL": "COAHUILA",
        "CVE_ACUIF_STR": "0523"
      }
    },
    {
      "type": "Feature",
      "geometry": {
        "type": "Point",
        "coordinates": [
          -103.2516,
          25.69881
        ]
      },
      "properties": {
        "fid": 118,
        "CVE_LGJO": "10_0025",
        "CVE_POZO": "POZO 847",
        "TIT_LGJO": "GEOHIDROLOGÍA DE LA LAGUNA, REALIZADA POR EL IMTA",
        "CVE_EDO": "05",
        "CVE_MPIO": "05017",
        "AÑO": "1993",
        "DESC": "POZO DE LA ZONA \"LA LAGUNA\".",
        "LONG_G": 103,
        "LONG_M": 15,
        "LONG_S": 5.76,
        "LAT_G": 25,
        "LAT_M": 41,
        "LAT_S": 55.72,
        "LONGITUD": -103.2516,
        "LATITUD": 25.69881,
        "CVE_ACUIF": "0523",
        "NOM_ACUIF": "PRINCIPAL-REGION LAGUNERA",
        "CT_POZO": "NO",
        "DISEÑO_PE": "NO",
        "CORTE_LIT": "NO",
        "REG_ELEC": "NO",
        "INF_PERF": "NO",
        "REG_AFORO": "NO",
        "ANAL_AGUA": "NO",
        "CROQUIS": "SI",
        "TIPO_INF": "CROQUIS",
        "HGQ": "NO",
        "URL": "https://sigagis.conagua.gob.mx/t_infbasica/INVENTARIO/05 COAHUILA DE ZARAGOZA/PDF/10_0025.pdf",
        "NOM_EDO_OFICIAL": "COAHUILA",
        "CVE_ACUIF_STR": "0523"
      }
    },
    {
      "type": "Feature",
      "geometry": {
        "type": "Point",
        "coordinates": [
          -103.162951,
          25.749508
        ]
      },
      "properties": {
        "fid": 119,
        "CVE_LGJO": "10_0025",
        "CVE_POZO": "POZO 901 (A1990)",
        "TIT_LGJO": "GEOHIDROLOGÍA DE LA LAGUNA (I Y II ETAPA), REALIZADA POR EL IMTA",
        "CVE_EDO": "05",
        "CVE_MPIO": "05033",
        "AÑO": "1993",
        "DESC": "POZO SELECCIONADO (I Y II ETAPA ) EN LA INVESTIGACIÓN PARA CARACTERIZAR HIDROQUÍMICAMENTE DE LA ZONA \"LA LAGUNA\", DEGRADA POR CONCENTRACIONES ELEVADAS DE ARSÉNICO, MOSTRANDO UN DETERIORO EN SU CALIDAD FÍSICO-QUÍMICA.",
        "LONG_G": 103,
        "LONG_M": 9,
        "LONG_S": 46.62,
        "LAT_G": 25,
        "LAT_M": 44,
        "LAT_S": 58.23,
        "LONGITUD": -103.162951,
        "LATITUD": 25.749508,
        "CVE_ACUIF": "0523",
        "NOM_ACUIF": "PRINCIPAL-REGION LAGUNERA",
        "CT_POZO": "NO",
        "DISEÑO_PE": "NO",
        "CORTE_LIT": "NO",
        "REG_ELEC": "NO",
        "INF_PERF": "NO",
        "REG_AFORO": "NO",
        "ANAL_AGUA": "SI",
        "CROQUIS": "SI",
        "TIPO_INF": "HIDROGEOQUÍMICO",
        "HGQ": "SI",
        "TEMP_°C": "24.6",
        "POT_H_s/u": "6.3",
        "CE_Us/cm": "3060",
        "As_mg/L": "0.1123",
        "URL": "https://sigagis.conagua.gob.mx/t_infbasica/INVENTARIO/05 COAHUILA DE ZARAGOZA/PDF/10_0025.pdf",
        "NOM_EDO_OFICIAL": "COAHUILA",
        "CVE_ACUIF_STR": "0523"
      }
    },
    {
      "type": "Feature",
      "geometry": {
        "type": "Point",
        "coordinates": [
          -103.162951,
          25.749508
        ]
      },
      "properties": {
        "fid": 120,
        "CVE_LGJO": "10_0025",
        "CVE_POZO": "POZO 901 (A1993)",
        "TIT_LGJO": "GEOHIDROLOGÍA DE LA LAGUNA, REALIZADA POR EL IMTA",
        "CVE_EDO": "05",
        "CVE_MPIO": "05033",
        "AÑO": "1993",
        "DESC": "POZO SELECCIONADO EN LA INVESTIGACIÓN PARA CARACTERIZAR HIDROQUÍMICAMENTE DE LA ZONA \"LA LAGUNA\", DEGRADA POR CONCENTRACIONES ELEVADAS DE ARSÉNICO, MOSTRANDO UN DETERIORO EN SU CALIDAD FÍSICO-QUÍMICA.",
        "LONG_G": 103,
        "LONG_M": 9,
        "LONG_S": 46.62,
        "LAT_G": 25,
        "LAT_M": 44,
        "LAT_S": 58.23,
        "LONGITUD": -103.162951,
        "LATITUD": 25.749508,
        "CVE_ACUIF": "0523",
        "NOM_ACUIF": "PRINCIPAL-REGION LAGUNERA",
        "CT_POZO": "NO",
        "DISEÑO_PE": "NO",
        "CORTE_LIT": "NO",
        "REG_ELEC": "NO",
        "INF_PERF": "NO",
        "REG_AFORO": "NO",
        "ANAL_AGUA": "SI",
        "CROQUIS": "SI",
        "TIPO_INF": "HIDROGEOQUÍMICO",
        "HGQ": "SI",
        "TEMP_°C": "23.2",
        "POT_H_s/u": "7.48",
        "CE_Us/cm": "1862",
        "As_mg/L": "0.03",
        "URL": "https://sigagis.conagua.gob.mx/t_infbasica/INVENTARIO/05 COAHUILA DE ZARAGOZA/PDF/10_0025.pdf",
        "NOM_EDO_OFICIAL": "COAHUILA",
        "CVE_ACUIF_STR": "0523"
      }
    },
    {
      "type": "Feature",
      "geometry": {
        "type": "Point",
        "coordinates": [
          -103.25917,
          25.86612
        ]
      },
      "properties": {
        "fid": 121,
        "CVE_LGJO": "10_0025",
        "CVE_POZO": "POZO 1000",
        "TIT_LGJO": "GEOHIDROLOGÍA DE LA LAGUNA, REALIZADA POR EL IMTA",
        "CVE_EDO": "05",
        "CVE_MPIO": "05009",
        "AÑO": "1993",
        "DESC": "POZO SELECCIONADO EN LA INVESTIGACIÓN PARA CARACTERIZAR HIDROQUÍMICAMENTE DE LA ZONA \"LA LAGUNA\", DEGRADA POR CONCENTRACIONES ELEVADAS DE ARSÉNICO, MOSTRANDO UN DETERIORO EN SU CALIDAD FÍSICO-QUÍMICA.",
        "LONG_G": 103,
        "LONG_M": 15,
        "LONG_S": 33.01,
        "LAT_G": 25,
        "LAT_M": 51,
        "LAT_S": 58.03,
        "LONGITUD": -103.25917,
        "LATITUD": 25.86612,
        "CVE_ACUIF": "0523",
        "NOM_ACUIF": "PRINCIPAL-REGION LAGUNERA",
        "CT_POZO": "NO",
        "DISEÑO_PE": "NO",
        "CORTE_LIT": "NO",
        "REG_ELEC": "NO",
        "INF_PERF": "NO",
        "REG_AFORO": "NO",
        "ANAL_AGUA": "NO",
        "CROQUIS": "SI",
        "TIPO_INF": "CROQUIS",
        "HGQ": "NO",
        "URL": "https://sigagis.conagua.gob.mx/t_infbasica/INVENTARIO/05 COAHUILA DE ZARAGOZA/PDF/10_0025.pdf",
        "NOM_EDO_OFICIAL": "COAHUILA",
        "CVE_ACUIF_STR": "0523"
      }
    },
    {
      "type": "Feature",
      "geometry": {
        "type": "Point",
        "coordinates": [
          -103.12449,
          25.89206
        ]
      },
      "properties": {
        "fid": 122,
        "CVE_LGJO": "10_0025",
        "CVE_POZO": "POZO 1036 (A1993)",
        "TIT_LGJO": "GEOHIDROLOGÍA DE LA LAGUNA, REALIZADA POR EL IMTA",
        "CVE_EDO": "05",
        "CVE_MPIO": "05033",
        "AÑO": "1993",
        "DESC": "POZO SELECCIONADO EN LA INVESTIGACIÓN PARA CARACTERIZAR HIDROQUÍMICAMENTE DE LA ZONA \"LA LAGUNA\", DEGRADA POR CONCENTRACIONES ELEVADAS DE ARSÉNICO, MOSTRANDO UN DETERIORO EN SU CALIDAD FÍSICO-QUÍMICA.",
        "LONG_G": 103,
        "LONG_M": 7,
        "LONG_S": 28.16,
        "LAT_G": 25,
        "LAT_M": 53,
        "LAT_S": 31.42,
        "LONGITUD": -103.12449,
        "LATITUD": 25.89206,
        "CVE_ACUIF": "0523",
        "NOM_ACUIF": "PRINCIPAL-REGION LAGUNERA",
        "CT_POZO": "NO",
        "DISEÑO_PE": "NO",
        "CORTE_LIT": "NO",
        "REG_ELEC": "NO",
        "INF_PERF": "NO",
        "REG_AFORO": "NO",
        "ANAL_AGUA": "NO",
        "CROQUIS": "SI",
        "TIPO_INF": "PROFUNDIDAD",
        "HGQ": "SI",
        "NE_M": 60.66,
        "URL": "https://sigagis.conagua.gob.mx/t_infbasica/INVENTARIO/05 COAHUILA DE ZARAGOZA/PDF/10_0025.pdf",
        "NOM_EDO_OFICIAL": "COAHUILA",
        "CVE_ACUIF_STR": "0523"
      }
    },
    {
      "type": "Feature",
      "geometry": {
        "type": "Point",
        "coordinates": [
          -103.31337,
          25.82717
        ]
      },
      "properties": {
        "fid": 123,
        "CVE_LGJO": "10_0025",
        "CVE_POZO": "POZO 1040 (A1990)",
        "TIT_LGJO": "GEOHIDROLOGÍA DE LA LAGUNA (I Y II ETAPA), REALIZADA POR EL IMTA",
        "CVE_EDO": "05",
        "CVE_MPIO": "05009",
        "AÑO": "1993",
        "DESC": "POZO SELECCIONADO (I Y II ETAPA ) EN LA INVESTIGACIÓN PARA CARACTERIZAR HIDROQUÍMICAMENTE DE LA ZONA \"LA LAGUNA\", DEGRADA POR CONCENTRACIONES ELEVADAS DE ARSÉNICO, MOSTRANDO UN DETERIORO EN SU CALIDAD FÍSICO-QUÍMICA.",
        "LONG_G": 103,
        "LONG_M": 18,
        "LONG_S": 48.13,
        "LAT_G": 25,
        "LAT_M": 49,
        "LAT_S": 37.81,
        "LONGITUD": -103.31337,
        "LATITUD": 25.82717,
        "CVE_ACUIF": "0523",
        "NOM_ACUIF": "PRINCIPAL-REGION LAGUNERA",
        "CT_POZO": "NO",
        "DISEÑO_PE": "NO",
        "CORTE_LIT": "NO",
        "REG_ELEC": "NO",
        "INF_PERF": "NO",
        "REG_AFORO": "NO",
        "ANAL_AGUA": "SI",
        "CROQUIS": "SI",
        "TIPO_INF": "HIDROGEOQUÍMICO",
        "HGQ": "SI",
        "TEMP_°C": "28.6",
        "POT_H_s/u": "6.9",
        "CE_Us/cm": "661",
        "As_mg/L": "1.55E-2",
        "URL": "https://sigagis.conagua.gob.mx/t_infbasica/INVENTARIO/05 COAHUILA DE ZARAGOZA/PDF/10_0025.pdf",
        "NOM_EDO_OFICIAL": "COAHUILA",
        "CVE_ACUIF_STR": "0523"
      }
    },
    {
      "type": "Feature",
      "geometry": {
        "type": "Point",
        "coordinates": [
          -103.31337,
          25.82717
        ]
      },
      "properties": {
        "fid": 124,
        "CVE_LGJO": "10_0025",
        "CVE_POZO": "POZO 1040 (A1993)",
        "TIT_LGJO": "GEOHIDROLOGÍA DE LA LAGUNA, REALIZADA POR EL IMTA",
        "CVE_EDO": "05",
        "CVE_MPIO": "05009",
        "AÑO": "1993",
        "DESC": "POZO SELECCIONADO EN LA INVESTIGACIÓN PARA CARACTERIZAR HIDROQUÍMICAMENTE DE LA ZONA \"LA LAGUNA\", DEGRADA POR CONCENTRACIONES ELEVADAS DE ARSÉNICO, MOSTRANDO UN DETERIORO EN SU CALIDAD FÍSICO-QUÍMICA.",
        "LONG_G": 103,
        "LONG_M": 18,
        "LONG_S": 48.13,
        "LAT_G": 25,
        "LAT_M": 49,
        "LAT_S": 37.81,
        "LONGITUD": -103.31337,
        "LATITUD": 25.82717,
        "CVE_ACUIF": "0523",
        "NOM_ACUIF": "PRINCIPAL-REGION LAGUNERA",
        "CT_POZO": "NO",
        "DISEÑO_PE": "NO",
        "CORTE_LIT": "NO",
        "REG_ELEC": "NO",
        "INF_PERF": "NO",
        "REG_AFORO": "NO",
        "ANAL_AGUA": "SI",
        "CROQUIS": "SI",
        "TIPO_INF": "HIDROGEOQUÍMICO",
        "HGQ": "SI",
        "TEMP_°C": "29.4",
        "POT_H_s/u": "7.45",
        "CE_Us/cm": "585",
        "As_mg/L": "4.3499999999999997E-2",
        "URL": "https://sigagis.conagua.gob.mx/t_infbasica/INVENTARIO/05 COAHUILA DE ZARAGOZA/PDF/10_0025.pdf",
        "NOM_EDO_OFICIAL": "COAHUILA",
        "CVE_ACUIF_STR": "0523"
      }
    },
    {
      "type": "Feature",
      "geometry": {
        "type": "Point",
        "coordinates": [
          -103.4421722222222,
          25.934675
        ]
      },
      "properties": {
        "fid": 125,
        "CVE_LGJO": "10_0025",
        "CVE_POZO": "POZO 1085 (A1990)",
        "NOMB_POZO": "PREDIO GUADALUPE",
        "TIT_LGJO": "GEOHIDROLOGÍA DE LA LAGUNA (I Y II ETAPA), REALIZADA POR EL IMTA",
        "CVE_EDO": "10",
        "CVE_MPIO": "10036",
        "AÑO": "1993",
        "DESC": "POZO SELECCIONADO (I Y II ETAPA ) EN LA INVESTIGACIÓN PARA CARACTERIZAR HIDROQUÍMICAMENTE DE LA ZONA \"LA LAGUNA\", DEGRADA POR CONCENTRACIONES ELEVADAS DE ARSÉNICO, MOSTRANDO UN DETERIORO EN SU CALIDAD FÍSICO-QUÍMICA.",
        "LONG_G": 103,
        "LONG_M": 26,
        "LONG_S": 31.82,
        "LAT_G": 25,
        "LAT_M": 56,
        "LAT_S": 4.83,
        "LONGITUD": -103.4421722222222,
        "LATITUD": 25.934675,
        "CVE_ACUIF": "0523",
        "NOM_ACUIF": "PRINCIPAL-REGION LAGUNERA",
        "CT_POZO": "NO",
        "DISEÑO_PE": "NO",
        "CORTE_LIT": "SI",
        "REG_ELEC": "NO",
        "INF_PERF": "NO",
        "REG_AFORO": "NO",
        "ANAL_AGUA": "SI",
        "CROQUIS": "SI",
        "TIPO_INF": "PROFUNDIDAD",
        "PROF_TOT_m": 104.24,
        "HGQ": "SI",
        "LONG_COL_m": 46.94,
        "ADEME_pulg": 16,
        "TEMP_°C": "N.A.",
        "POT_H_s/u": "N.A.",
        "CE_Us/cm": "N.A.",
        "As_mg/L": "N.A.",
        "URL": "https://sigagis.conagua.gob.mx/t_infbasica/INVENTARIO/10 DURANGO/PDF/10_0025.pdf",
        "NOM_EDO_OFICIAL": "DURANGO",
        "CVE_ACUIF_STR": "0523"
      }
    },
    {
      "type": "Feature",
      "geometry": {
        "type": "Point",
        "coordinates": [
          -103.4421722222222,
          25.934675
        ]
      },
      "properties": {
        "fid": 126,
        "CVE_LGJO": "10_0025",
        "CVE_POZO": "POZO 1085 (A1993)",
        "NOMB_POZO": "PREDIO GUADALUPE",
        "TIT_LGJO": "GEOHIDROLOGÍA DE LA LAGUNA, REALIZADA POR EL IMTA",
        "CVE_EDO": "10",
        "CVE_MPIO": "10036",
        "AÑO": "1993",
        "DESC": "POZO SELECCIONADO (III ETAPA ) EN LA INVESTIGACIÓN PARA CARACTERIZAR HIDROQUÍMICAMENTE DE LA ZONA \"LA LAGUNA\", DEGRADA POR CONCENTRACIONES ELEVADAS DE ARSÉNICO, MOSTRANDO UN DETERIORO EN SU CALIDAD FÍSICO-QUÍMICA.",
        "LONG_G": 103,
        "LONG_M": 26,
        "LONG_S": 31.82,
        "LAT_G": 25,
        "LAT_M": 56,
        "LAT_S": 4.83,
        "LONGITUD": -103.4421722222222,
        "LATITUD": 25.934675,
        "CVE_ACUIF": "0523",
        "NOM_ACUIF": "PRINCIPAL-REGION LAGUNERA",
        "CT_POZO": "NO",
        "DISEÑO_PE": "NO",
        "CORTE_LIT": "SI",
        "REG_ELEC": "NO",
        "INF_PERF": "NO",
        "REG_AFORO": "NO",
        "ANAL_AGUA": "SI",
        "CROQUIS": "SI",
        "TIPO_INF": "HIDROGEOQUÍMICO",
        "PROF_TOT_m": 104.24,
        "HGQ": "SI",
        "NE_M": 57.3,
        "Ca": 366.5,
        "Mg": 62.98,
        "Na": 860.5,
        "LONG_COL_m": 46.94,
        "ADEME_pulg": 16,
        "TEMP_°C": "26.7",
        "POT_H_s/u": "7.36",
        "CE_Us/cm": "4770",
        "As_mg/L": "4.5400000000000003E-2",
        "URL": "https://sigagis.conagua.gob.mx/t_infbasica/INVENTARIO/10 DURANGO/PDF/10_0025.pdf",
        "NOM_EDO_OFICIAL": "DURANGO",
        "CVE_ACUIF_STR": "0523"
      }
    },
    {
      "type": "Feature",
      "geometry": {
        "type": "Point",
        "coordinates": [
          -103.13284,
          25.51227
        ]
      },
      "properties": {
        "fid": 127,
        "CVE_LGJO": "10_0025",
        "CVE_POZO": "POZO 1125",
        "TIT_LGJO": "GEOHIDROLOGÍA DE LA LAGUNA, REALIZADA POR EL IMTA",
        "CVE_EDO": "05",
        "CVE_MPIO": "05017",
        "AÑO": "1993",
        "DESC": "POZO DE LA ZONA \"LA LAGUNA\".",
        "LONG_G": 103,
        "LONG_M": 7,
        "LONG_S": 58.22,
        "LAT_G": 25,
        "LAT_M": 30,
        "LAT_S": 44.17,
        "LONGITUD": -103.13284,
        "LATITUD": 25.51227,
        "CVE_ACUIF": "0523",
        "NOM_ACUIF": "PRINCIPAL-REGION LAGUNERA",
        "CT_POZO": "NO",
        "DISEÑO_PE": "NO",
        "CORTE_LIT": "NO",
        "REG_ELEC": "NO",
        "INF_PERF": "NO",
        "REG_AFORO": "NO",
        "ANAL_AGUA": "NO",
        "CROQUIS": "SI",
        "TIPO_INF": "CROQUIS",
        "HGQ": "NO",
        "URL": "https://sigagis.conagua.gob.mx/t_infbasica/INVENTARIO/05 COAHUILA DE ZARAGOZA/PDF/10_0025.pdf",
        "NOM_EDO_OFICIAL": "COAHUILA",
        "CVE_ACUIF_STR": "0523"
      }
    },
    {
      "type": "Feature",
      "geometry": {
        "type": "Point",
        "coordinates": [
          -103.16402,
          25.43774
        ]
      },
      "properties": {
        "fid": 128,
        "CVE_LGJO": "10_0025",
        "CVE_POZO": "POZO 1198 (A1993)",
        "TIT_LGJO": "GEOHIDROLOGÍA DE LA LAGUNA, REALIZADA POR EL IMTA",
        "CVE_EDO": "05",
        "CVE_MPIO": "05017",
        "AÑO": "1993",
        "DESC": "POZO SELECCIONADO EN LA INVESTIGACIÓN PARA CARACTERIZAR HIDROQUÍMICAMENTE DE LA ZONA \"LA LAGUNA\", DEGRADA POR CONCENTRACIONES ELEVADAS DE ARSÉNICO, MOSTRANDO UN DETERIORO EN SU CALIDAD FÍSICO-QUÍMICA.",
        "LONG_G": 103,
        "LONG_M": 9,
        "LONG_S": 50.47,
        "LAT_G": 25,
        "LAT_M": 26,
        "LAT_S": 15.86,
        "LONGITUD": -103.16402,
        "LATITUD": 25.43774,
        "CVE_ACUIF": "0523",
        "NOM_ACUIF": "PRINCIPAL-REGION LAGUNERA",
        "CT_POZO": "NO",
        "DISEÑO_PE": "NO",
        "CORTE_LIT": "NO",
        "REG_ELEC": "NO",
        "INF_PERF": "NO",
        "REG_AFORO": "NO",
        "ANAL_AGUA": "NO",
        "CROQUIS": "SI",
        "TIPO_INF": "PROFUNDIDAD",
        "HGQ": "SI",
        "NE_M": 119.18,
        "URL": "https://sigagis.conagua.gob.mx/t_infbasica/INVENTARIO/05 COAHUILA DE ZARAGOZA/PDF/10_0025.pdf",
        "NOM_EDO_OFICIAL": "COAHUILA",
        "CVE_ACUIF_STR": "0523"
      }
    },
    {
      "type": "Feature",
      "geometry": {
        "type": "Point",
        "coordinates": [
          -103.12881,
          25.4295
        ]
      },
      "properties": {
        "fid": 129,
        "CVE_LGJO": "10_0025",
        "CVE_POZO": "POZO 1219 (A1990)",
        "TIT_LGJO": "GEOHIDROLOGÍA DE LA LAGUNA (I Y II ETAPA), REALIZADA POR EL IMTA",
        "CVE_EDO": "05",
        "CVE_MPIO": "05017",
        "AÑO": "1993",
        "DESC": "POZO SELECCIONADO (I Y II ETAPA ) EN LA INVESTIGACIÓN PARA CARACTERIZAR HIDROQUÍMICAMENTE DE LA ZONA \"LA LAGUNA\", DEGRADA POR CONCENTRACIONES ELEVADAS DE ARSÉNICO, MOSTRANDO UN DETERIORO EN SU CALIDAD FÍSICO-QUÍMICA.",
        "LONG_G": 103,
        "LONG_M": 7,
        "LONG_S": 43.72,
        "LAT_G": 25,
        "LAT_M": 25,
        "LAT_S": 46.2,
        "LONGITUD": -103.12881,
        "LATITUD": 25.4295,
        "CVE_ACUIF": "0523",
        "NOM_ACUIF": "PRINCIPAL-REGION LAGUNERA",
        "CT_POZO": "NO",
        "DISEÑO_PE": "NO",
        "CORTE_LIT": "NO",
        "REG_ELEC": "NO",
        "INF_PERF": "NO",
        "REG_AFORO": "NO",
        "ANAL_AGUA": "SI",
        "CROQUIS": "SI",
        "TIPO_INF": "HIDROGEOQUÍMICO",
        "HGQ": "SI",
        "TEMP_°C": "27",
        "POT_H_s/u": "7.77",
        "CE_Us/cm": "947",
        "As_mg/L": "2.3400000000000001E-2",
        "URL": "https://sigagis.conagua.gob.mx/t_infbasica/INVENTARIO/05 COAHUILA DE ZARAGOZA/PDF/10_0025.pdf",
        "NOM_EDO_OFICIAL": "COAHUILA",
        "CVE_ACUIF_STR": "0523"
      }
    },
    {
      "type": "Feature",
      "geometry": {
        "type": "Point",
        "coordinates": [
          -103.12881,
          25.4295
        ]
      },
      "properties": {
        "fid": 130,
        "CVE_LGJO": "10_0025",
        "CVE_POZO": "POZO 1219 (A1993)",
        "TIT_LGJO": "GEOHIDROLOGÍA DE LA LAGUNA, REALIZADA POR EL IMTA",
        "CVE_EDO": "05",
        "CVE_MPIO": "05017",
        "AÑO": "1993",
        "DESC": "POZO SELECCIONADO EN LA INVESTIGACIÓN PARA CARACTERIZAR HIDROQUÍMICAMENTE DE LA ZONA \"LA LAGUNA\", DEGRADA POR CONCENTRACIONES ELEVADAS DE ARSÉNICO, MOSTRANDO UN DETERIORO EN SU CALIDAD FÍSICO-QUÍMICA.",
        "LONG_G": 103,
        "LONG_M": 7,
        "LONG_S": 43.72,
        "LAT_G": 25,
        "LAT_M": 25,
        "LAT_S": 46.2,
        "LONGITUD": -103.12881,
        "LATITUD": 25.4295,
        "CVE_ACUIF": "0523",
        "NOM_ACUIF": "PRINCIPAL-REGION LAGUNERA",
        "CT_POZO": "NO",
        "DISEÑO_PE": "NO",
        "CORTE_LIT": "NO",
        "REG_ELEC": "NO",
        "INF_PERF": "NO",
        "REG_AFORO": "NO",
        "ANAL_AGUA": "SI",
        "CROQUIS": "SI",
        "TIPO_INF": "HIDROGEOQUÍMICO",
        "HGQ": "SI",
        "TEMP_°C": "27.1",
        "POT_H_s/u": "7.39",
        "CE_Us/cm": "843",
        "As_mg/L": "1.4999999999999999E-2",
        "URL": "https://sigagis.conagua.gob.mx/t_infbasica/INVENTARIO/05 COAHUILA DE ZARAGOZA/PDF/10_0025.pdf",
        "NOM_EDO_OFICIAL": "COAHUILA",
        "CVE_ACUIF_STR": "0523"
      }
    },
    {
      "type": "Feature",
      "geometry": {
        "type": "Point",
        "coordinates": [
          -103.34651,
          25.38061
        ]
      },
      "properties": {
        "fid": 131,
        "CVE_LGJO": "10_0025",
        "CVE_POZO": "POZO 1228 (A1990)",
        "TIT_LGJO": "GEOHIDROLOGÍA DE LA LAGUNA (I Y II ETAPA), REALIZADA POR EL IMTA",
        "CVE_EDO": "10",
        "CVE_MPIO": "10012",
        "AÑO": "1993",
        "DESC": "POZO SELECCIONADO (I Y II ETAPA ) EN LA INVESTIGACIÓN PARA CARACTERIZAR HIDROQUÍMICAMENTE DE LA ZONA \"LA LAGUNA\", DEGRADA POR CONCENTRACIONES ELEVADAS DE ARSÉNICO, MOSTRANDO UN DETERIORO EN SU CALIDAD FÍSICO-QUÍMICA.",
        "LONG_G": 103,
        "LONG_M": 20,
        "LONG_S": 47.44,
        "LAT_G": 25,
        "LAT_M": 22,
        "LAT_S": 50.2,
        "LONGITUD": -103.34651,
        "LATITUD": 25.38061,
        "CVE_ACUIF": "0523",
        "NOM_ACUIF": "PRINCIPAL-REGION LAGUNERA",
        "CT_POZO": "NO",
        "DISEÑO_PE": "NO",
        "CORTE_LIT": "NO",
        "REG_ELEC": "NO",
        "INF_PERF": "NO",
        "REG_AFORO": "NO",
        "ANAL_AGUA": "SI",
        "CROQUIS": "SI",
        "TIPO_INF": "HIDROGEOQUÍMICO",
        "HGQ": "SI",
        "TEMP_°C": "25.7",
        "POT_H_s/u": "6.9",
        "CE_Us/cm": "1412",
        "As_mg/L": "1.7899999999999999E-2",
        "URL": "https://sigagis.conagua.gob.mx/t_infbasica/INVENTARIO/10 DURANGO/PDF/10_0025.pdf",
        "NOM_EDO_OFICIAL": "DURANGO",
        "CVE_ACUIF_STR": "0523"
      }
    },
    {
      "type": "Feature",
      "geometry": {
        "type": "Point",
        "coordinates": [
          -103.34651,
          25.38061
        ]
      },
      "properties": {
        "fid": 132,
        "CVE_LGJO": "10_0025",
        "CVE_POZO": "POZO 1228 (A1993)",
        "TIT_LGJO": "GEOHIDROLOGÍA DE LA LAGUNA, REALIZADA POR EL IMTA",
        "CVE_EDO": "10",
        "CVE_MPIO": "10012",
        "AÑO": "1993",
        "DESC": "POZO SELECCIONADO EN LA INVESTIGACIÓN PARA CARACTERIZAR HIDROQUÍMICAMENTE DE LA ZONA \"LA LAGUNA\", DEGRADA POR CONCENTRACIONES ELEVADAS DE ARSÉNICO, MOSTRANDO UN DETERIORO EN SU CALIDAD FÍSICO-QUÍMICA.",
        "LONG_G": 103,
        "LONG_M": 20,
        "LONG_S": 47.44,
        "LAT_G": 25,
        "LAT_M": 22,
        "LAT_S": 50.2,
        "LONGITUD": -103.34651,
        "LATITUD": 25.38061,
        "CVE_ACUIF": "0523",
        "NOM_ACUIF": "PRINCIPAL-REGION LAGUNERA",
        "CT_POZO": "NO",
        "DISEÑO_PE": "NO",
        "CORTE_LIT": "NO",
        "REG_ELEC": "NO",
        "INF_PERF": "NO",
        "REG_AFORO": "NO",
        "ANAL_AGUA": "SI",
        "CROQUIS": "SI",
        "TIPO_INF": "HIDROGEOQUÍMICO",
        "HGQ": "SI",
        "TEMP_°C": "26",
        "POT_H_s/u": "7.45",
        "CE_Us/cm": "1196",
        "As_mg/L": "9.7000000000000003E-3",
        "URL": "https://sigagis.conagua.gob.mx/t_infbasica/INVENTARIO/10 DURANGO/PDF/10_0025.pdf",
        "NOM_EDO_OFICIAL": "DURANGO",
        "CVE_ACUIF_STR": "0523"
      }
    },
    {
      "type": "Feature",
      "geometry": {
        "type": "Point",
        "coordinates": [
          -103.579,
          25.79704
        ]
      },
      "properties": {
        "fid": 133,
        "CVE_LGJO": "10_0025",
        "CVE_POZO": "POZO 1308 (A1993)",
        "TIT_LGJO": "GEOHIDROLOGÍA DE LA LAGUNA, REALIZADA POR EL IMTA",
        "CVE_EDO": "10",
        "CVE_MPIO": "10007",
        "AÑO": "1993",
        "DESC": "POZO SELECCIONADO EN LA INVESTIGACIÓN PARA CARACTERIZAR HIDROQUÍMICAMENTE DE LA ZONA \"LA LAGUNA\", DEGRADA POR CONCENTRACIONES ELEVADAS DE ARSÉNICO, MOSTRANDO UN DETERIORO EN SU CALIDAD FÍSICO-QUÍMICA.",
        "LONG_G": 103,
        "LONG_M": 34,
        "LONG_S": 44.4,
        "LAT_G": 25,
        "LAT_M": 47,
        "LAT_S": 49.34,
        "LONGITUD": -103.579,
        "LATITUD": 25.79704,
        "CVE_ACUIF": "0523",
        "NOM_ACUIF": "PRINCIPAL-REGION LAGUNERA",
        "CT_POZO": "NO",
        "DISEÑO_PE": "NO",
        "CORTE_LIT": "NO",
        "REG_ELEC": "NO",
        "INF_PERF": "NO",
        "REG_AFORO": "NO",
        "ANAL_AGUA": "NO",
        "CROQUIS": "SI",
        "TIPO_INF": "PROFUNDIDAD",
        "HGQ": "SI",
        "NE_M": 57.3,
        "URL": "https://sigagis.conagua.gob.mx/t_infbasica/INVENTARIO/10 DURANGO/PDF/10_0025.pdf",
        "NOM_EDO_OFICIAL": "DURANGO",
        "CVE_ACUIF_STR": "0523"
      }
    },
    {
      "type": "Feature",
      "geometry": {
        "type": "Point",
        "coordinates": [
          -103.5794694444444,
          25.80292222222222
        ]
      },
      "properties": {
        "fid": 134,
        "CVE_LGJO": "10_0025",
        "CVE_POZO": "POZO 1309 (A1990)",
        "TIT_LGJO": "GEOHIDROLOGÍA DE LA LAGUNA (I Y II ETAPA), REALIZADA POR EL IMTA",
        "CVE_EDO": "10",
        "CVE_MPIO": "10007",
        "AÑO": "1993",
        "DESC": "POZO SELECCIONADO (I Y II ETAPA ) EN LA INVESTIGACIÓN PARA CARACTERIZAR HIDROQUÍMICAMENTE DE LA ZONA \"LA LAGUNA\", DEGRADA POR CONCENTRACIONES ELEVADAS DE ARSÉNICO, MOSTRANDO UN DETERIORO EN SU CALIDAD FÍSICO-QUÍMICA.",
        "LONG_G": 103,
        "LONG_M": 34,
        "LONG_S": 46.09,
        "LAT_G": 25,
        "LAT_M": 48,
        "LAT_S": 10.52,
        "LONGITUD": -103.5794694444444,
        "LATITUD": 25.80292222222222,
        "CVE_ACUIF": "0523",
        "NOM_ACUIF": "PRINCIPAL-REGION LAGUNERA",
        "CT_POZO": "NO",
        "DISEÑO_PE": "NO",
        "CORTE_LIT": "NO",
        "REG_ELEC": "NO",
        "INF_PERF": "NO",
        "REG_AFORO": "NO",
        "ANAL_AGUA": "SI",
        "CROQUIS": "SI",
        "TIPO_INF": "PROFUNDIDAD",
        "HGQ": "SI",
        "TEMP_°C": "N.A.",
        "POT_H_s/u": "N.A,",
        "CE_Us/cm": "N.A.",
        "As_mg/L": "N.A.",
        "URL": "https://sigagis.conagua.gob.mx/t_infbasica/INVENTARIO/10 DURANGO/PDF/10_0025.pdf",
        "NOM_EDO_OFICIAL": "DURANGO",
        "CVE_ACUIF_STR": "0523"
      }
    },
    {
      "type": "Feature",
      "geometry": {
        "type": "Point",
        "coordinates": [
          -103.5794694444444,
          25.80292222222222
        ]
      },
      "properties": {
        "fid": 135,
        "CVE_LGJO": "10_0025",
        "CVE_POZO": "POZO 1309 (A1993)",
        "TIT_LGJO": "GEOHIDROLOGÍA DE LA LAGUNA, REALIZADA POR EL IMTA",
        "CVE_EDO": "10",
        "CVE_MPIO": "10007",
        "AÑO": "1993",
        "DESC": "POZO SELECCIONADO EN LA INVESTIGACIÓN PARA CARACTERIZAR HIDROQUÍMICAMENTE DE LA ZONA \"LA LAGUNA\", DEGRADA POR CONCENTRACIONES ELEVADAS DE ARSÉNICO, MOSTRANDO UN DETERIORO EN SU CALIDAD FÍSICO-QUÍMICA.",
        "LONG_G": 103,
        "LONG_M": 34,
        "LONG_S": 46.09,
        "LAT_G": 25,
        "LAT_M": 48,
        "LAT_S": 10.52,
        "LONGITUD": -103.5794694444444,
        "LATITUD": 25.80292222222222,
        "CVE_ACUIF": "0523",
        "NOM_ACUIF": "PRINCIPAL-REGION LAGUNERA",
        "CT_POZO": "NO",
        "DISEÑO_PE": "NO",
        "CORTE_LIT": "NO",
        "REG_ELEC": "NO",
        "INF_PERF": "NO",
        "REG_AFORO": "NO",
        "ANAL_AGUA": "SI",
        "CROQUIS": "SI",
        "TIPO_INF": "HIDROGEOQUÍMICO",
        "HGQ": "SI",
        "Ca": 496.5,
        "Mg": 100.9,
        "Na": 514,
        "TEMP_°C": "25.4",
        "POT_H_s/u": "6.95",
        "CE_Us/cm": "4285",
        "As_mg/L": "1.0500000000000001E-2",
        "URL": "https://sigagis.conagua.gob.mx/t_infbasica/INVENTARIO/10 DURANGO/PDF/10_0025.pdf",
        "NOM_EDO_OFICIAL": "DURANGO",
        "CVE_ACUIF_STR": "0523"
      }
    },
    {
      "type": "Feature",
      "geometry": {
        "type": "Point",
        "coordinates": [
          -103.2141888888889,
          25.44166944444444
        ]
      },
      "properties": {
        "fid": 136,
        "CVE_LGJO": "10_0025",
        "CVE_POZO": "POZO 1349 (A1990)",
        "NOMB_POZO": "PREDIO LAS FILIPINAS",
        "TIT_LGJO": "GEOHIDROLOGÍA DE LA LAGUNA (I Y II ETAPA), REALIZADA POR EL IMTA",
        "CVE_EDO": "05",
        "CVE_MPIO": "05017",
        "AÑO": "1993",
        "DESC": "POZO SELECCIONADO (I Y II ETAPA ) EN LA INVESTIGACIÓN PARA CARACTERIZAR HIDROQUÍMICAMENTE DE LA ZONA \"LA LAGUNA\", DEGRADA POR CONCENTRACIONES ELEVADAS DE ARSÉNICO, MOSTRANDO UN DETERIORO EN SU CALIDAD FÍSICO-QUÍMICA.",
        "LONG_G": 103,
        "LONG_M": 12,
        "LONG_S": 51.08,
        "LAT_G": 25,
        "LAT_M": 26,
        "LAT_S": 30.01,
        "LONGITUD": -103.2141888888889,
        "LATITUD": 25.44166944444444,
        "CVE_ACUIF": "0523",
        "NOM_ACUIF": "PRINCIPAL-REGION LAGUNERA",
        "CT_POZO": "NO",
        "DISEÑO_PE": "NO",
        "CORTE_LIT": "SI",
        "REG_ELEC": "NO",
        "INF_PERF": "NO",
        "REG_AFORO": "NO",
        "ANAL_AGUA": "SI",
        "CROQUIS": "SI",
        "TIPO_INF": "HIDROGEOQUÍMICO",
        "PROF_TOT_m": 145.39,
        "HGQ": "SI",
        "LONG_COL_m": 59.74,
        "ADEME_pulg": 16,
        "TEMP_°C": "26",
        "POT_H_s/u": "6.7",
        "CE_Us/cm": "2900",
        "As_mg/L": "9.9000000000000008E-3",
        "URL": "https://sigagis.conagua.gob.mx/t_infbasica/INVENTARIO/05 COAHUILA DE ZARAGOZA/PDF/10_0025.pdf",
        "NOM_EDO_OFICIAL": "COAHUILA",
        "CVE_ACUIF_STR": "0523"
      }
    },
    {
      "type": "Feature",
      "geometry": {
        "type": "Point",
        "coordinates": [
          -103.2141888888889,
          25.44166944444444
        ]
      },
      "properties": {
        "fid": 137,
        "CVE_LGJO": "10_0025",
        "CVE_POZO": "POZO 1349 (A1993)",
        "NOMB_POZO": "PREDIO LAS FILIPINAS",
        "TIT_LGJO": "GEOHIDROLOGÍA DE LA LAGUNA, REALIZADA POR EL IMTA",
        "CVE_EDO": "05",
        "CVE_MPIO": "05017",
        "AÑO": "1993",
        "DESC": "POZO SELECCIONADO (III ETAPA ) EN LA INVESTIGACIÓN PARA CARACTERIZAR HIDROQUÍMICAMENTE DE LA ZONA \"LA LAGUNA\", DEGRADA POR CONCENTRACIONES ELEVADAS DE ARSÉNICO, MOSTRANDO UN DETERIORO EN SU CALIDAD FÍSICO-QUÍMICA.",
        "LONG_G": 103,
        "LONG_M": 12,
        "LONG_S": 51.08,
        "LAT_G": 25,
        "LAT_M": 26,
        "LAT_S": 30.01,
        "LONGITUD": -103.2141888888889,
        "LATITUD": 25.44166944444444,
        "CVE_ACUIF": "0523",
        "NOM_ACUIF": "PRINCIPAL-REGION LAGUNERA",
        "CT_POZO": "NO",
        "DISEÑO_PE": "NO",
        "CORTE_LIT": "SI",
        "REG_ELEC": "NO",
        "INF_PERF": "NO",
        "REG_AFORO": "NO",
        "ANAL_AGUA": "SI",
        "CROQUIS": "SI",
        "TIPO_INF": "HIDROGEOQUÍMICO",
        "PROF_TOT_m": 145.39,
        "HGQ": "SI",
        "NE_M": 85.65,
        "Ca": 202.6,
        "Mg": 71.71666666666665,
        "Na": 471,
        "LONG_COL_m": 59.74,
        "ADEME_pulg": 16,
        "TEMP_°C": "27",
        "POT_H_s/u": "7.22",
        "CE_Us/cm": "2523",
        "As_mg/L": "4.1999999999999997E-3",
        "URL": "https://sigagis.conagua.gob.mx/t_infbasica/INVENTARIO/05 COAHUILA DE ZARAGOZA/PDF/10_0025.pdf",
        "NOM_EDO_OFICIAL": "COAHUILA",
        "CVE_ACUIF_STR": "0523"
      }
    },
    {
      "type": "Feature",
      "geometry": {
        "type": "Point",
        "coordinates": [
          -103.11582,
          25.91818
        ]
      },
      "properties": {
        "fid": 138,
        "CVE_LGJO": "10_0025",
        "CVE_POZO": "POZO 1387",
        "TIT_LGJO": "GEOHIDROLOGÍA DE LA LAGUNA, REALIZADA POR EL IMTA",
        "CVE_EDO": "05",
        "CVE_MPIO": "05033",
        "AÑO": "1993",
        "DESC": "POZO DE LA ZONA \"LA LAGUNA\".",
        "LONG_G": 103,
        "LONG_M": 6,
        "LONG_S": 56.95,
        "LAT_G": 25,
        "LAT_M": 55,
        "LAT_S": 5.45,
        "LONGITUD": -103.11582,
        "LATITUD": 25.91818,
        "CVE_ACUIF": "0523",
        "NOM_ACUIF": "PRINCIPAL-REGION LAGUNERA",
        "CT_POZO": "NO",
        "DISEÑO_PE": "NO",
        "CORTE_LIT": "NO",
        "REG_ELEC": "NO",
        "INF_PERF": "NO",
        "REG_AFORO": "NO",
        "ANAL_AGUA": "NO",
        "CROQUIS": "SI",
        "TIPO_INF": "CROQUIS",
        "HGQ": "NO",
        "URL": "https://sigagis.conagua.gob.mx/t_infbasica/INVENTARIO/05 COAHUILA DE ZARAGOZA/PDF/10_0025.pdf",
        "NOM_EDO_OFICIAL": "COAHUILA",
        "CVE_ACUIF_STR": "0523"
      }
    },
    {
      "type": "Feature",
      "geometry": {
        "type": "Point",
        "coordinates": [
          -103.31489,
          25.48526
        ]
      },
      "properties": {
        "fid": 139,
        "CVE_LGJO": "10_0025",
        "CVE_POZO": "POZO 1400",
        "TIT_LGJO": "GEOHIDROLOGÍA DE LA LAGUNA, REALIZADA POR EL IMTA",
        "CVE_EDO": "05",
        "CVE_MPIO": "05017",
        "AÑO": "1993",
        "DESC": "POZO DE LA ZONA \"LA LAGUNA\".",
        "LONG_G": 103,
        "LONG_M": 18,
        "LONG_S": 53.6,
        "LAT_G": 25,
        "LAT_M": 29,
        "LAT_S": 6.94,
        "LONGITUD": -103.31489,
        "LATITUD": 25.48526,
        "CVE_ACUIF": "0523",
        "NOM_ACUIF": "PRINCIPAL-REGION LAGUNERA",
        "CT_POZO": "NO",
        "DISEÑO_PE": "NO",
        "CORTE_LIT": "NO",
        "REG_ELEC": "NO",
        "INF_PERF": "NO",
        "REG_AFORO": "NO",
        "ANAL_AGUA": "NO",
        "CROQUIS": "SI",
        "TIPO_INF": "CROQUIS",
        "HGQ": "NO",
        "URL": "https://sigagis.conagua.gob.mx/t_infbasica/INVENTARIO/05 COAHUILA DE ZARAGOZA/PDF/10_0025.pdf",
        "NOM_EDO_OFICIAL": "COAHUILA",
        "CVE_ACUIF_STR": "0523"
      }
    },
    {
      "type": "Feature",
      "geometry": {
        "type": "Point",
        "coordinates": [
          -103.05737,
          25.69032
        ]
      },
      "properties": {
        "fid": 140,
        "CVE_LGJO": "10_0025",
        "CVE_POZO": "POZO 1489",
        "TIT_LGJO": "GEOHIDROLOGÍA DE LA LAGUNA, REALIZADA POR EL IMTA",
        "CVE_EDO": "05",
        "CVE_MPIO": "05033",
        "AÑO": "1993",
        "DESC": "POZO DE LA ZONA \"LA LAGUNA\".",
        "LONG_G": 103,
        "LONG_M": 3,
        "LONG_S": 26.53,
        "LAT_G": 25,
        "LAT_M": 41,
        "LAT_S": 25.15,
        "LONGITUD": -103.05737,
        "LATITUD": 25.69032,
        "CVE_ACUIF": "0523",
        "NOM_ACUIF": "PRINCIPAL-REGION LAGUNERA",
        "CT_POZO": "NO",
        "DISEÑO_PE": "NO",
        "CORTE_LIT": "NO",
        "REG_ELEC": "NO",
        "INF_PERF": "NO",
        "REG_AFORO": "NO",
        "ANAL_AGUA": "NO",
        "CROQUIS": "SI",
        "TIPO_INF": "CROQUIS",
        "HGQ": "NO",
        "URL": "https://sigagis.conagua.gob.mx/t_infbasica/INVENTARIO/05 COAHUILA DE ZARAGOZA/PDF/10_0025.pdf",
        "NOM_EDO_OFICIAL": "COAHUILA",
        "CVE_ACUIF_STR": "0523"
      }
    },
    {
      "type": "Feature",
      "geometry": {
        "type": "Point",
        "coordinates": [
          -103.12141,
          25.82334
        ]
      },
      "properties": {
        "fid": 141,
        "CVE_LGJO": "10_0025",
        "CVE_POZO": "POZO 1515",
        "TIT_LGJO": "GEOHIDROLOGÍA DE LA LAGUNA, REALIZADA POR EL IMTA",
        "CVE_EDO": "05",
        "CVE_MPIO": "05033",
        "AÑO": "1993",
        "DESC": "POZO DE LA ZONA \"LA LAGUNA\".",
        "LONG_G": 103,
        "LONG_M": 7,
        "LONG_S": 17.08,
        "LAT_G": 25,
        "LAT_M": 49,
        "LAT_S": 24.02,
        "LONGITUD": -103.12141,
        "LATITUD": 25.82334,
        "CVE_ACUIF": "0523",
        "NOM_ACUIF": "PRINCIPAL-REGION LAGUNERA",
        "CT_POZO": "NO",
        "DISEÑO_PE": "NO",
        "CORTE_LIT": "NO",
        "REG_ELEC": "NO",
        "INF_PERF": "NO",
        "REG_AFORO": "NO",
        "ANAL_AGUA": "NO",
        "CROQUIS": "SI",
        "TIPO_INF": "CROQUIS",
        "HGQ": "NO",
        "URL": "https://sigagis.conagua.gob.mx/t_infbasica/INVENTARIO/05 COAHUILA DE ZARAGOZA/PDF/10_0025.pdf",
        "NOM_EDO_OFICIAL": "COAHUILA",
        "CVE_ACUIF_STR": "0523"
      }
    },
    {
      "type": "Feature",
      "geometry": {
        "type": "Point",
        "coordinates": [
          -103.3772194444444,
          25.61973055555556
        ]
      },
      "properties": {
        "fid": 142,
        "CVE_LGJO": "10_0025",
        "CVE_POZO": "POZO 1632 (A1993)",
        "TIT_LGJO": "GEOHIDROLOGÍA DE LA LAGUNA, REALIZADA POR EL IMTA",
        "CVE_EDO": "10",
        "CVE_MPIO": "10007",
        "AÑO": "1993",
        "DESC": "POZO SELECCIONADO EN LA INVESTIGACIÓN PARA CARACTERIZAR HIDROQUÍMICAMENTE DE LA ZONA \"LA LAGUNA\", DEGRADA POR CONCENTRACIONES ELEVADAS DE ARSÉNICO, MOSTRANDO UN DETERIORO EN SU CALIDAD FÍSICO-QUÍMICA.",
        "LONG_G": 103,
        "LONG_M": 22,
        "LONG_S": 37.99,
        "LAT_G": 25,
        "LAT_M": 37,
        "LAT_S": 11.03,
        "LONGITUD": -103.3772194444444,
        "LATITUD": 25.61973055555556,
        "CVE_ACUIF": "0523",
        "NOM_ACUIF": "PRINCIPAL-REGION LAGUNERA",
        "CT_POZO": "NO",
        "DISEÑO_PE": "NO",
        "CORTE_LIT": "NO",
        "REG_ELEC": "NO",
        "INF_PERF": "NO",
        "REG_AFORO": "NO",
        "ANAL_AGUA": "NO",
        "CROQUIS": "SI",
        "TIPO_INF": "PROFUNDIDAD",
        "HGQ": "SI",
        "NE_M": 107.9,
        "URL": "https://sigagis.conagua.gob.mx/t_infbasica/INVENTARIO/10 DURANGO/PDF/10_0025.pdf",
        "NOM_EDO_OFICIAL": "DURANGO",
        "CVE_ACUIF_STR": "0523"
      }
    },
    {
      "type": "Feature",
      "geometry": {
        "type": "Point",
        "coordinates": [
          -103.10981,
          25.78711
        ]
      },
      "properties": {
        "fid": 143,
        "CVE_LGJO": "10_0025",
        "CVE_POZO": "POZO 1657 (A1993)",
        "TIT_LGJO": "GEOHIDROLOGÍA DE LA LAGUNA, REALIZADA POR EL IMTA",
        "CVE_EDO": "05",
        "CVE_MPIO": "05033",
        "AÑO": "1993",
        "DESC": "POZO SELECCIONADO EN LA INVESTIGACIÓN PARA CARACTERIZAR HIDROQUÍMICAMENTE DE LA ZONA \"LA LAGUNA\", DEGRADA POR CONCENTRACIONES ELEVADAS DE ARSÉNICO, MOSTRANDO UN DETERIORO EN SU CALIDAD FÍSICO-QUÍMICA.",
        "LONG_G": 103,
        "LONG_M": 6,
        "LONG_S": 35.32,
        "LAT_G": 25,
        "LAT_M": 47,
        "LAT_S": 13.6,
        "LONGITUD": -103.10981,
        "LATITUD": 25.78711,
        "CVE_ACUIF": "0523",
        "NOM_ACUIF": "PRINCIPAL-REGION LAGUNERA",
        "CT_POZO": "NO",
        "DISEÑO_PE": "NO",
        "CORTE_LIT": "NO",
        "REG_ELEC": "NO",
        "INF_PERF": "NO",
        "REG_AFORO": "NO",
        "ANAL_AGUA": "NO",
        "CROQUIS": "SI",
        "TIPO_INF": "PROFUNDIDAD",
        "HGQ": "SI",
        "NE_M": 69.8,
        "URL": "https://sigagis.conagua.gob.mx/t_infbasica/INVENTARIO/05 COAHUILA DE ZARAGOZA/PDF/10_0025.pdf",
        "NOM_EDO_OFICIAL": "COAHUILA",
        "CVE_ACUIF_STR": "0523"
      }
    },
    {
      "type": "Feature",
      "geometry": {
        "type": "Point",
        "coordinates": [
          -103.14602,
          25.89639
        ]
      },
      "properties": {
        "fid": 144,
        "CVE_LGJO": "10_0025",
        "CVE_POZO": "POZO 1695 (A1990)",
        "TIT_LGJO": "GEOHIDROLOGÍA DE LA LAGUNA (I Y II ETAPA), REALIZADA POR EL IMTA",
        "CVE_EDO": "05",
        "CVE_MPIO": "05033",
        "AÑO": "1993",
        "DESC": "POZO SELECCIONADO (I Y II ETAPA ) EN LA INVESTIGACIÓN PARA CARACTERIZAR HIDROQUÍMICAMENTE DE LA ZONA \"LA LAGUNA\", DEGRADA POR CONCENTRACIONES ELEVADAS DE ARSÉNICO, MOSTRANDO UN DETERIORO EN SU CALIDAD FÍSICO-QUÍMICA.",
        "LONG_G": 103,
        "LONG_M": 8,
        "LONG_S": 45.67,
        "LAT_G": 25,
        "LAT_M": 53,
        "LAT_S": 47,
        "LONGITUD": -103.14602,
        "LATITUD": 25.89639,
        "CVE_ACUIF": "0523",
        "NOM_ACUIF": "PRINCIPAL-REGION LAGUNERA",
        "CT_POZO": "NO",
        "DISEÑO_PE": "NO",
        "CORTE_LIT": "NO",
        "REG_ELEC": "NO",
        "INF_PERF": "NO",
        "REG_AFORO": "NO",
        "ANAL_AGUA": "SI",
        "CROQUIS": "SI",
        "TIPO_INF": "HIDROGEOQUÍMICO",
        "HGQ": "SI",
        "TEMP_°C": "30.6",
        "POT_H_s/u": "6.8",
        "CE_Us/cm": "1440",
        "As_mg/L": "0.13220000000000001",
        "URL": "https://sigagis.conagua.gob.mx/t_infbasica/INVENTARIO/05 COAHUILA DE ZARAGOZA/PDF/10_0025.pdf",
        "NOM_EDO_OFICIAL": "COAHUILA",
        "CVE_ACUIF_STR": "0523"
      }
    },
    {
      "type": "Feature",
      "geometry": {
        "type": "Point",
        "coordinates": [
          -103.14602,
          25.89639
        ]
      },
      "properties": {
        "fid": 145,
        "CVE_LGJO": "10_0025",
        "CVE_POZO": "POZO 1695 (A1993)",
        "TIT_LGJO": "GEOHIDROLOGÍA DE LA LAGUNA, REALIZADA POR EL IMTA",
        "CVE_EDO": "05",
        "CVE_MPIO": "05033",
        "AÑO": "1993",
        "DESC": "POZO SELECCIONADO EN LA INVESTIGACIÓN PARA CARACTERIZAR HIDROQUÍMICAMENTE DE LA ZONA \"LA LAGUNA\", DEGRADA POR CONCENTRACIONES ELEVADAS DE ARSÉNICO, MOSTRANDO UN DETERIORO EN SU CALIDAD FÍSICO-QUÍMICA.",
        "LONG_G": 103,
        "LONG_M": 8,
        "LONG_S": 45.67,
        "LAT_G": 25,
        "LAT_M": 53,
        "LAT_S": 47,
        "LONGITUD": -103.14602,
        "LATITUD": 25.89639,
        "CVE_ACUIF": "0523",
        "NOM_ACUIF": "PRINCIPAL-REGION LAGUNERA",
        "CT_POZO": "NO",
        "DISEÑO_PE": "NO",
        "CORTE_LIT": "NO",
        "REG_ELEC": "NO",
        "INF_PERF": "NO",
        "REG_AFORO": "NO",
        "ANAL_AGUA": "SI",
        "CROQUIS": "SI",
        "TIPO_INF": "HIDROGEOQUÍMICO",
        "HGQ": "SI",
        "NE_M": 64.31,
        "TEMP_°C": "30.8",
        "POT_H_s/u": "7.05",
        "CE_Us/cm": "1230",
        "As_mg/L": "0.17100000000000001",
        "URL": "https://sigagis.conagua.gob.mx/t_infbasica/INVENTARIO/05 COAHUILA DE ZARAGOZA/PDF/10_0025.pdf",
        "NOM_EDO_OFICIAL": "COAHUILA",
        "CVE_ACUIF_STR": "0523"
      }
    },
    {
      "type": "Feature",
      "geometry": {
        "type": "Point",
        "coordinates": [
          -103.3138,
          25.496638
        ]
      },
      "properties": {
        "fid": 146,
        "CVE_LGJO": "10_0025",
        "CVE_POZO": "POZO 1884",
        "TIT_LGJO": "GEOHIDROLOGÍA DE LA LAGUNA, REALIZADA POR EL IMTA",
        "CVE_EDO": "05",
        "CVE_MPIO": "05017",
        "AÑO": "1993",
        "DESC": "POZO DE LA ZONA \"LA LAGUNA\".",
        "LONG_G": 103,
        "LONG_M": 18,
        "LONG_S": 49.68,
        "LAT_G": 25,
        "LAT_M": 29,
        "LAT_S": 47.9,
        "LONGITUD": -103.3138,
        "LATITUD": 25.496638,
        "CVE_ACUIF": "0523",
        "NOM_ACUIF": "PRINCIPAL-REGION LAGUNERA",
        "CT_POZO": "NO",
        "DISEÑO_PE": "NO",
        "CORTE_LIT": "NO",
        "REG_ELEC": "NO",
        "INF_PERF": "NO",
        "REG_AFORO": "NO",
        "ANAL_AGUA": "NO",
        "CROQUIS": "SI",
        "TIPO_INF": "CROQUIS",
        "HGQ": "NO",
        "URL": "https://sigagis.conagua.gob.mx/t_infbasica/INVENTARIO/05 COAHUILA DE ZARAGOZA/PDF/10_0025.pdf",
        "NOM_EDO_OFICIAL": "COAHUILA",
        "CVE_ACUIF_STR": "0523"
      }
    },
    {
      "type": "Feature",
      "geometry": {
        "type": "Point",
        "coordinates": [
          -103.204051,
          25.885718
        ]
      },
      "properties": {
        "fid": 147,
        "CVE_LGJO": "10_0025",
        "CVE_POZO": "POZO 1892",
        "TIT_LGJO": "GEOHIDROLOGÍA DE LA LAGUNA, REALIZADA POR EL IMTA",
        "CVE_EDO": "05",
        "CVE_MPIO": "05033",
        "AÑO": "1993",
        "DESC": "POZO DE LA ZONA \"LA LAGUNA\".",
        "LONG_G": 103,
        "LONG_M": 12,
        "LONG_S": 14.58,
        "LAT_G": 25,
        "LAT_M": 53,
        "LAT_S": 8.58,
        "LONGITUD": -103.204051,
        "LATITUD": 25.885718,
        "CVE_ACUIF": "0523",
        "NOM_ACUIF": "PRINCIPAL-REGION LAGUNERA",
        "CT_POZO": "NO",
        "DISEÑO_PE": "NO",
        "CORTE_LIT": "NO",
        "REG_ELEC": "NO",
        "INF_PERF": "NO",
        "REG_AFORO": "NO",
        "ANAL_AGUA": "NO",
        "CROQUIS": "SI",
        "TIPO_INF": "CROQUIS",
        "HGQ": "NO",
        "URL": "https://sigagis.conagua.gob.mx/t_infbasica/INVENTARIO/05 COAHUILA DE ZARAGOZA/PDF/10_0025.pdf",
        "NOM_EDO_OFICIAL": "COAHUILA",
        "CVE_ACUIF_STR": "0523"
      }
    },
    {
      "type": "Feature",
      "geometry": {
        "type": "Point",
        "coordinates": [
          -103.4424,
          25.64586944444444
        ]
      },
      "properties": {
        "fid": 148,
        "CVE_LGJO": "10_0025",
        "CVE_POZO": "POZO 1940",
        "TIT_LGJO": "GEOHIDROLOGÍA DE LA LAGUNA, REALIZADA POR EL IMTA",
        "CVE_EDO": "10",
        "CVE_MPIO": "10007",
        "AÑO": "1993",
        "DESC": "POZO DE LA ZONA \"LA LAGUNA\".",
        "LONG_G": 103,
        "LONG_M": 26,
        "LONG_S": 32.64,
        "LAT_G": 25,
        "LAT_M": 38,
        "LAT_S": 45.13,
        "LONGITUD": -103.4424,
        "LATITUD": 25.64586944444444,
        "CVE_ACUIF": "0523",
        "NOM_ACUIF": "PRINCIPAL-REGION LAGUNERA",
        "CT_POZO": "NO",
        "DISEÑO_PE": "NO",
        "CORTE_LIT": "NO",
        "REG_ELEC": "NO",
        "INF_PERF": "NO",
        "REG_AFORO": "NO",
        "ANAL_AGUA": "NO",
        "CROQUIS": "SI",
        "TIPO_INF": "CROQUIS",
        "HGQ": "NO",
        "URL": "https://sigagis.conagua.gob.mx/t_infbasica/INVENTARIO/10 DURANGO/PDF/10_0025.pdf",
        "NOM_EDO_OFICIAL": "DURANGO",
        "CVE_ACUIF_STR": "0523"
      }
    },
    {
      "type": "Feature",
      "geometry": {
        "type": "Point",
        "coordinates": [
          -103.08777,
          25.54326
        ]
      },
      "properties": {
        "fid": 149,
        "CVE_LGJO": "10_0025",
        "CVE_POZO": "POZO 1975",
        "TIT_LGJO": "GEOHIDROLOGÍA DE LA LAGUNA, REALIZADA POR EL IMTA",
        "CVE_EDO": "05",
        "CVE_MPIO": "05017",
        "AÑO": "1993",
        "DESC": "POZO DE LA ZONA \"LA LAGUNA\".",
        "LONG_G": 103,
        "LONG_M": 5,
        "LONG_S": 15.97,
        "LAT_G": 25,
        "LAT_M": 32,
        "LAT_S": 35.74,
        "LONGITUD": -103.08777,
        "LATITUD": 25.54326,
        "CVE_ACUIF": "0523",
        "NOM_ACUIF": "PRINCIPAL-REGION LAGUNERA",
        "CT_POZO": "NO",
        "DISEÑO_PE": "NO",
        "CORTE_LIT": "NO",
        "REG_ELEC": "NO",
        "INF_PERF": "NO",
        "REG_AFORO": "NO",
        "ANAL_AGUA": "NO",
        "CROQUIS": "SI",
        "TIPO_INF": "CROQUIS",
        "HGQ": "NO",
        "URL": "https://sigagis.conagua.gob.mx/t_infbasica/INVENTARIO/05 COAHUILA DE ZARAGOZA/PDF/10_0025.pdf",
        "NOM_EDO_OFICIAL": "COAHUILA",
        "CVE_ACUIF_STR": "0523"
      }
    },
    {
      "type": "Feature",
      "geometry": {
        "type": "Point",
        "coordinates": [
          -103.4036694444444,
          25.73408055555556
        ]
      },
      "properties": {
        "fid": 150,
        "CVE_LGJO": "10_0025",
        "CVE_POZO": "POZO 1981",
        "TIT_LGJO": "GEOHIDROLOGÍA DE LA LAGUNA, REALIZADA POR EL IMTA",
        "CVE_EDO": "10",
        "CVE_MPIO": "10007",
        "AÑO": "1993",
        "DESC": "POZO DE LA ZONA \"LA LAGUNA\".",
        "LONG_G": 103,
        "LONG_M": 24,
        "LONG_S": 13.21,
        "LAT_G": 25,
        "LAT_M": 44,
        "LAT_S": 2.69,
        "LONGITUD": -103.4036694444444,
        "LATITUD": 25.73408055555556,
        "CVE_ACUIF": "0523",
        "NOM_ACUIF": "PRINCIPAL-REGION LAGUNERA",
        "CT_POZO": "NO",
        "DISEÑO_PE": "NO",
        "CORTE_LIT": "NO",
        "REG_ELEC": "NO",
        "INF_PERF": "NO",
        "REG_AFORO": "NO",
        "ANAL_AGUA": "NO",
        "CROQUIS": "SI",
        "TIPO_INF": "CROQUIS",
        "HGQ": "NO",
        "URL": "https://sigagis.conagua.gob.mx/t_infbasica/INVENTARIO/10 DURANGO/PDF/10_0025.pdf",
        "NOM_EDO_OFICIAL": "DURANGO",
        "CVE_ACUIF_STR": "0523"
      }
    },
    {
      "type": "Feature",
      "geometry": {
        "type": "Point",
        "coordinates": [
          -103.17625,
          26.01474
        ]
      },
      "properties": {
        "fid": 151,
        "CVE_LGJO": "10_0025",
        "CVE_POZO": "POZO A1993",
        "TIT_LGJO": "GEOHIDROLOGÍA DE LA LAGUNA, REALIZADA POR EL IMTA",
        "CVE_EDO": "05",
        "CVE_MPIO": "05009",
        "AÑO": "1993",
        "DESC": "POZO DE LA ZONA \"LA LAGUNA\".",
        "LONG_G": 103,
        "LONG_M": 10,
        "LONG_S": 34.5,
        "LAT_G": 26,
        "LAT_M": 0,
        "LAT_S": 53.06,
        "LONGITUD": -103.17625,
        "LATITUD": 26.01474,
        "CVE_ACUIF": "0523",
        "NOM_ACUIF": "PRINCIPAL-REGION LAGUNERA",
        "CT_POZO": "NO",
        "DISEÑO_PE": "NO",
        "CORTE_LIT": "NO",
        "REG_ELEC": "NO",
        "INF_PERF": "NO",
        "REG_AFORO": "NO",
        "ANAL_AGUA": "NO",
        "CROQUIS": "SI",
        "TIPO_INF": "CROQUIS",
        "HGQ": "NO",
        "URL": "https://sigagis.conagua.gob.mx/t_infbasica/INVENTARIO/05 COAHUILA DE ZARAGOZA/PDF/10_0025.pdf",
        "NOM_EDO_OFICIAL": "COAHUILA",
        "CVE_ACUIF_STR": "0523"
      }
    },
    {
      "type": "Feature",
      "geometry": {
        "type": "Point",
        "coordinates": [
          -103.4203694444444,
          25.59571944444444
        ]
      },
      "properties": {
        "fid": 152,
        "CVE_LGJO": "10_0025",
        "CVE_POZO": "POZO 2016",
        "TIT_LGJO": "GEOHIDROLOGÍA DE LA LAGUNA, REALIZADA POR EL IMTA",
        "CVE_EDO": "10",
        "CVE_MPIO": "10007",
        "AÑO": "1993",
        "DESC": "POZO DE LA ZONA \"LA LAGUNA\".",
        "LONG_G": 103,
        "LONG_M": 25,
        "LONG_S": 13.33,
        "LAT_G": 25,
        "LAT_M": 35,
        "LAT_S": 44.59,
        "LONGITUD": -103.4203694444444,
        "LATITUD": 25.59571944444444,
        "CVE_ACUIF": "0523",
        "NOM_ACUIF": "PRINCIPAL-REGION LAGUNERA",
        "CT_POZO": "NO",
        "DISEÑO_PE": "NO",
        "CORTE_LIT": "NO",
        "REG_ELEC": "NO",
        "INF_PERF": "NO",
        "REG_AFORO": "NO",
        "ANAL_AGUA": "NO",
        "CROQUIS": "SI",
        "TIPO_INF": "CROQUIS",
        "HGQ": "NO",
        "URL": "https://sigagis.conagua.gob.mx/t_infbasica/INVENTARIO/10 DURANGO/PDF/10_0025.pdf",
        "NOM_EDO_OFICIAL": "DURANGO",
        "CVE_ACUIF_STR": "0523"
      }
    },
    {
      "type": "Feature",
      "geometry": {
        "type": "Point",
        "coordinates": [
          -103.23183,
          25.56798
        ]
      },
      "properties": {
        "fid": 153,
        "CVE_LGJO": "10_0025",
        "CVE_POZO": "POZO 2024",
        "TIT_LGJO": "GEOHIDROLOGÍA DE LA LAGUNA, REALIZADA POR EL IMTA",
        "CVE_EDO": "05",
        "CVE_MPIO": "05017",
        "AÑO": "1993",
        "DESC": "POZO DE LA ZONA \"LA LAGUNA\".",
        "LONG_G": 103,
        "LONG_M": 13,
        "LONG_S": 54.59,
        "LAT_G": 25,
        "LAT_M": 34,
        "LAT_S": 4.73,
        "LONGITUD": -103.23183,
        "LATITUD": 25.56798,
        "CVE_ACUIF": "0523",
        "NOM_ACUIF": "PRINCIPAL-REGION LAGUNERA",
        "CT_POZO": "NO",
        "DISEÑO_PE": "NO",
        "CORTE_LIT": "NO",
        "REG_ELEC": "NO",
        "INF_PERF": "NO",
        "REG_AFORO": "NO",
        "ANAL_AGUA": "NO",
        "CROQUIS": "SI",
        "TIPO_INF": "CROQUIS",
        "HGQ": "NO",
        "URL": "https://sigagis.conagua.gob.mx/t_infbasica/INVENTARIO/05 COAHUILA DE ZARAGOZA/PDF/10_0025.pdf",
        "NOM_EDO_OFICIAL": "COAHUILA",
        "CVE_ACUIF_STR": "0523"
      }
    },
    {
      "type": "Feature",
      "geometry": {
        "type": "Point",
        "coordinates": [
          -103.59825,
          25.7243
        ]
      },
      "properties": {
        "fid": 154,
        "CVE_LGJO": "10_0025",
        "CVE_POZO": "POZO 2075",
        "TIT_LGJO": "GEOHIDROLOGÍA DE LA LAGUNA, REALIZADA POR EL IMTA",
        "CVE_EDO": "10",
        "CVE_MPIO": "10007",
        "AÑO": "1993",
        "DESC": "POZO DE LA ZONA \"LA LAGUNA\".",
        "LONG_G": 103,
        "LONG_M": 35,
        "LONG_S": 53.7,
        "LAT_G": 25,
        "LAT_M": 43,
        "LAT_S": 27.48,
        "LONGITUD": -103.59825,
        "LATITUD": 25.7243,
        "CVE_ACUIF": "0523",
        "NOM_ACUIF": "PRINCIPAL-REGION LAGUNERA",
        "CT_POZO": "NO",
        "DISEÑO_PE": "NO",
        "CORTE_LIT": "NO",
        "REG_ELEC": "NO",
        "INF_PERF": "NO",
        "REG_AFORO": "NO",
        "ANAL_AGUA": "NO",
        "CROQUIS": "SI",
        "TIPO_INF": "CROQUIS",
        "HGQ": "NO",
        "URL": "https://sigagis.conagua.gob.mx/t_infbasica/INVENTARIO/10 DURANGO/PDF/10_0025.pdf",
        "NOM_EDO_OFICIAL": "DURANGO",
        "CVE_ACUIF_STR": "0523"
      }
    },
    {
      "type": "Feature",
      "geometry": {
        "type": "Point",
        "coordinates": [
          -103.168957,
          25.522326
        ]
      },
      "properties": {
        "fid": 155,
        "CVE_LGJO": "10_0025",
        "CVE_POZO": "POZO 2115",
        "TIT_LGJO": "GEOHIDROLOGÍA DE LA LAGUNA, REALIZADA POR EL IMTA",
        "CVE_EDO": "05",
        "CVE_MPIO": "05017",
        "AÑO": "1993",
        "DESC": "POZO DE LA ZONA \"LA LAGUNA\".",
        "LONG_G": 103,
        "LONG_M": 10,
        "LONG_S": 8.25,
        "LAT_G": 25,
        "LAT_M": 31,
        "LAT_S": 20.37,
        "LONGITUD": -103.168957,
        "LATITUD": 25.522326,
        "CVE_ACUIF": "0523",
        "NOM_ACUIF": "PRINCIPAL-REGION LAGUNERA",
        "CT_POZO": "NO",
        "DISEÑO_PE": "NO",
        "CORTE_LIT": "NO",
        "REG_ELEC": "NO",
        "INF_PERF": "NO",
        "REG_AFORO": "NO",
        "ANAL_AGUA": "NO",
        "CROQUIS": "SI",
        "TIPO_INF": "CROQUIS",
        "HGQ": "NO",
        "URL": "https://sigagis.conagua.gob.mx/t_infbasica/INVENTARIO/05 COAHUILA DE ZARAGOZA/PDF/10_0025.pdf",
        "NOM_EDO_OFICIAL": "COAHUILA",
        "CVE_ACUIF_STR": "0523"
      }
    },
    {
      "type": "Feature",
      "geometry": {
        "type": "Point",
        "coordinates": [
          -102.98867,
          25.78177
        ]
      },
      "properties": {
        "fid": 156,
        "CVE_LGJO": "10_0025",
        "CVE_POZO": "POZO 2178 (A1990)",
        "TIT_LGJO": "GEOHIDROLOGÍA DE LA LAGUNA (I Y II ETAPA), REALIZADA POR EL IMTA",
        "CVE_EDO": "05",
        "CVE_MPIO": "05033",
        "AÑO": "1993",
        "DESC": "POZO SELECCIONADO (I Y II ETAPA ) EN LA INVESTIGACIÓN PARA CARACTERIZAR HIDROQUÍMICAMENTE DE LA ZONA \"LA LAGUNA\", DEGRADA POR CONCENTRACIONES ELEVADAS DE ARSÉNICO, MOSTRANDO UN DETERIORO EN SU CALIDAD FÍSICO-QUÍMICA.",
        "LONG_G": 102,
        "LONG_M": 59,
        "LONG_S": 19.21,
        "LAT_G": 25,
        "LAT_M": 46,
        "LAT_S": 54.37,
        "LONGITUD": -102.98867,
        "LATITUD": 25.78177,
        "CVE_ACUIF": "0523",
        "NOM_ACUIF": "PRINCIPAL-REGION LAGUNERA",
        "CT_POZO": "NO",
        "DISEÑO_PE": "NO",
        "CORTE_LIT": "NO",
        "REG_ELEC": "NO",
        "INF_PERF": "NO",
        "REG_AFORO": "NO",
        "ANAL_AGUA": "SI",
        "CROQUIS": "SI",
        "TIPO_INF": "HIDROGEOQUÍMICO",
        "HGQ": "SI",
        "TEMP_°C": "23",
        "POT_H_s/u": "6.5",
        "CE_Us/cm": "4970",
        "As_mg/L": "0.15079999999999999",
        "URL": "https://sigagis.conagua.gob.mx/t_infbasica/INVENTARIO/05 COAHUILA DE ZARAGOZA/PDF/10_0025.pdf",
        "NOM_EDO_OFICIAL": "COAHUILA",
        "CVE_ACUIF_STR": "0523"
      }
    },
    {
      "type": "Feature",
      "geometry": {
        "type": "Point",
        "coordinates": [
          -102.98867,
          25.78177
        ]
      },
      "properties": {
        "fid": 157,
        "CVE_LGJO": "10_0025",
        "CVE_POZO": "POZO 2178 (A1993)",
        "TIT_LGJO": "GEOHIDROLOGÍA DE LA LAGUNA, REALIZADA POR EL IMTA",
        "CVE_EDO": "05",
        "CVE_MPIO": "05033",
        "AÑO": "1993",
        "DESC": "POZO SELECCIONADO EN LA INVESTIGACIÓN PARA CARACTERIZAR HIDROQUÍMICAMENTE DE LA ZONA \"LA LAGUNA\", DEGRADA POR CONCENTRACIONES ELEVADAS DE ARSÉNICO, MOSTRANDO UN DETERIORO EN SU CALIDAD FÍSICO-QUÍMICA.",
        "LONG_G": 102,
        "LONG_M": 59,
        "LONG_S": 19.21,
        "LAT_G": 25,
        "LAT_M": 46,
        "LAT_S": 54.37,
        "LONGITUD": -102.98867,
        "LATITUD": 25.78177,
        "CVE_ACUIF": "0523",
        "NOM_ACUIF": "PRINCIPAL-REGION LAGUNERA",
        "CT_POZO": "NO",
        "DISEÑO_PE": "NO",
        "CORTE_LIT": "NO",
        "REG_ELEC": "NO",
        "INF_PERF": "NO",
        "REG_AFORO": "NO",
        "ANAL_AGUA": "SI",
        "CROQUIS": "SI",
        "TIPO_INF": "HIDROGEOQUÍMICO",
        "HGQ": "SI",
        "TEMP_°C": "23.1",
        "POT_H_s/u": "6.36",
        "CE_Us/cm": "3530",
        "As_mg/L": "0.23599999999999999",
        "URL": "https://sigagis.conagua.gob.mx/t_infbasica/INVENTARIO/05 COAHUILA DE ZARAGOZA/PDF/10_0025.pdf",
        "NOM_EDO_OFICIAL": "COAHUILA",
        "CVE_ACUIF_STR": "0523"
      }
    },
    {
      "type": "Feature",
      "geometry": {
        "type": "Point",
        "coordinates": [
          -103.0392,
          25.49407
        ]
      },
      "properties": {
        "fid": 158,
        "CVE_LGJO": "10_0025",
        "CVE_POZO": "POZO 2234",
        "TIT_LGJO": "GEOHIDROLOGÍA DE LA LAGUNA, REALIZADA POR EL IMTA",
        "CVE_EDO": "05",
        "CVE_MPIO": "05017",
        "AÑO": "1993",
        "DESC": "POZO DE LA ZONA \"LA LAGUNA\".",
        "LONG_G": 103,
        "LONG_M": 2,
        "LONG_S": 21.12,
        "LAT_G": 25,
        "LAT_M": 29,
        "LAT_S": 38.65,
        "LONGITUD": -103.0392,
        "LATITUD": 25.49407,
        "CVE_ACUIF": "0523",
        "NOM_ACUIF": "PRINCIPAL-REGION LAGUNERA",
        "CT_POZO": "NO",
        "DISEÑO_PE": "NO",
        "CORTE_LIT": "NO",
        "REG_ELEC": "NO",
        "INF_PERF": "NO",
        "REG_AFORO": "NO",
        "ANAL_AGUA": "NO",
        "CROQUIS": "SI",
        "TIPO_INF": "CROQUIS",
        "HGQ": "NO",
        "URL": "https://sigagis.conagua.gob.mx/t_infbasica/INVENTARIO/05 COAHUILA DE ZARAGOZA/PDF/10_0025.pdf",
        "NOM_EDO_OFICIAL": "COAHUILA",
        "CVE_ACUIF_STR": "0523"
      }
    },
    {
      "type": "Feature",
      "geometry": {
        "type": "Point",
        "coordinates": [
          -103.439875,
          25.52285
        ]
      },
      "properties": {
        "fid": 159,
        "CVE_LGJO": "10_0025",
        "CVE_POZO": "POZO 2240",
        "TIT_LGJO": "GEOHIDROLOGÍA DE LA LAGUNA, REALIZADA POR EL IMTA",
        "CVE_EDO": "05",
        "CVE_MPIO": "05035",
        "AÑO": "1993",
        "DESC": "POZO DE LA ZONA \"LA LAGUNA\".",
        "LONG_G": 103,
        "LONG_M": 26,
        "LONG_S": 23.55,
        "LAT_G": 25,
        "LAT_M": 31,
        "LAT_S": 22.26,
        "LONGITUD": -103.439875,
        "LATITUD": 25.52285,
        "CVE_ACUIF": "0523",
        "NOM_ACUIF": "PRINCIPAL-REGION LAGUNERA",
        "CT_POZO": "NO",
        "DISEÑO_PE": "NO",
        "CORTE_LIT": "NO",
        "REG_ELEC": "NO",
        "INF_PERF": "NO",
        "REG_AFORO": "NO",
        "ANAL_AGUA": "NO",
        "CROQUIS": "SI",
        "TIPO_INF": "CROQUIS",
        "HGQ": "NO",
        "URL": "https://sigagis.conagua.gob.mx/t_infbasica/INVENTARIO/05 COAHUILA DE ZARAGOZA/PDF/10_0025.pdf",
        "NOM_EDO_OFICIAL": "COAHUILA",
        "CVE_ACUIF_STR": "0523"
      }
    },
    {
      "type": "Feature",
      "geometry": {
        "type": "Point",
        "coordinates": [
          -103.268935,
          25.530788
        ]
      },
      "properties": {
        "fid": 160,
        "CVE_LGJO": "10_0025",
        "CVE_POZO": "POZO 2314 (A1990)",
        "TIT_LGJO": "GEOHIDROLOGÍA DE LA LAGUNA (I Y II ETAPA), REALIZADA POR EL IMTA",
        "CVE_EDO": "05",
        "CVE_MPIO": "05017",
        "AÑO": "1993",
        "DESC": "POZO SELECCIONADO (I Y II ETAPA ) EN LA INVESTIGACIÓN PARA CARACTERIZAR HIDROQUÍMICAMENTE DE LA ZONA \"LA LAGUNA\", DEGRADA POR CONCENTRACIONES ELEVADAS DE ARSÉNICO, MOSTRANDO UN DETERIORO EN SU CALIDAD FÍSICO-QUÍMICA.",
        "LONG_G": 103,
        "LONG_M": 16,
        "LONG_S": 8.17,
        "LAT_G": 25,
        "LAT_M": 31,
        "LAT_S": 50.84,
        "LONGITUD": -103.268935,
        "LATITUD": 25.530788,
        "CVE_ACUIF": "0523",
        "NOM_ACUIF": "PRINCIPAL-REGION LAGUNERA",
        "CT_POZO": "NO",
        "DISEÑO_PE": "NO",
        "CORTE_LIT": "NO",
        "REG_ELEC": "NO",
        "INF_PERF": "NO",
        "REG_AFORO": "NO",
        "ANAL_AGUA": "SI",
        "CROQUIS": "SI",
        "TIPO_INF": "HIDROGEOQUÍMICO",
        "HGQ": "SI",
        "TEMP_°C": "31.4",
        "POT_H_s/u": "6.9",
        "CE_Us/cm": "359",
        "As_mg/L": "2.5100000000000001E-2",
        "URL": "https://sigagis.conagua.gob.mx/t_infbasica/INVENTARIO/05 COAHUILA DE ZARAGOZA/PDF/10_0025.pdf",
        "NOM_EDO_OFICIAL": "COAHUILA",
        "CVE_ACUIF_STR": "0523"
      }
    },
    {
      "type": "Feature",
      "geometry": {
        "type": "Point",
        "coordinates": [
          -103.268935,
          25.530788
        ]
      },
      "properties": {
        "fid": 161,
        "CVE_LGJO": "10_0025",
        "CVE_POZO": "POZO 2314 (A1993)",
        "TIT_LGJO": "GEOHIDROLOGÍA DE LA LAGUNA, REALIZADA POR EL IMTA",
        "CVE_EDO": "05",
        "CVE_MPIO": "05017",
        "AÑO": "1993",
        "DESC": "POZO SELECCIONADO EN LA INVESTIGACIÓN PARA CARACTERIZAR HIDROQUÍMICAMENTE DE LA ZONA \"LA LAGUNA\", DEGRADA POR CONCENTRACIONES ELEVADAS DE ARSÉNICO, MOSTRANDO UN DETERIORO EN SU CALIDAD FÍSICO-QUÍMICA.",
        "LONG_G": 103,
        "LONG_M": 16,
        "LONG_S": 8.17,
        "LAT_G": 25,
        "LAT_M": 31,
        "LAT_S": 50.84,
        "LONGITUD": -103.268935,
        "LATITUD": 25.530788,
        "CVE_ACUIF": "0523",
        "NOM_ACUIF": "PRINCIPAL-REGION LAGUNERA",
        "CT_POZO": "NO",
        "DISEÑO_PE": "NO",
        "CORTE_LIT": "NO",
        "REG_ELEC": "NO",
        "INF_PERF": "NO",
        "REG_AFORO": "NO",
        "ANAL_AGUA": "SI",
        "CROQUIS": "SI",
        "TIPO_INF": "HIDROGEOQUÍMICO",
        "HGQ": "SI",
        "TEMP_°C": "32.299999999999997",
        "POT_H_s/u": "7.67",
        "CE_Us/cm": "1150",
        "As_mg/L": "1.8499999999999999E-2",
        "URL": "https://sigagis.conagua.gob.mx/t_infbasica/INVENTARIO/05 COAHUILA DE ZARAGOZA/PDF/10_0025.pdf",
        "NOM_EDO_OFICIAL": "COAHUILA",
        "CVE_ACUIF_STR": "0523"
      }
    },
    {
      "type": "Feature",
      "geometry": {
        "type": "Point",
        "coordinates": [
          -103.57691,
          25.5906
        ]
      },
      "properties": {
        "fid": 162,
        "CVE_LGJO": "10_0025",
        "CVE_POZO": "POZO 2344",
        "TIT_LGJO": "GEOHIDROLOGÍA DE LA LAGUNA, REALIZADA POR EL IMTA",
        "CVE_EDO": "10",
        "CVE_MPIO": "10007",
        "AÑO": "1993",
        "DESC": "POZO DE LA ZONA \"LA LAGUNA\".",
        "LONG_G": 103,
        "LONG_M": 34,
        "LONG_S": 36.88,
        "LAT_G": 25,
        "LAT_M": 35,
        "LAT_S": 26.16,
        "LONGITUD": -103.57691,
        "LATITUD": 25.5906,
        "CVE_ACUIF": "0523",
        "NOM_ACUIF": "PRINCIPAL-REGION LAGUNERA",
        "CT_POZO": "NO",
        "DISEÑO_PE": "NO",
        "CORTE_LIT": "NO",
        "REG_ELEC": "NO",
        "INF_PERF": "NO",
        "REG_AFORO": "NO",
        "ANAL_AGUA": "NO",
        "CROQUIS": "SI",
        "TIPO_INF": "CROQUIS",
        "HGQ": "NO",
        "URL": "https://sigagis.conagua.gob.mx/t_infbasica/INVENTARIO/10 DURANGO/PDF/10_0025.pdf",
        "NOM_EDO_OFICIAL": "DURANGO",
        "CVE_ACUIF_STR": "0523"
      }
    },
    {
      "type": "Feature",
      "geometry": {
        "type": "Point",
        "coordinates": [
          -103.4302388888889,
          25.812025
        ]
      },
      "properties": {
        "fid": 163,
        "CVE_LGJO": "10_0025",
        "CVE_POZO": "POZO 2345 (1990)",
        "NOMB_POZO": "PREDIO ARCINAS",
        "TIT_LGJO": "GEOHIDROLOGÍA DE LA LAGUNA (I Y II ETAPA), REALIZADA POR EL IMTA",
        "CVE_EDO": "10",
        "CVE_MPIO": "10007",
        "AÑO": "1993",
        "DESC": "POZO SELECCIONADO (I Y II ETAPA ) EN LA INVESTIGACIÓN PARA CARACTERIZAR HIDROQUÍMICAMENTE DE LA ZONA \"LA LAGUNA\", DEGRADA POR CONCENTRACIONES ELEVADAS DE ARSÉNICO, MOSTRANDO UN DETERIORO EN SU CALIDAD FÍSICO-QUÍMICA.",
        "LONG_G": 103,
        "LONG_M": 25,
        "LONG_S": 48.86,
        "LAT_G": 25,
        "LAT_M": 48,
        "LAT_S": 43.29,
        "LONGITUD": -103.4302388888889,
        "LATITUD": 25.812025,
        "CVE_ACUIF": "0523",
        "NOM_ACUIF": "PRINCIPAL-REGION LAGUNERA",
        "CT_POZO": "NO",
        "DISEÑO_PE": "NO",
        "CORTE_LIT": "SI",
        "REG_ELEC": "NO",
        "INF_PERF": "NO",
        "REG_AFORO": "NO",
        "ANAL_AGUA": "SI",
        "CROQUIS": "SI",
        "TIPO_INF": "PROFUNDIDAD",
        "PROF_TOT_m": 193.85,
        "HGQ": "SI",
        "LONG_COL_m": 109.73,
        "ADEME_pulg": 16,
        "TEMP_°C": "N.A.",
        "POT_H_s/u": "N.A.",
        "CE_Us/cm": "N.A.",
        "As_mg/L": "N.A.",
        "URL": "https://sigagis.conagua.gob.mx/t_infbasica/INVENTARIO/10 DURANGO/PDF/10_0025.pdf",
        "NOM_EDO_OFICIAL": "DURANGO",
        "CVE_ACUIF_STR": "0523"
      }
    },
    {
      "type": "Feature",
      "geometry": {
        "type": "Point",
        "coordinates": [
          -103.4302388888889,
          25.812025
        ]
      },
      "properties": {
        "fid": 164,
        "CVE_LGJO": "10_0025",
        "CVE_POZO": "POZO 2345 (A1993)",
        "NOMB_POZO": "PREDIO ARCINAS",
        "TIT_LGJO": "GEOHIDROLOGÍA DE LA LAGUNA, REALIZADA POR EL IMTA",
        "CVE_EDO": "10",
        "CVE_MPIO": "10007",
        "AÑO": "1993",
        "DESC": "POZO SELECCIONADO (III ETAPA ) EN LA INVESTIGACIÓN PARA CARACTERIZAR HIDROQUÍMICAMENTE DE LA ZONA \"LA LAGUNA\", DEGRADA POR CONCENTRACIONES ELEVADAS DE ARSÉNICO, MOSTRANDO UN DETERIORO EN SU CALIDAD FÍSICO-QUÍMICA.",
        "LONG_G": 103,
        "LONG_M": 25,
        "LONG_S": 48.86,
        "LAT_G": 25,
        "LAT_M": 48,
        "LAT_S": 43.29,
        "LONGITUD": -103.4302388888889,
        "LATITUD": 25.812025,
        "CVE_ACUIF": "0523",
        "NOM_ACUIF": "PRINCIPAL-REGION LAGUNERA",
        "CT_POZO": "NO",
        "DISEÑO_PE": "NO",
        "CORTE_LIT": "SI",
        "REG_ELEC": "NO",
        "INF_PERF": "NO",
        "REG_AFORO": "NO",
        "ANAL_AGUA": "SI",
        "CROQUIS": "SI",
        "TIPO_INF": "HIDROGEOQUÍMICO",
        "PROF_TOT_m": 193.85,
        "HGQ": "SI",
        "NE_M": 84.12,
        "Ca": 21.87,
        "Mg": 1.22,
        "Na": 80.4,
        "LONG_COL_m": 109.73,
        "ADEME_pulg": 16,
        "TEMP_°C": "29.1",
        "POT_H_s/u": "7.89",
        "CE_Us/cm": "358",
        "As_mg/L": "2.1700000000000001E-2",
        "URL": "https://sigagis.conagua.gob.mx/t_infbasica/INVENTARIO/10 DURANGO/PDF/10_0025.pdf",
        "NOM_EDO_OFICIAL": "DURANGO",
        "CVE_ACUIF_STR": "0523"
      }
    },
    {
      "type": "Feature",
      "geometry": {
        "type": "Point",
        "coordinates": [
          -103.3292,
          25.5049
        ]
      },
      "properties": {
        "fid": 165,
        "CVE_LGJO": "10_0025",
        "CVE_POZO": "POZO 2349 (A1990)",
        "NOMB_POZO": "EJIDO LA PERLA",
        "TIT_LGJO": "GEOHIDROLOGÍA DE LA LAGUNA (I Y II ETAPA), REALIZADA POR EL IMTA",
        "CVE_EDO": "05",
        "CVE_MPIO": "05035",
        "AÑO": "1993",
        "DESC": "POZO SELECCIONADO (I Y II ETAPA ) EN LA INVESTIGACIÓN PARA CARACTERIZAR HIDROQUÍMICAMENTE DE LA ZONA \"LA LAGUNA\", DEGRADA POR CONCENTRACIONES ELEVADAS DE ARSÉNICO, MOSTRANDO UN DETERIORO EN SU CALIDAD FÍSICO-QUÍMICA.",
        "LONG_G": 103,
        "LONG_M": 19,
        "LONG_S": 45.12,
        "LAT_G": 25,
        "LAT_M": 30,
        "LAT_S": 17.64,
        "LONGITUD": -103.3292,
        "LATITUD": 25.5049,
        "CVE_ACUIF": "0523",
        "NOM_ACUIF": "PRINCIPAL-REGION LAGUNERA",
        "CT_POZO": "NO",
        "DISEÑO_PE": "NO",
        "CORTE_LIT": "SI",
        "REG_ELEC": "NO",
        "INF_PERF": "NO",
        "REG_AFORO": "NO",
        "ANAL_AGUA": "SI",
        "CROQUIS": "SI",
        "TIPO_INF": "HIDROGEOQUÍMICO",
        "PROF_TOT_m": 157.58,
        "HGQ": "SI",
        "LONG_COL_m": 49.68,
        "ADEME_pulg": 16,
        "TEMP_°C": "25",
        "POT_H_s/u": "7.3",
        "CE_Us/cm": "764",
        "As_mg/L": "5.9700000000000003E-2",
        "URL": "https://sigagis.conagua.gob.mx/t_infbasica/INVENTARIO/05 COAHUILA DE ZARAGOZA/PDF/10_0025.pdf",
        "NOM_EDO_OFICIAL": "COAHUILA",
        "CVE_ACUIF_STR": "0523"
      }
    },
    {
      "type": "Feature",
      "geometry": {
        "type": "Point",
        "coordinates": [
          -103.3292,
          25.5049
        ]
      },
      "properties": {
        "fid": 166,
        "CVE_LGJO": "10_0025",
        "CVE_POZO": "POZO 2349 (A1993)",
        "NOMB_POZO": "EJIDO LA PERLA",
        "TIT_LGJO": "GEOHIDROLOGÍA DE LA LAGUNA, REALIZADA POR EL IMTA",
        "CVE_EDO": "05",
        "CVE_MPIO": "05035",
        "AÑO": "1993",
        "DESC": "POZO SELECCIONADO (III ETAPA ) EN LA INVESTIGACIÓN PARA CARACTERIZAR HIDROQUÍMICAMENTE DE LA ZONA \"LA LAGUNA\", DEGRADA POR CONCENTRACIONES ELEVADAS DE ARSÉNICO, MOSTRANDO UN DETERIORO EN SU CALIDAD FÍSICO-QUÍMICA.",
        "LONG_G": 103,
        "LONG_M": 19,
        "LONG_S": 45.12,
        "LAT_G": 25,
        "LAT_M": 30,
        "LAT_S": 17.64,
        "LONGITUD": -103.3292,
        "LATITUD": 25.5049,
        "CVE_ACUIF": "0523",
        "NOM_ACUIF": "PRINCIPAL-REGION LAGUNERA",
        "CT_POZO": "NO",
        "DISEÑO_PE": "NO",
        "CORTE_LIT": "SI",
        "REG_ELEC": "NO",
        "INF_PERF": "NO",
        "REG_AFORO": "NO",
        "ANAL_AGUA": "SI",
        "CROQUIS": "SI",
        "TIPO_INF": "HIDROGEOQUÍMICO",
        "PROF_TOT_m": 157.58,
        "HGQ": "SI",
        "NE_M": 107.9,
        "Ca": 62.02333333333333,
        "Mg": 14.96666666666667,
        "Na": 628.6666666666666,
        "LONG_COL_m": 49.68,
        "ADEME_pulg": 16,
        "TEMP_°C": "27",
        "POT_H_s/u": "7.65",
        "CE_Us/cm": "1960",
        "As_mg/L": "3.85E-2",
        "URL": "https://sigagis.conagua.gob.mx/t_infbasica/INVENTARIO/05 COAHUILA DE ZARAGOZA/PDF/10_0025.pdf",
        "NOM_EDO_OFICIAL": "COAHUILA",
        "CVE_ACUIF_STR": "0523"
      }
    },
    {
      "type": "Feature",
      "geometry": {
        "type": "Point",
        "coordinates": [
          -103.42895,
          25.64992
        ]
      },
      "properties": {
        "fid": 167,
        "CVE_LGJO": "10_0025",
        "CVE_POZO": "POZO 2382",
        "TIT_LGJO": "GEOHIDROLOGÍA DE LA LAGUNA, REALIZADA POR EL IMTA",
        "CVE_EDO": "10",
        "CVE_MPIO": "10007",
        "AÑO": "1993",
        "DESC": "POZO DE LA ZONA \"LA LAGUNA\".",
        "LONG_G": 103,
        "LONG_M": 25,
        "LONG_S": 44.22,
        "LAT_G": 25,
        "LAT_M": 38,
        "LAT_S": 59.71,
        "LONGITUD": -103.42895,
        "LATITUD": 25.64992,
        "CVE_ACUIF": "0523",
        "NOM_ACUIF": "PRINCIPAL-REGION LAGUNERA",
        "CT_POZO": "NO",
        "DISEÑO_PE": "NO",
        "CORTE_LIT": "NO",
        "REG_ELEC": "NO",
        "INF_PERF": "NO",
        "REG_AFORO": "NO",
        "ANAL_AGUA": "NO",
        "CROQUIS": "SI",
        "TIPO_INF": "CROQUIS",
        "HGQ": "NO",
        "URL": "https://sigagis.conagua.gob.mx/t_infbasica/INVENTARIO/10 DURANGO/PDF/10_0025.pdf",
        "NOM_EDO_OFICIAL": "DURANGO",
        "CVE_ACUIF_STR": "0523"
      }
    },
    {
      "type": "Feature",
      "geometry": {
        "type": "Point",
        "coordinates": [
          -103.616825,
          25.513014
        ]
      },
      "properties": {
        "fid": 168,
        "CVE_LGJO": "10_0025",
        "CVE_POZO": "POZO 2408",
        "TIT_LGJO": "GEOHIDROLOGÍA DE LA LAGUNA, REALIZADA POR EL IMTA",
        "CVE_EDO": "10",
        "CVE_MPIO": "10012",
        "AÑO": "1993",
        "DESC": "POZO DE LA ZONA \"LA LAGUNA\".",
        "LONG_G": 103,
        "LONG_M": 37,
        "LONG_S": 0.57,
        "LAT_G": 25,
        "LAT_M": 30,
        "LAT_S": 46.85,
        "LONGITUD": -103.616825,
        "LATITUD": 25.513014,
        "CVE_ACUIF": "0523",
        "NOM_ACUIF": "PRINCIPAL-REGION LAGUNERA",
        "CT_POZO": "NO",
        "DISEÑO_PE": "NO",
        "CORTE_LIT": "NO",
        "REG_ELEC": "NO",
        "INF_PERF": "NO",
        "REG_AFORO": "NO",
        "ANAL_AGUA": "NO",
        "CROQUIS": "SI",
        "TIPO_INF": "CROQUIS",
        "HGQ": "NO",
        "URL": "https://sigagis.conagua.gob.mx/t_infbasica/INVENTARIO/10 DURANGO/PDF/10_0025.pdf",
        "NOM_EDO_OFICIAL": "DURANGO",
        "CVE_ACUIF_STR": "0523"
      }
    },
    {
      "type": "Feature",
      "geometry": {
        "type": "Point",
        "coordinates": [
          -103.35291,
          25.95263
        ]
      },
      "properties": {
        "fid": 169,
        "CVE_LGJO": "10_0025",
        "CVE_POZO": "POZO 2479",
        "TIT_LGJO": "GEOHIDROLOGÍA DE LA LAGUNA, REALIZADA POR EL IMTA",
        "CVE_EDO": "05",
        "CVE_MPIO": "05009",
        "AÑO": "1993",
        "DESC": "POZO DE LA ZONA \"LA LAGUNA\".",
        "LONG_G": 103,
        "LONG_M": 21,
        "LONG_S": 10.48,
        "LAT_G": 25,
        "LAT_M": 57,
        "LAT_S": 9.47,
        "LONGITUD": -103.35291,
        "LATITUD": 25.95263,
        "CVE_ACUIF": "0523",
        "NOM_ACUIF": "PRINCIPAL-REGION LAGUNERA",
        "CT_POZO": "NO",
        "DISEÑO_PE": "NO",
        "CORTE_LIT": "NO",
        "REG_ELEC": "NO",
        "INF_PERF": "NO",
        "REG_AFORO": "NO",
        "ANAL_AGUA": "NO",
        "CROQUIS": "SI",
        "TIPO_INF": "CROQUIS",
        "HGQ": "NO",
        "URL": "https://sigagis.conagua.gob.mx/t_infbasica/INVENTARIO/05 COAHUILA DE ZARAGOZA/PDF/10_0025.pdf",
        "NOM_EDO_OFICIAL": "COAHUILA",
        "CVE_ACUIF_STR": "0523"
      }
    },
    {
      "type": "Feature",
      "geometry": {
        "type": "Point",
        "coordinates": [
          -103.19065,
          26.0024
        ]
      },
      "properties": {
        "fid": 170,
        "CVE_LGJO": "10_0025",
        "CVE_POZO": "POZO 2510 (A1990)",
        "TIT_LGJO": "GEOHIDROLOGÍA DE LA LAGUNA (I Y II ETAPA), REALIZADA POR EL IMTA",
        "CVE_EDO": "05",
        "CVE_MPIO": "05009",
        "AÑO": "1993",
        "DESC": "POZO SELECCIONADO (I Y II ETAPA ) EN LA INVESTIGACIÓN PARA CARACTERIZAR HIDROQUÍMICAMENTE DE LA ZONA \"LA LAGUNA\", DEGRADA POR CONCENTRACIONES ELEVADAS DE ARSÉNICO, MOSTRANDO UN DETERIORO EN SU CALIDAD FÍSICO-QUÍMICA.",
        "LONG_G": 103,
        "LONG_M": 11,
        "LONG_S": 26.34,
        "LAT_G": 26,
        "LAT_M": 0,
        "LAT_S": 8.64,
        "LONGITUD": -103.19065,
        "LATITUD": 26.0024,
        "CVE_ACUIF": "0523",
        "NOM_ACUIF": "PRINCIPAL-REGION LAGUNERA",
        "CT_POZO": "NO",
        "DISEÑO_PE": "NO",
        "CORTE_LIT": "NO",
        "REG_ELEC": "NO",
        "INF_PERF": "NO",
        "REG_AFORO": "NO",
        "ANAL_AGUA": "SI",
        "CROQUIS": "SI",
        "TIPO_INF": "HIDROGEOQUÍMICO",
        "HGQ": "SI",
        "TEMP_°C": "25",
        "POT_H_s/u": "7.4",
        "CE_Us/cm": "915",
        "As_mg/L": "0.43259999999999998",
        "URL": "https://sigagis.conagua.gob.mx/t_infbasica/INVENTARIO/05 COAHUILA DE ZARAGOZA/PDF/10_0025.pdf",
        "NOM_EDO_OFICIAL": "COAHUILA",
        "CVE_ACUIF_STR": "0523"
      }
    },
    {
      "type": "Feature",
      "geometry": {
        "type": "Point",
        "coordinates": [
          -103.19065,
          26.0024
        ]
      },
      "properties": {
        "fid": 171,
        "CVE_LGJO": "10_0025",
        "CVE_POZO": "POZO 2510 (A1993)",
        "TIT_LGJO": "GEOHIDROLOGÍA DE LA LAGUNA, REALIZADA POR EL IMTA",
        "CVE_EDO": "05",
        "CVE_MPIO": "05009",
        "AÑO": "1993",
        "DESC": "POZO SELECCIONADO EN LA INVESTIGACIÓN PARA CARACTERIZAR HIDROQUÍMICAMENTE DE LA ZONA \"LA LAGUNA\", DEGRADA POR CONCENTRACIONES ELEVADAS DE ARSÉNICO, MOSTRANDO UN DETERIORO EN SU CALIDAD FÍSICO-QUÍMICA.",
        "LONG_G": 103,
        "LONG_M": 11,
        "LONG_S": 26.34,
        "LAT_G": 26,
        "LAT_M": 0,
        "LAT_S": 8.64,
        "LONGITUD": -103.19065,
        "LATITUD": 26.0024,
        "CVE_ACUIF": "0523",
        "NOM_ACUIF": "PRINCIPAL-REGION LAGUNERA",
        "CT_POZO": "NO",
        "DISEÑO_PE": "NO",
        "CORTE_LIT": "NO",
        "REG_ELEC": "NO",
        "INF_PERF": "NO",
        "REG_AFORO": "NO",
        "ANAL_AGUA": "SI",
        "CROQUIS": "SI",
        "TIPO_INF": "HIDROGEOQUÍMICO",
        "HGQ": "SI",
        "TEMP_°C": "24.1",
        "POT_H_s/u": "7.6",
        "CE_Us/cm": "1120",
        "As_mg/L": "0.11550000000000001",
        "URL": "https://sigagis.conagua.gob.mx/t_infbasica/INVENTARIO/05 COAHUILA DE ZARAGOZA/PDF/10_0025.pdf",
        "NOM_EDO_OFICIAL": "COAHUILA",
        "CVE_ACUIF_STR": "0523"
      }
    },
    {
      "type": "Feature",
      "geometry": {
        "type": "Point",
        "coordinates": [
          -103.62378,
          25.49701
        ]
      },
      "properties": {
        "fid": 172,
        "CVE_LGJO": "10_0025",
        "CVE_POZO": "POZO 2538",
        "TIT_LGJO": "GEOHIDROLOGÍA DE LA LAGUNA, REALIZADA POR EL IMTA",
        "CVE_EDO": "10",
        "CVE_MPIO": "10012",
        "AÑO": "1993",
        "DESC": "POZO DE LA ZONA \"LA LAGUNA\".",
        "LONG_G": 103,
        "LONG_M": 37,
        "LONG_S": 25.61,
        "LAT_G": 25,
        "LAT_M": 29,
        "LAT_S": 49.24,
        "LONGITUD": -103.62378,
        "LATITUD": 25.49701,
        "CVE_ACUIF": "0523",
        "NOM_ACUIF": "PRINCIPAL-REGION LAGUNERA",
        "CT_POZO": "NO",
        "DISEÑO_PE": "NO",
        "CORTE_LIT": "NO",
        "REG_ELEC": "NO",
        "INF_PERF": "NO",
        "REG_AFORO": "NO",
        "ANAL_AGUA": "NO",
        "CROQUIS": "SI",
        "TIPO_INF": "CROQUIS",
        "HGQ": "NO",
        "URL": "https://sigagis.conagua.gob.mx/t_infbasica/INVENTARIO/10 DURANGO/PDF/10_0025.pdf",
        "NOM_EDO_OFICIAL": "DURANGO",
        "CVE_ACUIF_STR": "0523"
      }
    },
    {
      "type": "Feature",
      "geometry": {
        "type": "Point",
        "coordinates": [
          -103.40865,
          26.06211
        ]
      },
      "properties": {
        "fid": 173,
        "CVE_LGJO": "10_0025",
        "CVE_POZO": "POZO 2554",
        "TIT_LGJO": "GEOHIDROLOGÍA DE LA LAGUNA, REALIZADA POR EL IMTA",
        "CVE_EDO": "10",
        "CVE_MPIO": "10036",
        "AÑO": "1993",
        "DESC": "POZO DE LA ZONA \"LA LAGUNA\".",
        "LONG_G": 103,
        "LONG_M": 24,
        "LONG_S": 31.14,
        "LAT_G": 26,
        "LAT_M": 3,
        "LAT_S": 43.6,
        "LONGITUD": -103.40865,
        "LATITUD": 26.06211,
        "CVE_ACUIF": "0523",
        "NOM_ACUIF": "PRINCIPAL-REGION LAGUNERA",
        "CT_POZO": "NO",
        "DISEÑO_PE": "NO",
        "CORTE_LIT": "NO",
        "REG_ELEC": "NO",
        "INF_PERF": "NO",
        "REG_AFORO": "NO",
        "ANAL_AGUA": "NO",
        "CROQUIS": "SI",
        "TIPO_INF": "CROQUIS",
        "HGQ": "NO",
        "URL": "https://sigagis.conagua.gob.mx/t_infbasica/INVENTARIO/10 DURANGO/PDF/10_0025.pdf",
        "NOM_EDO_OFICIAL": "DURANGO",
        "CVE_ACUIF_STR": "0523"
      }
    },
    {
      "type": "Feature",
      "geometry": {
        "type": "Point",
        "coordinates": [
          -103.66653,
          25.4214
        ]
      },
      "properties": {
        "fid": 174,
        "CVE_LGJO": "10_0025",
        "CVE_POZO": "POZO 2575",
        "TIT_LGJO": "GEOHIDROLOGÍA DE LA LAGUNA, REALIZADA POR EL IMTA",
        "CVE_EDO": "10",
        "CVE_MPIO": "10012",
        "AÑO": "1993",
        "DESC": "POZO DE LA ZONA \"LA LAGUNA\".",
        "LONG_G": 103,
        "LONG_M": 39,
        "LONG_S": 59.51,
        "LAT_G": 25,
        "LAT_M": 25,
        "LAT_S": 17.04,
        "LONGITUD": -103.66653,
        "LATITUD": 25.4214,
        "CVE_ACUIF": "0523",
        "NOM_ACUIF": "PRINCIPAL-REGION LAGUNERA",
        "CT_POZO": "NO",
        "DISEÑO_PE": "NO",
        "CORTE_LIT": "NO",
        "REG_ELEC": "NO",
        "INF_PERF": "NO",
        "REG_AFORO": "NO",
        "ANAL_AGUA": "NO",
        "CROQUIS": "SI",
        "TIPO_INF": "CROQUIS",
        "HGQ": "NO",
        "URL": "https://sigagis.conagua.gob.mx/t_infbasica/INVENTARIO/10 DURANGO/PDF/10_0025.pdf",
        "NOM_EDO_OFICIAL": "DURANGO",
        "CVE_ACUIF_STR": "0523"
      }
    },
    {
      "type": "Feature",
      "geometry": {
        "type": "Point",
        "coordinates": [
          -103.742,
          25.44446
        ]
      },
      "properties": {
        "fid": 175,
        "CVE_LGJO": "10_0025",
        "CVE_POZO": "POZO 2592",
        "TIT_LGJO": "GEOHIDROLOGÍA DE LA LAGUNA, REALIZADA POR EL IMTA",
        "CVE_EDO": "10",
        "CVE_MPIO": "10012",
        "AÑO": "1993",
        "DESC": "POZO DE LA ZONA \"LA LAGUNA\".",
        "LONG_G": 103,
        "LONG_M": 44,
        "LONG_S": 31.2,
        "LAT_G": 25,
        "LAT_M": 26,
        "LAT_S": 40.06,
        "LONGITUD": -103.742,
        "LATITUD": 25.44446,
        "CVE_ACUIF": "0523",
        "NOM_ACUIF": "PRINCIPAL-REGION LAGUNERA",
        "CT_POZO": "NO",
        "DISEÑO_PE": "NO",
        "CORTE_LIT": "NO",
        "REG_ELEC": "NO",
        "INF_PERF": "NO",
        "REG_AFORO": "NO",
        "ANAL_AGUA": "NO",
        "CROQUIS": "SI",
        "TIPO_INF": "CROQUIS",
        "HGQ": "NO",
        "URL": "https://sigagis.conagua.gob.mx/t_infbasica/INVENTARIO/10 DURANGO/PDF/10_0025.pdf",
        "NOM_EDO_OFICIAL": "DURANGO",
        "CVE_ACUIF_STR": "0523"
      }
    },
    {
      "type": "Feature",
      "geometry": {
        "type": "Point",
        "coordinates": [
          -103.73385,
          25.50693
        ]
      },
      "properties": {
        "fid": 176,
        "CVE_LGJO": "10_0025",
        "CVE_POZO": "POZO 2595",
        "TIT_LGJO": "GEOHIDROLOGÍA DE LA LAGUNA, REALIZADA POR EL IMTA",
        "CVE_EDO": "10",
        "CVE_MPIO": "10012",
        "AÑO": "1993",
        "DESC": "POZO DE LA ZONA \"LA LAGUNA\".",
        "LONG_G": 103,
        "LONG_M": 44,
        "LONG_S": 1.86,
        "LAT_G": 25,
        "LAT_M": 30,
        "LAT_S": 24.95,
        "LONGITUD": -103.73385,
        "LATITUD": 25.50693,
        "CVE_ACUIF": "0523",
        "NOM_ACUIF": "PRINCIPAL-REGION LAGUNERA",
        "CT_POZO": "NO",
        "DISEÑO_PE": "NO",
        "CORTE_LIT": "NO",
        "REG_ELEC": "NO",
        "INF_PERF": "NO",
        "REG_AFORO": "NO",
        "ANAL_AGUA": "NO",
        "CROQUIS": "SI",
        "TIPO_INF": "CROQUIS",
        "HGQ": "NO",
        "URL": "https://sigagis.conagua.gob.mx/t_infbasica/INVENTARIO/10 DURANGO/PDF/10_0025.pdf",
        "NOM_EDO_OFICIAL": "DURANGO",
        "CVE_ACUIF_STR": "0523"
      }
    },
    {
      "type": "Feature",
      "geometry": {
        "type": "Point",
        "coordinates": [
          -103.69338,
          25.55569
        ]
      },
      "properties": {
        "fid": 177,
        "CVE_LGJO": "10_0025",
        "CVE_POZO": "POZO 2605",
        "TIT_LGJO": "GEOHIDROLOGÍA DE LA LAGUNA, REALIZADA POR EL IMTA",
        "CVE_EDO": "10",
        "CVE_MPIO": "10012",
        "AÑO": "1993",
        "DESC": "POZO DE LA ZONA \"LA LAGUNA\".",
        "LONG_G": 103,
        "LONG_M": 41,
        "LONG_S": 36.17,
        "LAT_G": 25,
        "LAT_M": 33,
        "LAT_S": 20.48,
        "LONGITUD": -103.69338,
        "LATITUD": 25.55569,
        "CVE_ACUIF": "0523",
        "NOM_ACUIF": "PRINCIPAL-REGION LAGUNERA",
        "CT_POZO": "NO",
        "DISEÑO_PE": "NO",
        "CORTE_LIT": "NO",
        "REG_ELEC": "NO",
        "INF_PERF": "NO",
        "REG_AFORO": "NO",
        "ANAL_AGUA": "NO",
        "CROQUIS": "SI",
        "TIPO_INF": "CROQUIS",
        "HGQ": "NO",
        "URL": "https://sigagis.conagua.gob.mx/t_infbasica/INVENTARIO/10 DURANGO/PDF/10_0025.pdf",
        "NOM_EDO_OFICIAL": "DURANGO",
        "CVE_ACUIF_STR": "0523"
      }
    },
    {
      "type": "Feature",
      "geometry": {
        "type": "Point",
        "coordinates": [
          -103.65638,
          25.52821
        ]
      },
      "properties": {
        "fid": 178,
        "CVE_LGJO": "10_0025",
        "CVE_POZO": "POZO 2612",
        "TIT_LGJO": "GEOHIDROLOGÍA DE LA LAGUNA, REALIZADA POR EL IMTA",
        "CVE_EDO": "10",
        "CVE_MPIO": "10012",
        "AÑO": "1993",
        "DESC": "POZO DE LA ZONA \"LA LAGUNA\".",
        "LONG_G": 103,
        "LONG_M": 39,
        "LONG_S": 22.97,
        "LAT_G": 25,
        "LAT_M": 31,
        "LAT_S": 41.56,
        "LONGITUD": -103.65638,
        "LATITUD": 25.52821,
        "CVE_ACUIF": "0523",
        "NOM_ACUIF": "PRINCIPAL-REGION LAGUNERA",
        "CT_POZO": "NO",
        "DISEÑO_PE": "NO",
        "CORTE_LIT": "NO",
        "REG_ELEC": "NO",
        "INF_PERF": "NO",
        "REG_AFORO": "NO",
        "ANAL_AGUA": "NO",
        "CROQUIS": "SI",
        "TIPO_INF": "CROQUIS",
        "HGQ": "NO",
        "URL": "https://sigagis.conagua.gob.mx/t_infbasica/INVENTARIO/10 DURANGO/PDF/10_0025.pdf",
        "NOM_EDO_OFICIAL": "DURANGO",
        "CVE_ACUIF_STR": "0523"
      }
    },
    {
      "type": "Feature",
      "geometry": {
        "type": "Point",
        "coordinates": [
          -103.61699,
          25.52817
        ]
      },
      "properties": {
        "fid": 179,
        "CVE_LGJO": "10_0025",
        "CVE_POZO": "POZO 2624",
        "TIT_LGJO": "GEOHIDROLOGÍA DE LA LAGUNA, REALIZADA POR EL IMTA",
        "CVE_EDO": "10",
        "CVE_MPIO": "10012",
        "AÑO": "1993",
        "DESC": "POZO DE LA ZONA \"LA LAGUNA\".",
        "LONG_G": 103,
        "LONG_M": 37,
        "LONG_S": 1.16,
        "LAT_G": 25,
        "LAT_M": 31,
        "LAT_S": 41.41,
        "LONGITUD": -103.61699,
        "LATITUD": 25.52817,
        "CVE_ACUIF": "0523",
        "NOM_ACUIF": "PRINCIPAL-REGION LAGUNERA",
        "CT_POZO": "NO",
        "DISEÑO_PE": "NO",
        "CORTE_LIT": "NO",
        "REG_ELEC": "NO",
        "INF_PERF": "NO",
        "REG_AFORO": "NO",
        "ANAL_AGUA": "NO",
        "CROQUIS": "SI",
        "TIPO_INF": "CROQUIS",
        "HGQ": "NO",
        "URL": "https://sigagis.conagua.gob.mx/t_infbasica/INVENTARIO/10 DURANGO/PDF/10_0025.pdf",
        "NOM_EDO_OFICIAL": "DURANGO",
        "CVE_ACUIF_STR": "0523"
      }
    },
    {
      "type": "Feature",
      "geometry": {
        "type": "Point",
        "coordinates": [
          -103.26892,
          25.9456
        ]
      },
      "properties": {
        "fid": 180,
        "CVE_LGJO": "10_0025",
        "CVE_POZO": "POZO 2654 (A1990)",
        "TIT_LGJO": "GEOHIDROLOGÍA DE LA LAGUNA (I Y II ETAPA), REALIZADA POR EL IMTA",
        "CVE_EDO": "05",
        "CVE_MPIO": "05009",
        "AÑO": "1993",
        "DESC": "POZO SELECCIONADO (I Y II ETAPA ) EN LA INVESTIGACIÓN PARA CARACTERIZAR HIDROQUÍMICAMENTE DE LA ZONA \"LA LAGUNA\", DEGRADA POR CONCENTRACIONES ELEVADAS DE ARSÉNICO, MOSTRANDO UN DETERIORO EN SU CALIDAD FÍSICO-QUÍMICA.",
        "LONG_G": 103,
        "LONG_M": 16,
        "LONG_S": 8.11,
        "LAT_G": 25,
        "LAT_M": 56,
        "LAT_S": 44.16,
        "LONGITUD": -103.26892,
        "LATITUD": 25.9456,
        "CVE_ACUIF": "0523",
        "NOM_ACUIF": "PRINCIPAL-REGION LAGUNERA",
        "CT_POZO": "NO",
        "DISEÑO_PE": "NO",
        "CORTE_LIT": "NO",
        "REG_ELEC": "NO",
        "INF_PERF": "NO",
        "REG_AFORO": "NO",
        "ANAL_AGUA": "SI",
        "CROQUIS": "SI",
        "TIPO_INF": "HIDROGEOQUÍMICO",
        "HGQ": "SI",
        "TEMP_°C": "28",
        "POT_H_s/u": "7.3",
        "CE_Us/cm": "756",
        "As_mg/L": "0.18329999999999999",
        "URL": "https://sigagis.conagua.gob.mx/t_infbasica/INVENTARIO/05 COAHUILA DE ZARAGOZA/PDF/10_0025.pdf",
        "NOM_EDO_OFICIAL": "COAHUILA",
        "CVE_ACUIF_STR": "0523"
      }
    },
    {
      "type": "Feature",
      "geometry": {
        "type": "Point",
        "coordinates": [
          -103.26892,
          25.9456
        ]
      },
      "properties": {
        "fid": 181,
        "CVE_LGJO": "10_0025",
        "CVE_POZO": "POZO 2654 (A1993)",
        "TIT_LGJO": "GEOHIDROLOGÍA DE LA LAGUNA, REALIZADA POR EL IMTA",
        "CVE_EDO": "05",
        "CVE_MPIO": "05009",
        "AÑO": "1993",
        "DESC": "POZO SELECCIONADO EN LA INVESTIGACIÓN PARA CARACTERIZAR HIDROQUÍMICAMENTE DE LA ZONA \"LA LAGUNA\", DEGRADA POR CONCENTRACIONES ELEVADAS DE ARSÉNICO, MOSTRANDO UN DETERIORO EN SU CALIDAD FÍSICO-QUÍMICA.",
        "LONG_G": 103,
        "LONG_M": 16,
        "LONG_S": 8.11,
        "LAT_G": 25,
        "LAT_M": 56,
        "LAT_S": 44.16,
        "LONGITUD": -103.26892,
        "LATITUD": 25.9456,
        "CVE_ACUIF": "0523",
        "NOM_ACUIF": "PRINCIPAL-REGION LAGUNERA",
        "CT_POZO": "NO",
        "DISEÑO_PE": "NO",
        "CORTE_LIT": "NO",
        "REG_ELEC": "NO",
        "INF_PERF": "NO",
        "REG_AFORO": "NO",
        "ANAL_AGUA": "SI",
        "CROQUIS": "SI",
        "TIPO_INF": "HIDROGEOQUÍMICO",
        "HGQ": "SI",
        "TEMP_°C": "31.1",
        "POT_H_s/u": "7.65",
        "CE_Us/cm": "1840",
        "As_mg/L": "7.9500000000000001E-2",
        "URL": "https://sigagis.conagua.gob.mx/t_infbasica/INVENTARIO/05 COAHUILA DE ZARAGOZA/PDF/10_0025.pdf",
        "NOM_EDO_OFICIAL": "COAHUILA",
        "CVE_ACUIF_STR": "0523"
      }
    },
    {
      "type": "Feature",
      "geometry": {
        "type": "Point",
        "coordinates": [
          -103.66406,
          25.47384
        ]
      },
      "properties": {
        "fid": 182,
        "CVE_LGJO": "10_0025",
        "CVE_POZO": "POZO 2679",
        "TIT_LGJO": "GEOHIDROLOGÍA DE LA LAGUNA, REALIZADA POR EL IMTA",
        "CVE_EDO": "10",
        "CVE_MPIO": "10012",
        "AÑO": "1993",
        "DESC": "POZO DE LA ZONA \"LA LAGUNA\".",
        "LONG_G": 103,
        "LONG_M": 39,
        "LONG_S": 50.62,
        "LAT_G": 25,
        "LAT_M": 28,
        "LAT_S": 25.82,
        "LONGITUD": -103.66406,
        "LATITUD": 25.47384,
        "CVE_ACUIF": "0523",
        "NOM_ACUIF": "PRINCIPAL-REGION LAGUNERA",
        "CT_POZO": "NO",
        "DISEÑO_PE": "NO",
        "CORTE_LIT": "NO",
        "REG_ELEC": "NO",
        "INF_PERF": "NO",
        "REG_AFORO": "NO",
        "ANAL_AGUA": "NO",
        "CROQUIS": "SI",
        "TIPO_INF": "CROQUIS",
        "HGQ": "NO",
        "URL": "https://sigagis.conagua.gob.mx/t_infbasica/INVENTARIO/10 DURANGO/PDF/10_0025.pdf",
        "NOM_EDO_OFICIAL": "DURANGO",
        "CVE_ACUIF_STR": "0523"
      }
    },
    {
      "type": "Feature",
      "geometry": {
        "type": "Point",
        "coordinates": [
          -103.644505,
          25.715697
        ]
      },
      "properties": {
        "fid": 183,
        "CVE_LGJO": "10_0025",
        "CVE_POZO": "POZO 2686",
        "TIT_LGJO": "GEOHIDROLOGÍA DE LA LAGUNA, REALIZADA POR EL IMTA",
        "CVE_EDO": "10",
        "CVE_MPIO": "10007",
        "AÑO": "1993",
        "DESC": "POZO DE LA ZONA \"LA LAGUNA\".",
        "LONG_G": 103,
        "LONG_M": 38,
        "LONG_S": 40.22,
        "LAT_G": 25,
        "LAT_M": 42,
        "LAT_S": 56.51,
        "LONGITUD": -103.644505,
        "LATITUD": 25.715697,
        "CVE_ACUIF": "0523",
        "NOM_ACUIF": "PRINCIPAL-REGION LAGUNERA",
        "CT_POZO": "NO",
        "DISEÑO_PE": "NO",
        "CORTE_LIT": "NO",
        "REG_ELEC": "NO",
        "INF_PERF": "NO",
        "REG_AFORO": "NO",
        "ANAL_AGUA": "NO",
        "CROQUIS": "SI",
        "TIPO_INF": "CROQUIS",
        "HGQ": "NO",
        "URL": "https://sigagis.conagua.gob.mx/t_infbasica/INVENTARIO/10 DURANGO/PDF/10_0025.pdf",
        "NOM_EDO_OFICIAL": "DURANGO",
        "CVE_ACUIF_STR": "0523"
      }
    },
    {
      "type": "Feature",
      "geometry": {
        "type": "Point",
        "coordinates": [
          -103.309406,
          25.404673
        ]
      },
      "properties": {
        "fid": 184,
        "CVE_LGJO": "10_0025",
        "CVE_POZO": "POZO 2734",
        "TIT_LGJO": "GEOHIDROLOGÍA DE LA LAGUNA, REALIZADA POR EL IMTA",
        "CVE_EDO": "05",
        "CVE_MPIO": "05017",
        "AÑO": "1993",
        "DESC": "POZO DE LA ZONA \"LA LAGUNA\".",
        "LONG_G": 103,
        "LONG_M": 18,
        "LONG_S": 33.86,
        "LAT_G": 25,
        "LAT_M": 24,
        "LAT_S": 16.82,
        "LONGITUD": -103.309406,
        "LATITUD": 25.404673,
        "CVE_ACUIF": "0523",
        "NOM_ACUIF": "PRINCIPAL-REGION LAGUNERA",
        "CT_POZO": "NO",
        "DISEÑO_PE": "NO",
        "CORTE_LIT": "NO",
        "REG_ELEC": "NO",
        "INF_PERF": "NO",
        "REG_AFORO": "NO",
        "ANAL_AGUA": "NO",
        "CROQUIS": "SI",
        "TIPO_INF": "CROQUIS",
        "HGQ": "NO",
        "URL": "https://sigagis.conagua.gob.mx/t_infbasica/INVENTARIO/05 COAHUILA DE ZARAGOZA/PDF/10_0025.pdf",
        "NOM_EDO_OFICIAL": "COAHUILA",
        "CVE_ACUIF_STR": "0523"
      }
    },
    {
      "type": "Feature",
      "geometry": {
        "type": "Point",
        "coordinates": [
          -103.60005,
          26.00158
        ]
      },
      "properties": {
        "fid": 185,
        "CVE_LGJO": "10_0025",
        "CVE_POZO": "POZO 2755 (A1990)",
        "TIT_LGJO": "GEOHIDROLOGÍA DE LA LAGUNA (I Y II ETAPA), REALIZADA POR EL IMTA",
        "CVE_EDO": "10",
        "CVE_MPIO": "10036",
        "AÑO": "1993",
        "DESC": "POZO SELECCIONADO (I Y II ETAPA ) EN LA INVESTIGACIÓN PARA CARACTERIZAR HIDROQUÍMICAMENTE DE LA ZONA \"LA LAGUNA\", DEGRADA POR CONCENTRACIONES ELEVADAS DE ARSÉNICO, MOSTRANDO UN DETERIORO EN SU CALIDAD FÍSICO-QUÍMICA.",
        "LONG_G": 103,
        "LONG_M": 36,
        "LONG_S": 0.18,
        "LAT_G": 26,
        "LAT_M": 0,
        "LAT_S": 5.69,
        "LONGITUD": -103.60005,
        "LATITUD": 26.00158,
        "CVE_ACUIF": "0523",
        "NOM_ACUIF": "PRINCIPAL-REGION LAGUNERA",
        "CT_POZO": "NO",
        "DISEÑO_PE": "NO",
        "CORTE_LIT": "NO",
        "REG_ELEC": "NO",
        "INF_PERF": "NO",
        "REG_AFORO": "NO",
        "ANAL_AGUA": "SI",
        "CROQUIS": "SI",
        "TIPO_INF": "HIDROGEOQUÍMICO",
        "HGQ": "SI",
        "TEMP_°C": "30",
        "POT_H_s/u": "6.5",
        "CE_Us/cm": "4930",
        "As_mg/L": "2.3199999999999998E-2",
        "URL": "https://sigagis.conagua.gob.mx/t_infbasica/INVENTARIO/10 DURANGO/PDF/10_0025.pdf",
        "NOM_EDO_OFICIAL": "DURANGO",
        "CVE_ACUIF_STR": "0523"
      }
    },
    {
      "type": "Feature",
      "geometry": {
        "type": "Point",
        "coordinates": [
          -103.24131,
          25.31091
        ]
      },
      "properties": {
        "fid": 186,
        "CVE_LGJO": "10_0025",
        "CVE_POZO": "POZO 2775 (A1993)",
        "TIT_LGJO": "GEOHIDROLOGÍA DE LA LAGUNA, REALIZADA POR EL IMTA",
        "CVE_EDO": "05",
        "CVE_MPIO": "05036",
        "AÑO": "1993",
        "DESC": "POZO SELECCIONADO EN LA INVESTIGACIÓN PARA CARACTERIZAR HIDROQUÍMICAMENTE DE LA ZONA \"LA LAGUNA\", DEGRADA POR CONCENTRACIONES ELEVADAS DE ARSÉNICO, MOSTRANDO UN DETERIORO EN SU CALIDAD FÍSICO-QUÍMICA.",
        "LONG_G": 103,
        "LONG_M": 14,
        "LONG_S": 28.72,
        "LAT_G": 25,
        "LAT_M": 18,
        "LAT_S": 39.28,
        "LONGITUD": -103.24131,
        "LATITUD": 25.31091,
        "CVE_ACUIF": "0523",
        "NOM_ACUIF": "PRINCIPAL-REGION LAGUNERA",
        "CT_POZO": "NO",
        "DISEÑO_PE": "NO",
        "CORTE_LIT": "NO",
        "REG_ELEC": "NO",
        "INF_PERF": "NO",
        "REG_AFORO": "NO",
        "ANAL_AGUA": "SI",
        "CROQUIS": "SI",
        "TIPO_INF": "HIDROGEOQUÍMICO",
        "HGQ": "SI",
        "TEMP_°C": "28.4",
        "POT_H_s/u": "6.96",
        "CE_Us/cm": "4090",
        "As_mg/L": "4.3E-3",
        "URL": "https://sigagis.conagua.gob.mx/t_infbasica/INVENTARIO/05 COAHUILA DE ZARAGOZA/PDF/10_0025.pdf",
        "NOM_EDO_OFICIAL": "COAHUILA",
        "CVE_ACUIF_STR": "0523"
      }
    },
    {
      "type": "Feature",
      "geometry": {
        "type": "Point",
        "coordinates": [
          -103.196212,
          25.300506
        ]
      },
      "properties": {
        "fid": 187,
        "CVE_LGJO": "10_0025",
        "CVE_POZO": "POZO 2787",
        "TIT_LGJO": "GEOHIDROLOGÍA DE LA LAGUNA, REALIZADA POR EL IMTA",
        "CVE_EDO": "05",
        "CVE_MPIO": "05036",
        "AÑO": "1993",
        "DESC": "POZO DE LA ZONA \"LA LAGUNA\".",
        "LONG_G": 103,
        "LONG_M": 11,
        "LONG_S": 46.36,
        "LAT_G": 25,
        "LAT_M": 18,
        "LAT_S": 1.82,
        "LONGITUD": -103.196212,
        "LATITUD": 25.300506,
        "CVE_ACUIF": "0523",
        "NOM_ACUIF": "PRINCIPAL-REGION LAGUNERA",
        "CT_POZO": "NO",
        "DISEÑO_PE": "NO",
        "CORTE_LIT": "NO",
        "REG_ELEC": "NO",
        "INF_PERF": "NO",
        "REG_AFORO": "NO",
        "ANAL_AGUA": "NO",
        "CROQUIS": "SI",
        "TIPO_INF": "CROQUIS",
        "HGQ": "NO",
        "URL": "https://sigagis.conagua.gob.mx/t_infbasica/INVENTARIO/05 COAHUILA DE ZARAGOZA/PDF/10_0025.pdf",
        "NOM_EDO_OFICIAL": "COAHUILA",
        "CVE_ACUIF_STR": "0523"
      }
    },
    {
      "type": "Feature",
      "geometry": {
        "type": "Point",
        "coordinates": [
          -103.24897,
          25.385
        ]
      },
      "properties": {
        "fid": 188,
        "CVE_LGJO": "10_0025",
        "CVE_POZO": "POZO 2812",
        "TIT_LGJO": "GEOHIDROLOGÍA DE LA LAGUNA, REALIZADA POR EL IMTA",
        "CVE_EDO": "05",
        "CVE_MPIO": "05036",
        "AÑO": "1993",
        "DESC": "POZO DE LA ZONA \"LA LAGUNA\".",
        "LONG_G": 103,
        "LONG_M": 14,
        "LONG_S": 56.29,
        "LAT_G": 25,
        "LAT_M": 23,
        "LAT_S": 6,
        "LONGITUD": -103.24897,
        "LATITUD": 25.385,
        "CVE_ACUIF": "0523",
        "NOM_ACUIF": "PRINCIPAL-REGION LAGUNERA",
        "CT_POZO": "NO",
        "DISEÑO_PE": "NO",
        "CORTE_LIT": "NO",
        "REG_ELEC": "NO",
        "INF_PERF": "NO",
        "REG_AFORO": "NO",
        "ANAL_AGUA": "NO",
        "CROQUIS": "SI",
        "TIPO_INF": "CROQUIS",
        "HGQ": "NO",
        "URL": "https://sigagis.conagua.gob.mx/t_infbasica/INVENTARIO/05 COAHUILA DE ZARAGOZA/PDF/10_0025.pdf",
        "NOM_EDO_OFICIAL": "COAHUILA",
        "CVE_ACUIF_STR": "0523"
      }
    },
    {
      "type": "Feature",
      "geometry": {
        "type": "Point",
        "coordinates": [
          -103.14118,
          25.96589
        ]
      },
      "properties": {
        "fid": 189,
        "CVE_LGJO": "10_0025",
        "CVE_POZO": "POZO 2819",
        "TIT_LGJO": "GEOHIDROLOGÍA DE LA LAGUNA, REALIZADA POR EL IMTA",
        "CVE_EDO": "05",
        "CVE_MPIO": "05033",
        "AÑO": "1993",
        "DESC": "POZO DE LA ZONA \"LA LAGUNA\".",
        "LONG_G": 103,
        "LONG_M": 8,
        "LONG_S": 28.25,
        "LAT_G": 25,
        "LAT_M": 57,
        "LAT_S": 57.2,
        "LONGITUD": -103.14118,
        "LATITUD": 25.96589,
        "CVE_ACUIF": "0523",
        "NOM_ACUIF": "PRINCIPAL-REGION LAGUNERA",
        "CT_POZO": "NO",
        "DISEÑO_PE": "NO",
        "CORTE_LIT": "NO",
        "REG_ELEC": "NO",
        "INF_PERF": "NO",
        "REG_AFORO": "NO",
        "ANAL_AGUA": "NO",
        "CROQUIS": "SI",
        "TIPO_INF": "CROQUIS",
        "HGQ": "NO",
        "URL": "https://sigagis.conagua.gob.mx/t_infbasica/INVENTARIO/05 COAHUILA DE ZARAGOZA/PDF/10_0025.pdf",
        "NOM_EDO_OFICIAL": "COAHUILA",
        "CVE_ACUIF_STR": "0523"
      }
    },
    {
      "type": "Feature",
      "geometry": {
        "type": "Point",
        "coordinates": [
          -103.3667694444444,
          25.98036111111111
        ]
      },
      "properties": {
        "fid": 190,
        "CVE_LGJO": "10_0025",
        "CVE_POZO": "POZO 2887 (A1990)",
        "NOMB_POZO": "PREDIO 20 DE ABRIL",
        "TIT_LGJO": "GEOHIDROLOGÍA DE LA LAGUNA (I Y II ETAPA), REALIZADA POR EL IMTA",
        "CVE_EDO": "10",
        "CVE_MPIO": "10036",
        "AÑO": "1993",
        "DESC": "POZO SELECCIONADO (I Y II ETAPA ) EN LA INVESTIGACIÓN PARA CARACTERIZAR HIDROQUÍMICAMENTE DE LA ZONA \"LA LAGUNA\", DEGRADA POR CONCENTRACIONES ELEVADAS DE ARSÉNICO, MOSTRANDO UN DETERIORO EN SU CALIDAD FÍSICO-QUÍMICA.",
        "LONG_G": 103,
        "LONG_M": 22,
        "LONG_S": 0.37,
        "LAT_G": 25,
        "LAT_M": 58,
        "LAT_S": 49.3,
        "LONGITUD": -103.3667694444444,
        "LATITUD": 25.98036111111111,
        "CVE_ACUIF": "0523",
        "NOM_ACUIF": "PRINCIPAL-REGION LAGUNERA",
        "CT_POZO": "NO",
        "DISEÑO_PE": "NO",
        "CORTE_LIT": "SI",
        "REG_ELEC": "NO",
        "INF_PERF": "NO",
        "REG_AFORO": "NO",
        "ANAL_AGUA": "SI",
        "CROQUIS": "SI",
        "TIPO_INF": "PROFUNDIDAD",
        "PROF_TOT_m": 138.4,
        "HGQ": "SI",
        "LONG_COL_m": 65.58,
        "ADEME_pulg": 16,
        "TEMP_°C": "N.A.",
        "POT_H_s/u": "N.A.",
        "CE_Us/cm": "N.A.",
        "As_mg/L": "N.A.",
        "URL": "https://sigagis.conagua.gob.mx/t_infbasica/INVENTARIO/10 DURANGO/PDF/10_0025.pdf",
        "NOM_EDO_OFICIAL": "DURANGO",
        "CVE_ACUIF_STR": "0523"
      }
    },
    {
      "type": "Feature",
      "geometry": {
        "type": "Point",
        "coordinates": [
          -103.3667694444444,
          25.98036111111111
        ]
      },
      "properties": {
        "fid": 191,
        "CVE_LGJO": "10_0025",
        "CVE_POZO": "POZO 2887 (A1993)",
        "NOMB_POZO": "PREDIO 20 DE ABRIL",
        "TIT_LGJO": "GEOHIDROLOGÍA DE LA LAGUNA, REALIZADA POR EL IMTA",
        "CVE_EDO": "10",
        "CVE_MPIO": "10036",
        "AÑO": "1993",
        "DESC": "POZO SELECCIONADO (III ETAPA ) EN LA INVESTIGACIÓN PARA CARACTERIZAR HIDROQUÍMICAMENTE DE LA ZONA \"LA LAGUNA\", DEGRADA POR CONCENTRACIONES ELEVADAS DE ARSÉNICO, MOSTRANDO UN DETERIORO EN SU CALIDAD FÍSICO-QUÍMICA.",
        "LONG_G": 103,
        "LONG_M": 22,
        "LONG_S": 0.37,
        "LAT_G": 25,
        "LAT_M": 58,
        "LAT_S": 49.3,
        "LONGITUD": -103.3667694444444,
        "LATITUD": 25.98036111111111,
        "CVE_ACUIF": "0523",
        "NOM_ACUIF": "PRINCIPAL-REGION LAGUNERA",
        "CT_POZO": "NO",
        "DISEÑO_PE": "NO",
        "CORTE_LIT": "SI",
        "REG_ELEC": "NO",
        "INF_PERF": "NO",
        "REG_AFORO": "NO",
        "ANAL_AGUA": "SI",
        "CROQUIS": "SI",
        "TIPO_INF": "HIDROGEOQUÍMICO",
        "PROF_TOT_m": 138.4,
        "HGQ": "SI",
        "NE_M": 69.8,
        "Ca": 279.3333333333333,
        "Mg": 13.95666666666667,
        "Na": 721.6666666666666,
        "LONG_COL_m": 65.58,
        "ADEME_pulg": 16,
        "TEMP_°C": "26.1",
        "POT_H_s/u": "7.22",
        "CE_Us/cm": "3477",
        "As_mg/L": "0.1144",
        "URL": "https://sigagis.conagua.gob.mx/t_infbasica/INVENTARIO/10 DURANGO/PDF/10_0025.pdf",
        "NOM_EDO_OFICIAL": "DURANGO",
        "CVE_ACUIF_STR": "0523"
      }
    },
    {
      "type": "Feature",
      "geometry": {
        "type": "Point",
        "coordinates": [
          -103.7135805555556,
          25.81456111111111
        ]
      },
      "properties": {
        "fid": 192,
        "CVE_LGJO": "10_0025",
        "CVE_POZO": "POZO 2907 (A1990)",
        "NOMB_POZO": "PREDIO TRASGO",
        "TIT_LGJO": "GEOHIDROLOGÍA DE LA LAGUNA (I Y II ETAPA), REALIZADA POR EL IMTA",
        "CVE_EDO": "10",
        "CVE_MPIO": "10013",
        "AÑO": "1993",
        "DESC": "POZO SELECCIONADO (I Y II ETAPA ) EN LA INVESTIGACIÓN PARA CARACTERIZAR HIDROQUÍMICAMENTE DE LA ZONA \"LA LAGUNA\", DEGRADA POR CONCENTRACIONES ELEVADAS DE ARSÉNICO, MOSTRANDO UN DETERIORO EN SU CALIDAD FÍSICO-QUÍMICA.",
        "LONG_G": 103,
        "LONG_M": 42,
        "LONG_S": 48.89,
        "LAT_G": 25,
        "LAT_M": 48,
        "LAT_S": 52.42,
        "LONGITUD": -103.7135805555556,
        "LATITUD": 25.81456111111111,
        "CVE_ACUIF": "0523",
        "NOM_ACUIF": "PRINCIPAL-REGION LAGUNERA",
        "CT_POZO": "NO",
        "DISEÑO_PE": "NO",
        "CORTE_LIT": "SI",
        "REG_ELEC": "NO",
        "INF_PERF": "NO",
        "REG_AFORO": "NO",
        "ANAL_AGUA": "SI",
        "CROQUIS": "SI",
        "TIPO_INF": "PROFUNDIDAD",
        "PROF_TOT_m": 136.55,
        "HGQ": "SI",
        "LONG_COL_m": 72.24,
        "ADEME_pulg": 16,
        "TEMP_°C": "N.A.",
        "POT_H_s/u": "N.A.",
        "CE_Us/cm": "N.A.",
        "As_mg/L": "N.A.",
        "URL": "https://sigagis.conagua.gob.mx/t_infbasica/INVENTARIO/10 DURANGO/PDF/10_0025.pdf",
        "NOM_EDO_OFICIAL": "DURANGO",
        "CVE_ACUIF_STR": "0523"
      }
    },
    {
      "type": "Feature",
      "geometry": {
        "type": "Point",
        "coordinates": [
          -103.7135805555556,
          25.81456111111111
        ]
      },
      "properties": {
        "fid": 193,
        "CVE_LGJO": "10_0025",
        "CVE_POZO": "POZO 2907 (A1993)",
        "NOMB_POZO": "PREDIO TRASGO",
        "TIT_LGJO": "GEOHIDROLOGÍA DE LA LAGUNA, REALIZADA POR EL IMTA",
        "CVE_EDO": "10",
        "CVE_MPIO": "10013",
        "AÑO": "1993",
        "DESC": "POZO SELECCIONADO (III ETAPA ) EN LA INVESTIGACIÓN PARA CARACTERIZAR HIDROQUÍMICAMENTE DE LA ZONA \"LA LAGUNA\", DEGRADA POR CONCENTRACIONES ELEVADAS DE ARSÉNICO, MOSTRANDO UN DETERIORO EN SU CALIDAD FÍSICO-QUÍMICA.",
        "LONG_G": 103,
        "LONG_M": 42,
        "LONG_S": 48.89,
        "LAT_G": 25,
        "LAT_M": 48,
        "LAT_S": 52.42,
        "LONGITUD": -103.7135805555556,
        "LATITUD": 25.81456111111111,
        "CVE_ACUIF": "0523",
        "NOM_ACUIF": "PRINCIPAL-REGION LAGUNERA",
        "CT_POZO": "NO",
        "DISEÑO_PE": "NO",
        "CORTE_LIT": "SI",
        "REG_ELEC": "NO",
        "INF_PERF": "NO",
        "REG_AFORO": "NO",
        "ANAL_AGUA": "SI",
        "CROQUIS": "SI",
        "TIPO_INF": "HIDROGEOQUÍMICO",
        "PROF_TOT_m": 136.55,
        "HGQ": "SI",
        "NE_M": 64.31,
        "Ca": 44.175,
        "Mg": 14.7875,
        "Na": 210.95,
        "LONG_COL_m": 72.24,
        "ADEME_pulg": 16,
        "TEMP_°C": "29.6",
        "POT_H_s/u": "7.42",
        "CE_Us/cm": "1114",
        "As_mg/L": "1.4E-3",
        "URL": "https://sigagis.conagua.gob.mx/t_infbasica/INVENTARIO/10 DURANGO/PDF/10_0025.pdf",
        "NOM_EDO_OFICIAL": "DURANGO",
        "CVE_ACUIF_STR": "0523"
      }
    },
    {
      "type": "Feature",
      "geometry": {
        "type": "Point",
        "coordinates": [
          -103.46059,
          25.94097
        ]
      },
      "properties": {
        "fid": 194,
        "CVE_LGJO": "10_0025",
        "CVE_POZO": "POZO 2910",
        "TIT_LGJO": "GEOHIDROLOGÍA DE LA LAGUNA, REALIZADA POR EL IMTA",
        "CVE_EDO": "10",
        "CVE_MPIO": "10036",
        "AÑO": "1993",
        "DESC": "POZO DE LA ZONA \"LA LAGUNA\".",
        "LONG_G": 103,
        "LONG_M": 27,
        "LONG_S": 38.12,
        "LAT_G": 25,
        "LAT_M": 56,
        "LAT_S": 27.49,
        "LONGITUD": -103.46059,
        "LATITUD": 25.94097,
        "CVE_ACUIF": "0523",
        "NOM_ACUIF": "PRINCIPAL-REGION LAGUNERA",
        "CT_POZO": "NO",
        "DISEÑO_PE": "NO",
        "CORTE_LIT": "NO",
        "REG_ELEC": "NO",
        "INF_PERF": "NO",
        "REG_AFORO": "NO",
        "ANAL_AGUA": "NO",
        "CROQUIS": "SI",
        "TIPO_INF": "CROQUIS",
        "HGQ": "NO",
        "URL": "https://sigagis.conagua.gob.mx/t_infbasica/INVENTARIO/10 DURANGO/PDF/10_0025.pdf",
        "NOM_EDO_OFICIAL": "DURANGO",
        "CVE_ACUIF_STR": "0523"
      }
    },
    {
      "type": "Feature",
      "geometry": {
        "type": "Point",
        "coordinates": [
          -103.52596,
          25.91099
        ]
      },
      "properties": {
        "fid": 195,
        "CVE_LGJO": "10_0025",
        "CVE_POZO": "POZO 2984",
        "TIT_LGJO": "GEOHIDROLOGÍA DE LA LAGUNA, REALIZADA POR EL IMTA",
        "CVE_EDO": "10",
        "CVE_MPIO": "10036",
        "AÑO": "1993",
        "DESC": "POZO DE LA ZONA \"LA LAGUNA\".",
        "LONG_G": 103,
        "LONG_M": 31,
        "LONG_S": 33.46,
        "LAT_G": 25,
        "LAT_M": 54,
        "LAT_S": 39.56,
        "LONGITUD": -103.52596,
        "LATITUD": 25.91099,
        "CVE_ACUIF": "0523",
        "NOM_ACUIF": "PRINCIPAL-REGION LAGUNERA",
        "CT_POZO": "NO",
        "DISEÑO_PE": "NO",
        "CORTE_LIT": "NO",
        "REG_ELEC": "NO",
        "INF_PERF": "NO",
        "REG_AFORO": "NO",
        "ANAL_AGUA": "NO",
        "CROQUIS": "SI",
        "TIPO_INF": "CROQUIS",
        "HGQ": "NO",
        "URL": "https://sigagis.conagua.gob.mx/t_infbasica/INVENTARIO/10 DURANGO/PDF/10_0025.pdf",
        "NOM_EDO_OFICIAL": "DURANGO",
        "CVE_ACUIF_STR": "0523"
      }
    },
    {
      "type": "Feature",
      "geometry": {
        "type": "Point",
        "coordinates": [
          -103.37935,
          26.00939
        ]
      },
      "properties": {
        "fid": 196,
        "CVE_LGJO": "10_0025",
        "CVE_POZO": "POZO 3035",
        "TIT_LGJO": "GEOHIDROLOGÍA DE LA LAGUNA, REALIZADA POR EL IMTA",
        "CVE_EDO": "10",
        "CVE_MPIO": "10036",
        "AÑO": "1993",
        "DESC": "POZO DE LA ZONA \"LA LAGUNA\".",
        "LONG_G": 103,
        "LONG_M": 22,
        "LONG_S": 45.66,
        "LAT_G": 26,
        "LAT_M": 0,
        "LAT_S": 33.8,
        "LONGITUD": -103.37935,
        "LATITUD": 26.00939,
        "CVE_ACUIF": "0523",
        "NOM_ACUIF": "PRINCIPAL-REGION LAGUNERA",
        "CT_POZO": "NO",
        "DISEÑO_PE": "NO",
        "CORTE_LIT": "NO",
        "REG_ELEC": "NO",
        "INF_PERF": "NO",
        "REG_AFORO": "NO",
        "ANAL_AGUA": "NO",
        "CROQUIS": "SI",
        "TIPO_INF": "CROQUIS",
        "HGQ": "NO",
        "URL": "https://sigagis.conagua.gob.mx/t_infbasica/INVENTARIO/10 DURANGO/PDF/10_0025.pdf",
        "NOM_EDO_OFICIAL": "DURANGO",
        "CVE_ACUIF_STR": "0523"
      }
    },
    {
      "type": "Feature",
      "geometry": {
        "type": "Point",
        "coordinates": [
          -103.339,
          26.05703055555556
        ]
      },
      "properties": {
        "fid": 197,
        "CVE_LGJO": "10_0025",
        "CVE_POZO": "POZO 3036 (A1990)",
        "NOMB_POZO": "PREDIO LUIS ECHEVERRIA ÁLVAREZ",
        "TIT_LGJO": "GEOHIDROLOGÍA DE LA LAGUNA (I Y II ETAPA), REALIZADA POR EL IMTA",
        "CVE_EDO": "10",
        "CVE_MPIO": "10036",
        "AÑO": "1993",
        "DESC": "POZO SELECCIONADO (I Y II ETAPA ) EN LA INVESTIGACIÓN PARA CARACTERIZAR HIDROQUÍMICAMENTE DE LA ZONA \"LA LAGUNA\", DEGRADA POR CONCENTRACIONES ELEVADAS DE ARSÉNICO, MOSTRANDO UN DETERIORO EN SU CALIDAD FÍSICO-QUÍMICA.",
        "LONG_G": 103,
        "LONG_M": 20,
        "LONG_S": 20.4,
        "LAT_G": 26,
        "LAT_M": 3,
        "LAT_S": 25.31,
        "LONGITUD": -103.339,
        "LATITUD": 26.05703055555556,
        "CVE_ACUIF": "0523",
        "NOM_ACUIF": "PRINCIPAL-REGION LAGUNERA",
        "CT_POZO": "NO",
        "DISEÑO_PE": "NO",
        "CORTE_LIT": "SI",
        "REG_ELEC": "NO",
        "INF_PERF": "NO",
        "REG_AFORO": "NO",
        "ANAL_AGUA": "SI",
        "CROQUIS": "SI",
        "TIPO_INF": "PROFUNDIDAD",
        "PROF_TOT_m": 139.9,
        "HGQ": "SI",
        "LONG_COL_m": 78.94,
        "ADEME_pulg": 16,
        "TEMP_°C": "N.A.",
        "POT_H_s/u": "N.A.",
        "CE_Us/cm": "N.A.",
        "As_mg/L": "N.A.",
        "URL": "https://sigagis.conagua.gob.mx/t_infbasica/INVENTARIO/10 DURANGO/PDF/10_0025.pdf",
        "NOM_EDO_OFICIAL": "DURANGO",
        "CVE_ACUIF_STR": "0523"
      }
    },
    {
      "type": "Feature",
      "geometry": {
        "type": "Point",
        "coordinates": [
          -103.339,
          26.05703055555556
        ]
      },
      "properties": {
        "fid": 198,
        "CVE_LGJO": "10_0025",
        "CVE_POZO": "POZO 3036 (A1993)",
        "NOMB_POZO": "PREDIO LUIS ECHEVERRIA ÁLVAREZ",
        "TIT_LGJO": "GEOHIDROLOGÍA DE LA LAGUNA, REALIZADA POR EL IMTA",
        "CVE_EDO": "10",
        "CVE_MPIO": "10036",
        "AÑO": "1993",
        "DESC": "POZO SELECCIONADO (III ETAPA ) EN LA INVESTIGACIÓN PARA CARACTERIZAR HIDROQUÍMICAMENTE DE LA ZONA \"LA LAGUNA\", DEGRADA POR CONCENTRACIONES ELEVADAS DE ARSÉNICO, MOSTRANDO UN DETERIORO EN SU CALIDAD FÍSICO-QUÍMICA.",
        "LONG_G": 103,
        "LONG_M": 20,
        "LONG_S": 20.4,
        "LAT_G": 26,
        "LAT_M": 3,
        "LAT_S": 25.31,
        "LONGITUD": -103.339,
        "LATITUD": 26.05703055555556,
        "CVE_ACUIF": "0523",
        "NOM_ACUIF": "PRINCIPAL-REGION LAGUNERA",
        "CT_POZO": "NO",
        "DISEÑO_PE": "NO",
        "CORTE_LIT": "SI",
        "REG_ELEC": "NO",
        "INF_PERF": "NO",
        "REG_AFORO": "NO",
        "ANAL_AGUA": "SI",
        "CROQUIS": "SI",
        "TIPO_INF": "HIDROGEOQUÍMICO",
        "PROF_TOT_m": 139.9,
        "HGQ": "SI",
        "NE_M": 60.96,
        "Ca": 47.33333333333334,
        "Mg": 2.28,
        "Na": 548.3333333333334,
        "LONG_COL_m": 78.94,
        "ADEME_pulg": 16,
        "TEMP_°C": "27",
        "POT_H_s/u": "7.43",
        "CE_Us/cm": "1363",
        "As_mg/L": "8.1100000000000005E-2",
        "URL": "https://sigagis.conagua.gob.mx/t_infbasica/INVENTARIO/10 DURANGO/PDF/10_0025.pdf",
        "NOM_EDO_OFICIAL": "DURANGO",
        "CVE_ACUIF_STR": "0523"
      }
    },
    {
      "type": "Feature",
      "geometry": {
        "type": "Point",
        "coordinates": [
          -103.04447,
          25.36687
        ]
      },
      "properties": {
        "fid": 199,
        "CVE_LGJO": "10_0025",
        "CVE_POZO": "POZO 3054",
        "TIT_LGJO": "GEOHIDROLOGÍA DE LA LAGUNA, REALIZADA POR EL IMTA",
        "CVE_EDO": "05",
        "CVE_MPIO": "05036",
        "AÑO": "1993",
        "DESC": "POZO DE LA ZONA \"LA LAGUNA\".",
        "LONG_G": 103,
        "LONG_M": 2,
        "LONG_S": 40.09,
        "LAT_G": 25,
        "LAT_M": 22,
        "LAT_S": 0.73,
        "LONGITUD": -103.04447,
        "LATITUD": 25.36687,
        "CVE_ACUIF": "0523",
        "NOM_ACUIF": "PRINCIPAL-REGION LAGUNERA",
        "CT_POZO": "NO",
        "DISEÑO_PE": "NO",
        "CORTE_LIT": "NO",
        "REG_ELEC": "NO",
        "INF_PERF": "NO",
        "REG_AFORO": "NO",
        "ANAL_AGUA": "NO",
        "CROQUIS": "SI",
        "TIPO_INF": "CROQUIS",
        "HGQ": "NO",
        "URL": "https://sigagis.conagua.gob.mx/t_infbasica/INVENTARIO/05 COAHUILA DE ZARAGOZA/PDF/10_0025.pdf",
        "NOM_EDO_OFICIAL": "COAHUILA",
        "CVE_ACUIF_STR": "0523"
      }
    },
    {
      "type": "Feature",
      "geometry": {
        "type": "Point",
        "coordinates": [
          -102.88291,
          25.49337
        ]
      },
      "properties": {
        "fid": 200,
        "CVE_LGJO": "10_0025",
        "CVE_POZO": "POZO 3089",
        "TIT_LGJO": "GEOHIDROLOGÍA DE LA LAGUNA, REALIZADA POR EL IMTA",
        "CVE_EDO": "05",
        "CVE_MPIO": "05036",
        "AÑO": "1993",
        "DESC": "POZO DE LA ZONA \"LA LAGUNA\".",
        "LONG_G": 102,
        "LONG_M": 52,
        "LONG_S": 58.48,
        "LAT_G": 25,
        "LAT_M": 29,
        "LAT_S": 36.13,
        "LONGITUD": -102.88291,
        "LATITUD": 25.49337,
        "CVE_ACUIF": "0523",
        "NOM_ACUIF": "PRINCIPAL-REGION LAGUNERA",
        "CT_POZO": "NO",
        "DISEÑO_PE": "NO",
        "CORTE_LIT": "NO",
        "REG_ELEC": "NO",
        "INF_PERF": "NO",
        "REG_AFORO": "NO",
        "ANAL_AGUA": "NO",
        "CROQUIS": "SI",
        "TIPO_INF": "CROQUIS",
        "HGQ": "NO",
        "URL": "https://sigagis.conagua.gob.mx/t_infbasica/INVENTARIO/05 COAHUILA DE ZARAGOZA/PDF/10_0025.pdf",
        "NOM_EDO_OFICIAL": "COAHUILA",
        "CVE_ACUIF_STR": "0523"
      }
    },
    {
      "type": "Feature",
      "geometry": {
        "type": "Point",
        "coordinates": [
          -103.448602,
          25.564129
        ]
      },
      "properties": {
        "fid": 201,
        "CVE_LGJO": "10_0025",
        "CVE_POZO": "POZO 3143",
        "TIT_LGJO": "GEOHIDROLOGÍA DE LA LAGUNA, REALIZADA POR EL IMTA",
        "CVE_EDO": "05",
        "CVE_MPIO": "05035",
        "AÑO": "1993",
        "DESC": "POZO DE LA ZONA \"LA LAGUNA\".",
        "LONG_G": 103,
        "LONG_M": 26,
        "LONG_S": 54.97,
        "LAT_G": 25,
        "LAT_M": 33,
        "LAT_S": 50.86,
        "LONGITUD": -103.448602,
        "LATITUD": 25.564129,
        "CVE_ACUIF": "0523",
        "NOM_ACUIF": "PRINCIPAL-REGION LAGUNERA",
        "CT_POZO": "NO",
        "DISEÑO_PE": "NO",
        "CORTE_LIT": "NO",
        "REG_ELEC": "NO",
        "INF_PERF": "NO",
        "REG_AFORO": "NO",
        "ANAL_AGUA": "NO",
        "CROQUIS": "SI",
        "TIPO_INF": "CROQUIS",
        "HGQ": "NO",
        "URL": "https://sigagis.conagua.gob.mx/t_infbasica/INVENTARIO/05 COAHUILA DE ZARAGOZA/PDF/10_0025.pdf",
        "NOM_EDO_OFICIAL": "COAHUILA",
        "CVE_ACUIF_STR": "0523"
      }
    },
    {
      "type": "Feature",
      "geometry": {
        "type": "Point",
        "coordinates": [
          -103.56862,
          25.5271
        ]
      },
      "properties": {
        "fid": 202,
        "CVE_LGJO": "10_0025",
        "CVE_POZO": "POZO 3252",
        "TIT_LGJO": "GEOHIDROLOGÍA DE LA LAGUNA, REALIZADA POR EL IMTA",
        "CVE_EDO": "10",
        "CVE_MPIO": "10012",
        "AÑO": "1993",
        "DESC": "POZO DE LA ZONA \"LA LAGUNA\".",
        "LONG_G": 103,
        "LONG_M": 34,
        "LONG_S": 7.03,
        "LAT_G": 25,
        "LAT_M": 31,
        "LAT_S": 37.56,
        "LONGITUD": -103.56862,
        "LATITUD": 25.5271,
        "CVE_ACUIF": "0523",
        "NOM_ACUIF": "PRINCIPAL-REGION LAGUNERA",
        "CT_POZO": "NO",
        "DISEÑO_PE": "NO",
        "CORTE_LIT": "NO",
        "REG_ELEC": "NO",
        "INF_PERF": "NO",
        "REG_AFORO": "NO",
        "ANAL_AGUA": "NO",
        "CROQUIS": "SI",
        "TIPO_INF": "CROQUIS",
        "HGQ": "NO",
        "URL": "https://sigagis.conagua.gob.mx/t_infbasica/INVENTARIO/10 DURANGO/PDF/10_0025.pdf",
        "NOM_EDO_OFICIAL": "DURANGO",
        "CVE_ACUIF_STR": "0523"
      }
    },
    {
      "type": "Feature",
      "geometry": {
        "type": "Point",
        "coordinates": [
          -103.51511,
          25.5058
        ]
      },
      "properties": {
        "fid": 203,
        "CVE_LGJO": "10_0025",
        "CVE_POZO": "POZO 3345",
        "TIT_LGJO": "GEOHIDROLOGÍA DE LA LAGUNA, REALIZADA POR EL IMTA",
        "CVE_EDO": "10",
        "CVE_MPIO": "10012",
        "AÑO": "1993",
        "DESC": "POZO DE LA ZONA \"LA LAGUNA\".",
        "LONG_G": 103,
        "LONG_M": 30,
        "LONG_S": 54.4,
        "LAT_G": 25,
        "LAT_M": 30,
        "LAT_S": 20.88,
        "LONGITUD": -103.51511,
        "LATITUD": 25.5058,
        "CVE_ACUIF": "0523",
        "NOM_ACUIF": "PRINCIPAL-REGION LAGUNERA",
        "CT_POZO": "NO",
        "DISEÑO_PE": "NO",
        "CORTE_LIT": "NO",
        "REG_ELEC": "NO",
        "INF_PERF": "NO",
        "REG_AFORO": "NO",
        "ANAL_AGUA": "NO",
        "CROQUIS": "SI",
        "TIPO_INF": "CROQUIS",
        "HGQ": "NO",
        "URL": "https://sigagis.conagua.gob.mx/t_infbasica/INVENTARIO/10 DURANGO/PDF/10_0025.pdf",
        "NOM_EDO_OFICIAL": "DURANGO",
        "CVE_ACUIF_STR": "0523"
      }
    },
    {
      "type": "Feature",
      "geometry": {
        "type": "Point",
        "coordinates": [
          -103.51376,
          25.52706
        ]
      },
      "properties": {
        "fid": 204,
        "CVE_LGJO": "10_0025",
        "CVE_POZO": "POZO 3383",
        "TIT_LGJO": "GEOHIDROLOGÍA DE LA LAGUNA, REALIZADA POR EL IMTA",
        "CVE_EDO": "10",
        "CVE_MPIO": "10012",
        "AÑO": "1993",
        "DESC": "POZO DE LA ZONA \"LA LAGUNA\".",
        "LONG_G": 103,
        "LONG_M": 30,
        "LONG_S": 49.54,
        "LAT_G": 25,
        "LAT_M": 31,
        "LAT_S": 37.42,
        "LONGITUD": -103.51376,
        "LATITUD": 25.52706,
        "CVE_ACUIF": "0523",
        "NOM_ACUIF": "PRINCIPAL-REGION LAGUNERA",
        "CT_POZO": "NO",
        "DISEÑO_PE": "NO",
        "CORTE_LIT": "NO",
        "REG_ELEC": "NO",
        "INF_PERF": "NO",
        "REG_AFORO": "NO",
        "ANAL_AGUA": "NO",
        "CROQUIS": "SI",
        "TIPO_INF": "CROQUIS",
        "HGQ": "NO",
        "URL": "https://sigagis.conagua.gob.mx/t_infbasica/INVENTARIO/10 DURANGO/PDF/10_0025.pdf",
        "NOM_EDO_OFICIAL": "DURANGO",
        "CVE_ACUIF_STR": "0523"
      }
    },
    {
      "type": "Feature",
      "geometry": {
        "type": "Point",
        "coordinates": [
          -103.41497,
          25.54339
        ]
      },
      "properties": {
        "fid": 205,
        "CVE_LGJO": "10_0025",
        "CVE_POZO": "POZO 3775",
        "TIT_LGJO": "GEOHIDROLOGÍA DE LA LAGUNA, REALIZADA POR EL IMTA",
        "CVE_EDO": "05",
        "CVE_MPIO": "05035",
        "AÑO": "1993",
        "DESC": "POZO DE LA ZONA \"LA LAGUNA\".",
        "LONG_G": 103,
        "LONG_M": 24,
        "LONG_S": 53.89,
        "LAT_G": 25,
        "LAT_M": 32,
        "LAT_S": 36.2,
        "LONGITUD": -103.41497,
        "LATITUD": 25.54339,
        "CVE_ACUIF": "0523",
        "NOM_ACUIF": "PRINCIPAL-REGION LAGUNERA",
        "CT_POZO": "NO",
        "DISEÑO_PE": "NO",
        "CORTE_LIT": "NO",
        "REG_ELEC": "NO",
        "INF_PERF": "NO",
        "REG_AFORO": "NO",
        "ANAL_AGUA": "NO",
        "CROQUIS": "SI",
        "TIPO_INF": "CROQUIS",
        "HGQ": "NO",
        "URL": "https://sigagis.conagua.gob.mx/t_infbasica/INVENTARIO/05 COAHUILA DE ZARAGOZA/PDF/10_0025.pdf",
        "NOM_EDO_OFICIAL": "COAHUILA",
        "CVE_ACUIF_STR": "0523"
      }
    }
  ]
}