{
"type": "FeatureCollection",
"name": "LEGAJOS_1708_V2",
"crs": { "type": "name", "properties": { "name": "urn:ogc:def:crs:OGC:1.3:CRS84" } },
"xy_coordinate_resolution": 1e-06,
"features": [
{"type":"Feature","properties":{"fid":1.0,"CVE_LGJO":"10_0001","CVE_POZO":"POZO 1339","NOMB_POZO":null,"TIT_LGJO":"LEÓN   COAHUILA-DURANGO","CVE_EDO":"10","CVE_MPIO":"10036","AÑO":"1962","DESC":"REGISTRO ELÉCTRICO DEL POZO 1339, PROPIEDAD DEL SR. ENRIQUE ALONSO FERNÁNDEZ, MPIO. DE TLAHUALILO, ESTADO DE DURANGO","LONG_G":103,"LONG_M":22,"LONG_S":24.816,"LAT_G":26,"LAT_M":2,"LAT_S":47.8248,"LONGITUD":-103.37356,"LATITUD":26.046618,"DATUMG":null,"CVE_ACUIF":"0523","NOM_ACUIF":"PRINCIPAL-REGION LAGUNERA","CT_POZO":"NO","DISEÑO_PE":"NO","CORTE_LIT":"SI","REG_ELEC":"SI","INF_PERF":"NO","REG_AFORO":"NO","ANAL_AGUA":"NO","CROQUIS":"NO","TIPO_INF":"HIDROGEOLÓGICA","PROF_TOT_m":180.14,"PROF_REG_m":154.0,"HGQ":"NO","F_INICIO":null,"F_FINAL":22822,"NE_M":null,"ND_M":null,"ALTITUD_ms":null,"Q_LPS":null,"Ca":null,"Mg":null,"Na":null,"Cl":null,"SO4":null,"HCO3":null,"STD_ppm":null,"LONG_COL_m":null,"ADEME_pulg":null,"TEMP_°C":null,"POT_H_s/u":null,"CE_Us/cm":null,"As_mg/L":null,"URL":"https://sigagis.conagua.gob.mx/t_infbasica/INVENTARIO/10 DURANGO/PDF/10_0001.pdf"},"geometry":{"type":"Point","coordinates":[-103.37356,26.046618]}},
{"type":"Feature","properties":{"fid":2.0,"CVE_LGJO":"10_0002","CVE_POZO":"POZO 1957","NOMB_POZO":null,"TIT_LGJO":"EJIDO BERMEJILLO SECC.1  COAHUILA-DURANGO","CVE_EDO":"10","CVE_MPIO":"10013","AÑO":"1963","DESC":"REGISTRO ELÉCTRICO.","LONG_G":103,"LONG_M":38,"LONG_S":8.214,"LAT_G":25,"LAT_M":52,"LAT_S":52.578,"LONGITUD":-103.635615,"LATITUD":25.881271666666667,"DATUMG":null,"CVE_ACUIF":"0523","NOM_ACUIF":"PRINCIPAL-REGION LAGUNERA","CT_POZO":"NO","DISEÑO_PE":"NO","CORTE_LIT":"SI","REG_ELEC":"SI","INF_PERF":"NO","REG_AFORO":"NO","ANAL_AGUA":"NO","CROQUIS":"NO","TIPO_INF":"HIDROGEOLÓGICA","PROF_TOT_m":306.32,"PROF_REG_m":298.0,"HGQ":"NO","F_INICIO":null,"F_FINAL":23125,"NE_M":null,"ND_M":null,"ALTITUD_ms":null,"Q_LPS":null,"Ca":null,"Mg":null,"Na":null,"Cl":null,"SO4":null,"HCO3":null,"STD_ppm":null,"LONG_COL_m":null,"ADEME_pulg":null,"TEMP_°C":null,"POT_H_s/u":null,"CE_Us/cm":null,"As_mg/L":null,"URL":"https://sigagis.conagua.gob.mx/t_infbasica/INVENTARIO/10 DURANGO/PDF/10_0002.pdf"},"geometry":{"type":"Point","coordinates":[-103.635615,25.881272]}},
{"type":"Feature","properties":{"fid":3.0,"CVE_LGJO":"10_0003","CVE_POZO":"POZO 1331","NOMB_POZO":null,"TIT_LGJO":"EJIDO EL JUNCO   COAHUILA-DURANGO","CVE_EDO":"10","CVE_MPIO":"10007","AÑO":"1964","DESC":"REGISTRO ELÉCTRICO.","LONG_G":103,"LONG_M":32,"LONG_S":6.99,"LAT_G":25,"LAT_M":41,"LAT_S":39.558,"LONGITUD":-103.535275,"LATITUD":25.694321666666667,"DATUMG":null,"CVE_ACUIF":"0523","NOM_ACUIF":"PRINCIPAL-REGION LAGUNERA","CT_POZO":"NO","DISEÑO_PE":"NO","CORTE_LIT":"SI","REG_ELEC":"SI","INF_PERF":"NO","REG_AFORO":"NO","ANAL_AGUA":"NO","CROQUIS":"NO","TIPO_INF":"HIDROGEOLÓGICA","PROF_TOT_m":304.8,"PROF_REG_m":304.7,"HGQ":"NO","F_INICIO":"23649","F_FINAL":23651,"NE_M":null,"ND_M":null,"ALTITUD_ms":null,"Q_LPS":null,"Ca":null,"Mg":null,"Na":null,"Cl":null,"SO4":null,"HCO3":null,"STD_ppm":null,"LONG_COL_m":null,"ADEME_pulg":null,"TEMP_°C":null,"POT_H_s/u":null,"CE_Us/cm":null,"As_mg/L":null,"URL":"https://sigagis.conagua.gob.mx/t_infbasica/INVENTARIO/10 DURANGO/PDF/10_0003.pdf"},"geometry":{"type":"Point","coordinates":[-103.535275,25.694322]}},
{"type":"Feature","properties":{"fid":4.0,"CVE_LGJO":"10_0004","CVE_POZO":"PCOABCL76-1 (3093)","NOMB_POZO":"VENUSTIANO CARRANZA","TIT_LGJO":"VENUSTIANO CARRANZA  COAHUILA-DURANGO","CVE_EDO":"10","CVE_MPIO":"05036","AÑO":"1976","DESC":"INF. FINAL CONTIENE MENSAJES, CONTROL DE PERFORACIONES, PRUEBAS DE DESARROLLO Y AFORO,  ANÁLISIS DE AGUA  Y CROQUIS DE LOCALIZACIÓN.","LONG_G":102,"LONG_M":59,"LONG_S":30.0,"LAT_G":25,"LAT_M":18,"LAT_S":45.0,"LONGITUD":-102.99166666666667,"LATITUD":25.3125,"DATUMG":null,"CVE_ACUIF":"0523","NOM_ACUIF":"PRINCIPAL-REGION LAGUNERA","CT_POZO":"SI","DISEÑO_PE":"NO","CORTE_LIT":"SI","REG_ELEC":"NO","INF_PERF":"NO","REG_AFORO":"SI","ANAL_AGUA":"SI","CROQUIS":"SI","TIPO_INF":"PROFUNDIDAD","PROF_TOT_m":118.0,"PROF_REG_m":null,"HGQ":"SI","F_INICIO":"28047","F_FINAL":27811,"NE_M":33.52,"ND_M":34.14,"ALTITUD_ms":null,"Q_LPS":123.0,"Ca":2.2,"Mg":5.0,"Na":4.75,"Cl":1.0,"SO4":6.76,"HCO3":4.2,"STD_ppm":null,"LONG_COL_m":null,"ADEME_pulg":null,"TEMP_°C":null,"POT_H_s/u":null,"CE_Us/cm":null,"As_mg/L":null,"URL":"https://sigagis.conagua.gob.mx/t_infbasica/INVENTARIO/10 DURANGO/PDF/10_0004.pdf"},"geometry":{"type":"Point","coordinates":[-102.991667,25.3125]}},
{"type":"Feature","properties":{"fid":5.0,"CVE_LGJO":"10_0005","CVE_POZO":"PCOABCL76-2 (3089)","NOMB_POZO":"BILBAO","TIT_LGJO":"VENUSTIANO CARRANZA  COAHUILA-DURANGO","CVE_EDO":"10","CVE_MPIO":"05036","AÑO":"1976","DESC":"INF. FINAL CONTIENE  ANÁLISIS DE AGUA PARA RIEGO,  CONTROL DE PERFORACIONES, PRUEBAS DE DESARROLLO Y AFORO,  CROQUIS DE LOCALIZACIÓN  Y MENSAJES.","LONG_G":102,"LONG_M":52,"LONG_S":55.0,"LAT_G":25,"LAT_M":30,"LAT_S":7.0,"LONGITUD":-102.88194444444444,"LATITUD":25.501944444444444,"DATUMG":null,"CVE_ACUIF":"0523","NOM_ACUIF":"PRINCIPAL-REGION LAGUNERA","CT_POZO":"SI","DISEÑO_PE":"NO","CORTE_LIT":"SI","REG_ELEC":"NO","INF_PERF":"NO","REG_AFORO":"SI","ANAL_AGUA":"SI","CROQUIS":"SI","TIPO_INF":"PROFUNDIDAD","PROF_TOT_m":143.0,"PROF_REG_m":null,"HGQ":"SI","F_INICIO":"20/101975","F_FINAL":27787,"NE_M":18.18,"ND_M":19.36,"ALTITUD_ms":null,"Q_LPS":70.0,"Ca":27.8,"Mg":21.0,"Na":32.6,"Cl":21.2,"SO4":58.0,"HCO3":2.2,"STD_ppm":2003.9,"LONG_COL_m":null,"ADEME_pulg":null,"TEMP_°C":null,"POT_H_s/u":null,"CE_Us/cm":null,"As_mg/L":null,"URL":"https://sigagis.conagua.gob.mx/t_infbasica/INVENTARIO/10 DURANGO/PDF/10_0005.pdf"},"geometry":{"type":"Point","coordinates":[-102.881944,25.501944]}},
{"type":"Feature","properties":{"fid":6.0,"CVE_LGJO":"10_0006","CVE_POZO":"PCOABCL76-3 (3091)","NOMB_POZO":"VENUSTIANO CARRANZA","TIT_LGJO":"VENUSTIANO CARRANZA  COAHUILA-DURANGO","CVE_EDO":"10","CVE_MPIO":"05036","AÑO":"1976","DESC":"INF. FINAL CONTIENE CONTROL DE PERFORACIONES, PRUEBAS DE DESARROLLO Y AFORO,  ANÁLISIS DE AGUA  DE RIEGO,  SISTEMA DE BOMBEO  Y CROQUIS DE LOCALIZACIÓN.","LONG_G":102,"LONG_M":59,"LONG_S":5.0,"LAT_G":25,"LAT_M":18,"LAT_S":50.0,"LONGITUD":-102.98472222222222,"LATITUD":25.313888888888886,"DATUMG":null,"CVE_ACUIF":"0523","NOM_ACUIF":"PRINCIPAL-REGION LAGUNERA","CT_POZO":"SI","DISEÑO_PE":"NO","CORTE_LIT":"SI","REG_ELEC":"NO","INF_PERF":"NO","REG_AFORO":"SI","ANAL_AGUA":"SI","CROQUIS":"SI","TIPO_INF":"PROFUNDIDAD","PROF_TOT_m":109.0,"PROF_REG_m":null,"HGQ":"SI","F_INICIO":"27790","F_FINAL":27838,"NE_M":29.94,"ND_M":30.07,"ALTITUD_ms":null,"Q_LPS":90.0,"Ca":4.6,"Mg":1.8,"Na":6.14,"Cl":1.0,"SO4":7.74,"HCO3":3.8,"STD_ppm":802.29,"LONG_COL_m":null,"ADEME_pulg":null,"TEMP_°C":null,"POT_H_s/u":null,"CE_Us/cm":null,"As_mg/L":null,"URL":"https://sigagis.conagua.gob.mx/t_infbasica/INVENTARIO/10 DURANGO/PDF/10_0006.pdf"},"geometry":{"type":"Point","coordinates":[-102.984722,25.313889]}},
{"type":"Feature","properties":{"fid":7.0,"CVE_LGJO":"10_0007","CVE_POZO":"PCOABCL76-4 (3094)","NOMB_POZO":"VENUSTIANO CARRANZA","TIT_LGJO":"VENUSTIANO CARRANZA  COAHUILA-DURANGO","CVE_EDO":"10","CVE_MPIO":"05036","AÑO":"1976","DESC":"INF. FINAL CONTIENE CONTROL DE PERFORACIONES, PRUEBAS DE DESARROLLO Y AFORO,  CROQUIS DE LOCALIZACIÓN,  ANÁLISIS DE AGUA,  SISTEMA DE BOMBEO  Y ANÁLISIS DE AGUA DE RIEGO.","LONG_G":102,"LONG_M":59,"LONG_S":40.0,"LAT_G":25,"LAT_M":18,"LAT_S":55.0,"LONGITUD":-102.99444444444445,"LATITUD":25.31527777777778,"DATUMG":null,"CVE_ACUIF":"0523","NOM_ACUIF":"PRINCIPAL-REGION LAGUNERA","CT_POZO":"SI","DISEÑO_PE":"NO","CORTE_LIT":"SI","REG_ELEC":"NO","INF_PERF":"NO","REG_AFORO":"SI","ANAL_AGUA":"SI","CROQUIS":"SI","TIPO_INF":"PROFUNDIDAD","PROF_TOT_m":111.0,"PROF_REG_m":null,"HGQ":"SI","F_INICIO":"27814","F_FINAL":27863,"NE_M":33.87,"ND_M":34.38,"ALTITUD_ms":null,"Q_LPS":76.0,"Ca":2.7,"Mg":2.9,"Na":1.95,"Cl":1.1,"SO4":2.25,"HCO3":4.2,"STD_ppm":449.35,"LONG_COL_m":null,"ADEME_pulg":null,"TEMP_°C":null,"POT_H_s/u":null,"CE_Us/cm":null,"As_mg/L":null,"URL":"https://sigagis.conagua.gob.mx/t_infbasica/INVENTARIO/10 DURANGO/PDF/10_0007.pdf"},"geometry":{"type":"Point","coordinates":[-102.994444,25.315278]}},
{"type":"Feature","properties":{"fid":8.0,"CVE_LGJO":"10_0008","CVE_POZO":"PCOABCL76-5 (3090)","NOMB_POZO":"VENUSTIANO CARRANZA","TIT_LGJO":"VENUSTIANO CARRANZA  COAHUILA-DURANGO","CVE_EDO":"10","CVE_MPIO":"05036","AÑO":"1976","DESC":"INF. FINAL CONTIENE CONTROL DE PERFORACIONES, PRUEBAS DE DESARROLLO Y AFORO,    ANÁLISIS DE AGUA, ANÁLISIS DE AGUA DE RIEGO,  MENSAJES, CLASIFICACIÓN GEOQUÍMICA DEL AGUA DE RIEGO, CROQUIS DE LOCALIZACIÓN  Y  SISTEMA DE BOMBEO.","LONG_G":102,"LONG_M":58,"LONG_S":55.0,"LAT_G":25,"LAT_M":18,"LAT_S":45.0,"LONGITUD":-102.98194444444445,"LATITUD":25.3125,"DATUMG":null,"CVE_ACUIF":"0523","NOM_ACUIF":"PRINCIPAL-REGION LAGUNERA","CT_POZO":"SI","DISEÑO_PE":"NO","CORTE_LIT":"SI","REG_ELEC":"NO","INF_PERF":"NO","REG_AFORO":"SI","ANAL_AGUA":"SI","CROQUIS":"SI","TIPO_INF":"PROFUNDIDAD","PROF_TOT_m":100.0,"PROF_REG_m":null,"HGQ":"SI","F_INICIO":"28143","F_FINAL":28181,"NE_M":39.9,"ND_M":41.22,"ALTITUD_ms":null,"Q_LPS":80.0,"Ca":2.0,"Mg":3.4,"Na":2.36,"Cl":1.0,"SO4":5.06,"HCO3":1.9,"STD_ppm":793.91,"LONG_COL_m":null,"ADEME_pulg":null,"TEMP_°C":null,"POT_H_s/u":null,"CE_Us/cm":null,"As_mg/L":null,"URL":"https://sigagis.conagua.gob.mx/t_infbasica/INVENTARIO/10 DURANGO/PDF/10_0008.pdf"},"geometry":{"type":"Point","coordinates":[-102.981944,25.3125]}},
{"type":"Feature","properties":{"fid":9.0,"CVE_LGJO":"10_0009","CVE_POZO":"PCOABCL76-6 (3095)","NOMB_POZO":"VENUSTIANO CARRANZA","TIT_LGJO":"VENUSTIANO CARRANZA  COAHUILA-DURANGO","CVE_EDO":"10","CVE_MPIO":"05036","AÑO":"1976","DESC":"INF. FINAL CONTIENE CONTROL DE PERFORACIONES,  ANÁLISIS DE AGUA,  ANÁLISIS DE AGUA DE RIEGO,  MENSAJES,  PRUEBAS DE DESARROLLO Y AFORO   Y  CROQUIS DE LOCALIZACIÓN.","LONG_G":102,"LONG_M":59,"LONG_S":51.0,"LAT_G":25,"LAT_M":19,"LAT_S":0.0,"LONGITUD":-102.9975,"LATITUD":25.316666666666666,"DATUMG":null,"CVE_ACUIF":"0523","NOM_ACUIF":"PRINCIPAL-REGION LAGUNERA","CT_POZO":"SI","DISEÑO_PE":"NO","CORTE_LIT":"SI","REG_ELEC":"NO","INF_PERF":"NO","REG_AFORO":"SI","ANAL_AGUA":"SI","CROQUIS":"SI","TIPO_INF":"PROFUNDIDAD","PROF_TOT_m":130.0,"PROF_REG_m":null,"HGQ":"SI","F_INICIO":"27887","F_FINAL":27928,"NE_M":28.76,"ND_M":30.9,"ALTITUD_ms":null,"Q_LPS":80.0,"Ca":3.6,"Mg":4.0,"Na":2.74,"Cl":1.0,"SO4":3.94,"HCO3":5.4,"STD_ppm":657.09,"LONG_COL_m":null,"ADEME_pulg":null,"TEMP_°C":null,"POT_H_s/u":null,"CE_Us/cm":null,"As_mg/L":null,"URL":"https://sigagis.conagua.gob.mx/t_infbasica/INVENTARIO/10 DURANGO/PDF/10_0009.pdf"},"geometry":{"type":"Point","coordinates":[-102.9975,25.316667]}},
{"type":"Feature","properties":{"fid":10.0,"CVE_LGJO":"10_0010","CVE_POZO":"PCOABCL76-7 (3092)","NOMB_POZO":"VENUSTIANO CARRANZA","TIT_LGJO":"VENUSTIANO CARRANZA  COAHUILA-DURANGO","CVE_EDO":"10","CVE_MPIO":"05036","AÑO":"1976","DESC":"INF. FINAL CONTIENE CONTROL DE PERFORACIONES,  ANÁLISIS DE AGUA, PRUEBAS DE DESARROLLO Y AFORO  Y  CROQUIS DE LOCALIZACIÓN.","LONG_G":102,"LONG_M":59,"LONG_S":15.0,"LAT_G":25,"LAT_M":18,"LAT_S":48.0,"LONGITUD":-102.9875,"LATITUD":25.313333333333333,"DATUMG":null,"CVE_ACUIF":"0523","NOM_ACUIF":"PRINCIPAL-REGION LAGUNERA","CT_POZO":"SI","DISEÑO_PE":"NO","CORTE_LIT":"SI","REG_ELEC":"NO","INF_PERF":"NO","REG_AFORO":"SI","ANAL_AGUA":"SI","CROQUIS":"SI","TIPO_INF":"PROFUNDIDAD","PROF_TOT_m":120.0,"PROF_REG_m":null,"HGQ":"SI","F_INICIO":"27933","F_FINAL":27994,"NE_M":35.3,"ND_M":35.67,"ALTITUD_ms":null,"Q_LPS":80.0,"Ca":7.8,"Mg":6.6,"Na":0.11,"Cl":1.2,"SO4":9.71,"HCO3":3.6,"STD_ppm":1003.3,"LONG_COL_m":null,"ADEME_pulg":null,"TEMP_°C":null,"POT_H_s/u":null,"CE_Us/cm":null,"As_mg/L":null,"URL":"https://sigagis.conagua.gob.mx/t_infbasica/INVENTARIO/10 DURANGO/PDF/10_0010.pdf"},"geometry":{"type":"Point","coordinates":[-102.9875,25.313333]}},
{"type":"Feature","properties":{"fid":11.0,"CVE_LGJO":"10_0011","CVE_POZO":"PCOABCL76-8 (3096)","NOMB_POZO":"VENUSTIANO CARRANZA","TIT_LGJO":"VENUSTIANO CARRANZA  COAHUILA-DURANGO","CVE_EDO":"10","CVE_MPIO":"05036","AÑO":"1976","DESC":"INF. FINAL CONTIENE CONTROL DE PERFORACIONES,  ANÁLISIS DE AGUA, PRUEBAS DE DESARROLLO Y AFORO  Y  CROQUIS DE LOCALIZACIÓN.","LONG_G":103,"LONG_M":0,"LONG_S":35.0,"LAT_G":25,"LAT_M":18,"LAT_S":50.0,"LONGITUD":-103.00972222222222,"LATITUD":25.313888888888886,"DATUMG":null,"CVE_ACUIF":"0523","NOM_ACUIF":"PRINCIPAL-REGION LAGUNERA","CT_POZO":"SI","DISEÑO_PE":"NO","CORTE_LIT":"SI","REG_ELEC":"NO","INF_PERF":"NO","REG_AFORO":"SI","ANAL_AGUA":"SI","CROQUIS":"SI","TIPO_INF":"PROFUNDIDAD","PROF_TOT_m":135.0,"PROF_REG_m":null,"HGQ":"SI","F_INICIO":"27935","F_FINAL":27994,"NE_M":33.15,"ND_M":45.53,"ALTITUD_ms":null,"Q_LPS":80.0,"Ca":7.2,"Mg":5.2,"Na":0.54,"Cl":1.4,"SO4":8.44,"HCO3":3.2,"STD_ppm":872.45,"LONG_COL_m":null,"ADEME_pulg":null,"TEMP_°C":null,"POT_H_s/u":null,"CE_Us/cm":null,"As_mg/L":null,"URL":"https://sigagis.conagua.gob.mx/t_infbasica/INVENTARIO/10 DURANGO/PDF/10_0011.pdf"},"geometry":{"type":"Point","coordinates":[-103.009722,25.313889]}},
{"type":"Feature","properties":{"fid":12.0,"CVE_LGJO":"10_0012","CVE_POZO":"SIN ID","NOMB_POZO":null,"TIT_LGJO":"AREA DE VIESCA  COAHUILA-DURANGO","CVE_EDO":"10","CVE_MPIO":"05036","AÑO":"1977","DESC":"ESTUDIO GEOHIDROLÓGICO DE LA ZONA.","LONG_G":102,"LONG_M":51,"LONG_S":40.0,"LAT_G":25,"LAT_M":28,"LAT_S":58.0,"LONGITUD":-102.8611111111111,"LATITUD":25.482777777777777,"DATUMG":null,"CVE_ACUIF":"0523","NOM_ACUIF":"PRINCIPAL-REGION LAGUNERA","CT_POZO":"NO","DISEÑO_PE":"NO","CORTE_LIT":"NO","REG_ELEC":"NO","INF_PERF":"NO","REG_AFORO":"NO","ANAL_AGUA":"NO","CROQUIS":"SI","TIPO_INF":"CROQUIS","PROF_TOT_m":147.0,"PROF_REG_m":null,"HGQ":"NO","F_INICIO":null,"F_FINAL":28198,"NE_M":null,"ND_M":null,"ALTITUD_ms":1500.0,"Q_LPS":null,"Ca":null,"Mg":null,"Na":null,"Cl":null,"SO4":null,"HCO3":null,"STD_ppm":2000.0,"LONG_COL_m":null,"ADEME_pulg":null,"TEMP_°C":null,"POT_H_s/u":null,"CE_Us/cm":null,"As_mg/L":null,"URL":"https://sigagis.conagua.gob.mx/t_infbasica/INVENTARIO/10 DURANGO/PDF/10_0012.pdf"},"geometry":{"type":"Point","coordinates":[-102.861111,25.482778]}},
{"type":"Feature","properties":{"fid":13.0,"CVE_LGJO":"10_0013","CVE_POZO":"PCOABCL76-9 (3090)","NOMB_POZO":"VENUSTIANO CARRANZA","TIT_LGJO":"VENUSTIANO CARRANZA  COAHUILA-DURANGO","CVE_EDO":"10","CVE_MPIO":"05036","AÑO":"1977","DESC":"INF. FINAL CONTIENE CONTROL DE PERFORACIONES, CLASIFICACIÓN GEOQUÍMICA DEL AGUA DE RIEGO  Y PRUEBAS DE DESARROLLO Y AFORO.","LONG_G":102,"LONG_M":59,"LONG_S":38.0,"LAT_G":25,"LAT_M":18,"LAT_S":48.0,"LONGITUD":-102.99388888888889,"LATITUD":25.313333333333333,"DATUMG":null,"CVE_ACUIF":"0523","NOM_ACUIF":"PRINCIPAL-REGION LAGUNERA","CT_POZO":"SI","DISEÑO_PE":"NO","CORTE_LIT":"SI","REG_ELEC":"NO","INF_PERF":"NO","REG_AFORO":"SI","ANAL_AGUA":"SI","CROQUIS":"NO","TIPO_INF":"PROFUNDIDAD","PROF_TOT_m":100.0,"PROF_REG_m":null,"HGQ":"SI","F_INICIO":"28143","F_FINAL":28181,"NE_M":39.9,"ND_M":41.22,"ALTITUD_ms":null,"Q_LPS":80.0,"Ca":2.0,"Mg":3.4,"Na":2.36,"Cl":1.0,"SO4":5.06,"HCO3":1.9,"STD_ppm":495.91,"LONG_COL_m":null,"ADEME_pulg":null,"TEMP_°C":null,"POT_H_s/u":null,"CE_Us/cm":null,"As_mg/L":null,"URL":"https://sigagis.conagua.gob.mx/t_infbasica/INVENTARIO/10 DURANGO/PDF/10_0013.pdf"},"geometry":{"type":"Point","coordinates":[-102.993889,25.313333]}},
{"type":"Feature","properties":{"fid":14.0,"CVE_LGJO":"10_0015","CVE_POZO":"10-V.CARRANZA (SIN CLAVE)","NOMB_POZO":null,"TIT_LGJO":"ISÓTOPOS AMBIENTALES   COAHUILA-DURANGO","CVE_EDO":"10","CVE_MPIO":"05036","AÑO":"1978","DESC":"ESTUDIO DE ACUÍFEROS EN CALIZAS Y RELLENOS.","LONG_G":102,"LONG_M":58,"LONG_S":53.11,"LAT_G":25,"LAT_M":18,"LAT_S":39.82,"LONGITUD":-102.98141944444444,"LATITUD":25.311061111111112,"DATUMG":null,"CVE_ACUIF":"0532","NOM_ACUIF":"PRINCIPAL-REGION LAGUNERA","CT_POZO":"NO","DISEÑO_PE":"NO","CORTE_LIT":"NO","REG_ELEC":"NO","INF_PERF":"NO","REG_AFORO":"NO","ANAL_AGUA":"SI","CROQUIS":"SI","TIPO_INF":"HIDROGEOQUÍMICO","PROF_TOT_m":null,"PROF_REG_m":null,"HGQ":"SI","F_INICIO":null,"F_FINAL":null,"NE_M":32.32,"ND_M":null,"ALTITUD_ms":1107.94,"Q_LPS":null,"Ca":68.0,"Mg":28.0,"Na":49.0,"Cl":42.0,"SO4":91.0,"HCO3":292.0,"STD_ppm":570.0,"LONG_COL_m":null,"ADEME_pulg":null,"TEMP_°C":null,"POT_H_s/u":"7.32","CE_Us/cm":null,"As_mg/L":null,"URL":"https://sigagis.conagua.gob.mx/t_infbasica/INVENTARIO/10 DURANGO/PDF/10_0015.pdf"},"geometry":{"type":"Point","coordinates":[-102.981419,25.311061]}},
{"type":"Feature","properties":{"fid":15.0,"CVE_LGJO":"10_0015","CVE_POZO":"11-V.CARRANZA (2899)","NOMB_POZO":null,"TIT_LGJO":"ISÓTOPOS AMBIENTALES   COAHUILA-DURANGO","CVE_EDO":"10","CVE_MPIO":"05036","AÑO":"1978","DESC":"ESTUDIO DE ACUÍFEROS EN CALIZAS Y RELLENOS.","LONG_G":102,"LONG_M":58,"LONG_S":37.2,"LAT_G":25,"LAT_M":20,"LAT_S":0.6,"LONGITUD":-102.977,"LATITUD":25.3335,"DATUMG":null,"CVE_ACUIF":"0533","NOM_ACUIF":"PRINCIPAL-REGION LAGUNERA","CT_POZO":"NO","DISEÑO_PE":"NO","CORTE_LIT":"NO","REG_ELEC":"NO","INF_PERF":"NO","REG_AFORO":"NO","ANAL_AGUA":"SI","CROQUIS":"SI","TIPO_INF":"HIDROGEOQUÍMICO","PROF_TOT_m":null,"PROF_REG_m":null,"HGQ":"SI","F_INICIO":null,"F_FINAL":null,"NE_M":null,"ND_M":null,"ALTITUD_ms":1101.58,"Q_LPS":10.0,"Ca":86.0,"Mg":35.0,"Na":41.0,"Cl":42.0,"SO4":130.0,"HCO3":311.0,"STD_ppm":645.0,"LONG_COL_m":null,"ADEME_pulg":null,"TEMP_°C":null,"POT_H_s/u":"7.42","CE_Us/cm":null,"As_mg/L":null,"URL":"https://sigagis.conagua.gob.mx/t_infbasica/INVENTARIO/10 DURANGO/PDF/10_0015.pdf"},"geometry":{"type":"Point","coordinates":[-102.977,25.3335]}},
{"type":"Feature","properties":{"fid":16.0,"CVE_LGJO":"10_0015","CVE_POZO":"12-EL NILO (SIN CLAVE)","NOMB_POZO":null,"TIT_LGJO":"ISÓTOPOS AMBIENTALES   COAHUILA-DURANGO","CVE_EDO":"10","CVE_MPIO":"05033","AÑO":"1978","DESC":"ESTUDIO DE ACUÍFEROS EN CALIZAS Y RELLENOS.","LONG_G":102,"LONG_M":57,"LONG_S":14.65,"LAT_G":25,"LAT_M":43,"LAT_S":44.8,"LONGITUD":-102.95406944444444,"LATITUD":25.729111111111109,"DATUMG":null,"CVE_ACUIF":"0534","NOM_ACUIF":"PRINCIPAL-REGION LAGUNERA","CT_POZO":"NO","DISEÑO_PE":"NO","CORTE_LIT":"NO","REG_ELEC":"NO","INF_PERF":"NO","REG_AFORO":"NO","ANAL_AGUA":"SI","CROQUIS":"SI","TIPO_INF":"HIDROGEOQUÍMICO","PROF_TOT_m":null,"PROF_REG_m":null,"HGQ":"SI","F_INICIO":null,"F_FINAL":null,"NE_M":3.52,"ND_M":null,"ALTITUD_ms":1098.0,"Q_LPS":null,"Ca":186.0,"Mg":8.0,"Na":115.0,"Cl":54.0,"SO4":300.0,"HCO3":439.0,"STD_ppm":1102.0,"LONG_COL_m":null,"ADEME_pulg":null,"TEMP_°C":null,"POT_H_s/u":"7.32","CE_Us/cm":null,"As_mg/L":null,"URL":"https://sigagis.conagua.gob.mx/t_infbasica/INVENTARIO/10 DURANGO/PDF/10_0015.pdf"},"geometry":{"type":"Point","coordinates":[-102.954069,25.729111]}},
{"type":"Feature","properties":{"fid":17.0,"CVE_LGJO":"10_0015","CVE_POZO":"13-SANTA RITA (2912)","NOMB_POZO":null,"TIT_LGJO":"ISÓTOPOS AMBIENTALES   COAHUILA-DURANGO","CVE_EDO":"10","CVE_MPIO":"10013","AÑO":"1978","DESC":"ESTUDIO DE ACUÍFEROS EN CALIZAS Y RELLENOS.","LONG_G":103,"LONG_M":43,"LONG_S":5.7,"LAT_G":25,"LAT_M":50,"LAT_S":34.37,"LONGITUD":-103.71825,"LATITUD":25.842880555555553,"DATUMG":null,"CVE_ACUIF":"0535","NOM_ACUIF":"PRINCIPAL-REGION LAGUNERA","CT_POZO":"NO","DISEÑO_PE":"NO","CORTE_LIT":"NO","REG_ELEC":"NO","INF_PERF":"NO","REG_AFORO":"NO","ANAL_AGUA":"SI","CROQUIS":"SI","TIPO_INF":"HIDROGEOQUÍMICO","PROF_TOT_m":null,"PROF_REG_m":null,"HGQ":"SI","F_INICIO":null,"F_FINAL":null,"NE_M":42.35,"ND_M":null,"ALTITUD_ms":1170.92,"Q_LPS":10.0,"Ca":208.0,"Mg":49.0,"Na":0.0,"Cl":106.0,"SO4":240.0,"HCO3":356.0,"STD_ppm":959.0,"LONG_COL_m":null,"ADEME_pulg":null,"TEMP_°C":null,"POT_H_s/u":"7.36","CE_Us/cm":null,"As_mg/L":null,"URL":"https://sigagis.conagua.gob.mx/t_infbasica/INVENTARIO/10 DURANGO/PDF/10_0015.pdf"},"geometry":{"type":"Point","coordinates":[-103.71825,25.842881]}},
{"type":"Feature","properties":{"fid":18.0,"CVE_LGJO":"10_0015","CVE_POZO":"14-SAN JORGE (2907)","NOMB_POZO":null,"TIT_LGJO":"ISÓTOPOS AMBIENTALES   COAHUILA-DURANGO","CVE_EDO":"10","CVE_MPIO":"10013","AÑO":"1978","DESC":"ESTUDIO DE ACUÍFEROS EN CALIZAS Y RELLENOS.","LONG_G":103,"LONG_M":42,"LONG_S":46.01,"LAT_G":25,"LAT_M":49,"LAT_S":31.15,"LONGITUD":-103.71278055555555,"LATITUD":25.825319444444442,"DATUMG":null,"CVE_ACUIF":"0536","NOM_ACUIF":"PRINCIPAL-REGION LAGUNERA","CT_POZO":"NO","DISEÑO_PE":"NO","CORTE_LIT":"NO","REG_ELEC":"NO","INF_PERF":"NO","REG_AFORO":"NO","ANAL_AGUA":"SI","CROQUIS":"SI","TIPO_INF":"HIDROGEOQUÍMICO","PROF_TOT_m":null,"PROF_REG_m":null,"HGQ":"SI","F_INICIO":null,"F_FINAL":null,"NE_M":64.8,"ND_M":null,"ALTITUD_ms":1176.92,"Q_LPS":6.0,"Ca":88.0,"Mg":48.0,"Na":56.0,"Cl":35.0,"SO4":184.0,"HCO3":366.0,"STD_ppm":777.0,"LONG_COL_m":null,"ADEME_pulg":null,"TEMP_°C":null,"POT_H_s/u":"7.37","CE_Us/cm":null,"As_mg/L":null,"URL":"https://sigagis.conagua.gob.mx/t_infbasica/INVENTARIO/10 DURANGO/PDF/10_0015.pdf"},"geometry":{"type":"Point","coordinates":[-103.712781,25.825319]}},
{"type":"Feature","properties":{"fid":19.0,"CVE_LGJO":"10_0015","CVE_POZO":"15-EL SUSPIRO (2911)","NOMB_POZO":null,"TIT_LGJO":"ISÓTOPOS AMBIENTALES   COAHUILA-DURANGO","CVE_EDO":"10","CVE_MPIO":"10013","AÑO":"1978","DESC":"ESTUDIO DE ACUÍFEROS EN CALIZAS Y RELLENOS.","LONG_G":103,"LONG_M":43,"LONG_S":44.76,"LAT_G":25,"LAT_M":47,"LAT_S":57.34,"LONGITUD":-103.7291,"LATITUD":25.799261111111115,"DATUMG":null,"CVE_ACUIF":"0537","NOM_ACUIF":"PRINCIPAL-REGION LAGUNERA","CT_POZO":"NO","DISEÑO_PE":"NO","CORTE_LIT":"NO","REG_ELEC":"NO","INF_PERF":"NO","REG_AFORO":"NO","ANAL_AGUA":"SI","CROQUIS":"SI","TIPO_INF":"HIDROGEOQUÍMICO","PROF_TOT_m":null,"PROF_REG_m":null,"HGQ":"SI","F_INICIO":null,"F_FINAL":null,"NE_M":55.41,"ND_M":null,"ALTITUD_ms":1233.77,"Q_LPS":10.0,"Ca":80.0,"Mg":19.0,"Na":50.0,"Cl":33.0,"SO4":75.0,"HCO3":322.0,"STD_ppm":579.0,"LONG_COL_m":null,"ADEME_pulg":null,"TEMP_°C":null,"POT_H_s/u":"7.43","CE_Us/cm":null,"As_mg/L":null,"URL":"https://sigagis.conagua.gob.mx/t_infbasica/INVENTARIO/10 DURANGO/PDF/10_0015.pdf"},"geometry":{"type":"Point","coordinates":[-103.7291,25.799261]}},
{"type":"Feature","properties":{"fid":20.0,"CVE_LGJO":"10_0015","CVE_POZO":"16-JACALES (SIN CLAVE)","NOMB_POZO":null,"TIT_LGJO":"ISÓTOPOS AMBIENTALES   COAHUILA-DURANGO","CVE_EDO":"10","CVE_MPIO":"10012","AÑO":"1978","DESC":"ESTUDIO DE ACUÍFEROS EN CALIZAS Y RELLENOS.","LONG_G":103,"LONG_M":48,"LONG_S":26.64,"LAT_G":25,"LAT_M":39,"LAT_S":59.51,"LONGITUD":-103.8074,"LATITUD":25.666530555555553,"DATUMG":null,"CVE_ACUIF":"0538","NOM_ACUIF":"PRINCIPAL-REGION LAGUNERA","CT_POZO":"NO","DISEÑO_PE":"NO","CORTE_LIT":"NO","REG_ELEC":"NO","INF_PERF":"NO","REG_AFORO":"NO","ANAL_AGUA":"SI","CROQUIS":"SI","TIPO_INF":"HIDROGEOQUÍMICO","PROF_TOT_m":null,"PROF_REG_m":null,"HGQ":"SI","F_INICIO":null,"F_FINAL":null,"NE_M":35.25,"ND_M":null,"ALTITUD_ms":1324.98,"Q_LPS":null,"Ca":130.0,"Mg":23.0,"Na":4.0,"Cl":39.0,"SO4":50.0,"HCO3":393.0,"STD_ppm":639.0,"LONG_COL_m":null,"ADEME_pulg":null,"TEMP_°C":null,"POT_H_s/u":"7.22","CE_Us/cm":null,"As_mg/L":null,"URL":"https://sigagis.conagua.gob.mx/t_infbasica/INVENTARIO/10 DURANGO/PDF/10_0015.pdf"},"geometry":{"type":"Point","coordinates":[-103.8074,25.666531]}},
{"type":"Feature","properties":{"fid":21.0,"CVE_LGJO":"10_0015","CVE_POZO":"17-LA SIETE (2610)","NOMB_POZO":null,"TIT_LGJO":"ISÓTOPOS AMBIENTALES   COAHUILA-DURANGO","CVE_EDO":"10","CVE_MPIO":"10012","AÑO":"1978","DESC":"ESTUDIO DE ACUÍFEROS EN CALIZAS Y RELLENOS.","LONG_G":103,"LONG_M":42,"LONG_S":6.55,"LAT_G":25,"LAT_M":34,"LAT_S":43.61,"LONGITUD":-103.70181944444445,"LATITUD":25.578780555555554,"DATUMG":null,"CVE_ACUIF":"0539","NOM_ACUIF":"PRINCIPAL-REGION LAGUNERA","CT_POZO":"NO","DISEÑO_PE":"NO","CORTE_LIT":"NO","REG_ELEC":"NO","INF_PERF":"NO","REG_AFORO":"NO","ANAL_AGUA":"SI","CROQUIS":"SI","TIPO_INF":"HIDROGEOQUÍMICO","PROF_TOT_m":null,"PROF_REG_m":null,"HGQ":"SI","F_INICIO":null,"F_FINAL":null,"NE_M":76.59,"ND_M":null,"ALTITUD_ms":1218.08,"Q_LPS":21.0,"Ca":166.0,"Mg":20.0,"Na":0.0,"Cl":67.0,"SO4":150.0,"HCO3":285.0,"STD_ppm":688.0,"LONG_COL_m":null,"ADEME_pulg":null,"TEMP_°C":null,"POT_H_s/u":"7.2","CE_Us/cm":null,"As_mg/L":null,"URL":"https://sigagis.conagua.gob.mx/t_infbasica/INVENTARIO/10 DURANGO/PDF/10_0015.pdf"},"geometry":{"type":"Point","coordinates":[-103.701819,25.578781]}},
{"type":"Feature","properties":{"fid":22.0,"CVE_LGJO":"10_0015","CVE_POZO":"18-VICENTE SUAREZ (2876)","NOMB_POZO":null,"TIT_LGJO":"ISÓTOPOS AMBIENTALES   COAHUILA-DURANGO","CVE_EDO":"10","CVE_MPIO":"10012","AÑO":"1978","DESC":"ESTUDIO DE ACUÍFEROS EN CALIZAS Y RELLENOS.","LONG_G":103,"LONG_M":51,"LONG_S":32.44,"LAT_G":25,"LAT_M":42,"LAT_S":56.45,"LONGITUD":-103.8590111111111,"LATITUD":25.715680555555554,"DATUMG":null,"CVE_ACUIF":"0540","NOM_ACUIF":"PRINCIPAL-REGION LAGUNERA","CT_POZO":"NO","DISEÑO_PE":"NO","CORTE_LIT":"NO","REG_ELEC":"NO","INF_PERF":"NO","REG_AFORO":"NO","ANAL_AGUA":"SI","CROQUIS":"SI","TIPO_INF":"HIDROGEOQUÍMICO","PROF_TOT_m":null,"PROF_REG_m":null,"HGQ":"SI","F_INICIO":null,"F_FINAL":null,"NE_M":50.41,"ND_M":null,"ALTITUD_ms":1342.79,"Q_LPS":40.0,"Ca":84.0,"Mg":31.0,"Na":0.0,"Cl":12.0,"SO4":18.0,"HCO3":314.0,"STD_ppm":459.0,"LONG_COL_m":null,"ADEME_pulg":null,"TEMP_°C":null,"POT_H_s/u":"7.25","CE_Us/cm":null,"As_mg/L":null,"URL":"https://sigagis.conagua.gob.mx/t_infbasica/INVENTARIO/10 DURANGO/PDF/10_0015.pdf"},"geometry":{"type":"Point","coordinates":[-103.859011,25.715681]}},
{"type":"Feature","properties":{"fid":23.0,"CVE_LGJO":"10_0015","CVE_POZO":"19-VICENTE SUAREZ (2875)","NOMB_POZO":null,"TIT_LGJO":"ISÓTOPOS AMBIENTALES   COAHUILA-DURANGO","CVE_EDO":"10","CVE_MPIO":"10012","AÑO":"1978","DESC":"ESTUDIO DE ACUÍFEROS EN CALIZAS Y RELLENOS.","LONG_G":103,"LONG_M":52,"LONG_S":30.5,"LAT_G":25,"LAT_M":44,"LAT_S":27.74,"LONGITUD":-103.87513888888888,"LATITUD":25.741038888888891,"DATUMG":null,"CVE_ACUIF":"0541","NOM_ACUIF":"PRINCIPAL-REGION LAGUNERA","CT_POZO":"NO","DISEÑO_PE":"NO","CORTE_LIT":"NO","REG_ELEC":"NO","INF_PERF":"NO","REG_AFORO":"NO","ANAL_AGUA":"SI","CROQUIS":"SI","TIPO_INF":"HIDROGEOQUÍMICO","PROF_TOT_m":null,"PROF_REG_m":null,"HGQ":"SI","F_INICIO":null,"F_FINAL":null,"NE_M":54.73,"ND_M":null,"ALTITUD_ms":1388.14,"Q_LPS":46.0,"Ca":80.0,"Mg":30.0,"Na":10.0,"Cl":26.0,"SO4":43.0,"HCO3":322.0,"STD_ppm":511.0,"LONG_COL_m":null,"ADEME_pulg":null,"TEMP_°C":null,"POT_H_s/u":"7.42","CE_Us/cm":null,"As_mg/L":null,"URL":"https://sigagis.conagua.gob.mx/t_infbasica/INVENTARIO/10 DURANGO/PDF/10_0015.pdf"},"geometry":{"type":"Point","coordinates":[-103.875139,25.741039]}},
{"type":"Feature","properties":{"fid":24.0,"CVE_LGJO":"10_0015","CVE_POZO":"20-GABINO VAZQUEZ (2136)","NOMB_POZO":null,"TIT_LGJO":"ISÓTOPOS AMBIENTALES   COAHUILA-DURANGO","CVE_EDO":"10","CVE_MPIO":"05036","AÑO":"1978","DESC":"ESTUDIO DE ACUÍFEROS EN CALIZAS Y RELLENOS.","LONG_G":103,"LONG_M":3,"LONG_S":43.27,"LAT_G":25,"LAT_M":28,"LAT_S":3.07,"LONGITUD":-103.06201944444445,"LATITUD":25.467519444444441,"DATUMG":null,"CVE_ACUIF":"0542","NOM_ACUIF":"PRINCIPAL-REGION LAGUNERA","CT_POZO":"NO","DISEÑO_PE":"NO","CORTE_LIT":"NO","REG_ELEC":"NO","INF_PERF":"NO","REG_AFORO":"NO","ANAL_AGUA":"SI","CROQUIS":"SI","TIPO_INF":"HIDROGEOQUÍMICO","PROF_TOT_m":null,"PROF_REG_m":null,"HGQ":"SI","F_INICIO":null,"F_FINAL":null,"NE_M":46.55,"ND_M":null,"ALTITUD_ms":1109.0,"Q_LPS":40.0,"Ca":560.0,"Mg":79.0,"Na":310.0,"Cl":532.0,"SO4":1300.0,"HCO3":366.0,"STD_ppm":3147.0,"LONG_COL_m":null,"ADEME_pulg":null,"TEMP_°C":null,"POT_H_s/u":"7.02","CE_Us/cm":null,"As_mg/L":null,"URL":"https://sigagis.conagua.gob.mx/t_infbasica/INVENTARIO/10 DURANGO/PDF/10_0015.pdf"},"geometry":{"type":"Point","coordinates":[-103.062019,25.467519]}},
{"type":"Feature","properties":{"fid":25.0,"CVE_LGJO":"10_0015","CVE_POZO":"21-GABINO VAZQUEZ (2085)","NOMB_POZO":null,"TIT_LGJO":"ISÓTOPOS AMBIENTALES   COAHUILA-DURANGO","CVE_EDO":"10","CVE_MPIO":"05036","AÑO":"1978","DESC":"ESTUDIO DE ACUÍFEROS EN CALIZAS Y RELLENOS.","LONG_G":103,"LONG_M":4,"LONG_S":25.0,"LAT_G":25,"LAT_M":28,"LAT_S":19.27,"LONGITUD":-103.07361111111111,"LATITUD":25.472019444444442,"DATUMG":null,"CVE_ACUIF":"0543","NOM_ACUIF":"PRINCIPAL-REGION LAGUNERA","CT_POZO":"NO","DISEÑO_PE":"NO","CORTE_LIT":"NO","REG_ELEC":"NO","INF_PERF":"NO","REG_AFORO":"NO","ANAL_AGUA":"SI","CROQUIS":"SI","TIPO_INF":"HIDROGEOQUÍMICO","PROF_TOT_m":null,"PROF_REG_m":null,"HGQ":"SI","F_INICIO":null,"F_FINAL":null,"NE_M":null,"ND_M":null,"ALTITUD_ms":1109.0,"Q_LPS":35.0,"Ca":40.0,"Mg":9.0,"Na":121.0,"Cl":39.0,"SO4":130.0,"HCO3":256.0,"STD_ppm":595.0,"LONG_COL_m":null,"ADEME_pulg":null,"TEMP_°C":null,"POT_H_s/u":"7.55","CE_Us/cm":null,"As_mg/L":null,"URL":"https://sigagis.conagua.gob.mx/t_infbasica/INVENTARIO/10 DURANGO/PDF/10_0015.pdf"},"geometry":{"type":"Point","coordinates":[-103.073611,25.472019]}},
{"type":"Feature","properties":{"fid":26.0,"CVE_LGJO":"10_0015","CVE_POZO":"22-DINAMITA (SIN CLAVE)","NOMB_POZO":null,"TIT_LGJO":"ISÓTOPOS AMBIENTALES   COAHUILA-DURANGO","CVE_EDO":"10","CVE_MPIO":"10007","AÑO":"1978","DESC":"ESTUDIO DE ACUÍFEROS EN CALIZAS Y RELLENOS.","LONG_G":103,"LONG_M":37,"LONG_S":39.54,"LAT_G":25,"LAT_M":43,"LAT_S":14.63,"LONGITUD":-103.62765,"LATITUD":25.720730555555555,"DATUMG":null,"CVE_ACUIF":"0544","NOM_ACUIF":"PRINCIPAL-REGION LAGUNERA","CT_POZO":"NO","DISEÑO_PE":"NO","CORTE_LIT":"NO","REG_ELEC":"NO","INF_PERF":"NO","REG_AFORO":"NO","ANAL_AGUA":"SI","CROQUIS":"SI","TIPO_INF":"HIDROGEOQUÍMICO","PROF_TOT_m":null,"PROF_REG_m":null,"HGQ":"SI","F_INICIO":null,"F_FINAL":null,"NE_M":33.41,"ND_M":null,"ALTITUD_ms":1184.25,"Q_LPS":24.0,"Ca":80.0,"Mg":19.0,"Na":17.0,"Cl":17.0,"SO4":56.0,"HCO3":285.0,"STD_ppm":474.0,"LONG_COL_m":null,"ADEME_pulg":null,"TEMP_°C":null,"POT_H_s/u":"7.35","CE_Us/cm":null,"As_mg/L":null,"URL":"https://sigagis.conagua.gob.mx/t_infbasica/INVENTARIO/10 DURANGO/PDF/10_0015.pdf"},"geometry":{"type":"Point","coordinates":[-103.62765,25.720731]}},
{"type":"Feature","properties":{"fid":27.0,"CVE_LGJO":"10_0015","CVE_POZO":"23-RCHO. LAS CARMELAS (1612)","NOMB_POZO":null,"TIT_LGJO":"ISÓTOPOS AMBIENTALES   COAHUILA-DURANGO","CVE_EDO":"10","CVE_MPIO":"10007","AÑO":"1978","DESC":"ESTUDIO DE ACUÍFEROS EN CALIZAS Y RELLENOS.","LONG_G":103,"LONG_M":36,"LONG_S":33.66,"LAT_G":25,"LAT_M":45,"LAT_S":18.76,"LONGITUD":-103.60935,"LATITUD":25.755211111111112,"DATUMG":null,"CVE_ACUIF":"0545","NOM_ACUIF":"PRINCIPAL-REGION LAGUNERA","CT_POZO":"NO","DISEÑO_PE":"NO","CORTE_LIT":"NO","REG_ELEC":"NO","INF_PERF":"NO","REG_AFORO":"NO","ANAL_AGUA":"SI","CROQUIS":"SI","TIPO_INF":"HIDROGEOQUÍMICO","PROF_TOT_m":null,"PROF_REG_m":null,"HGQ":"SI","F_INICIO":null,"F_FINAL":null,"NE_M":75.4,"ND_M":null,"ALTITUD_ms":1138.79,"Q_LPS":12.0,"Ca":200.0,"Mg":51.0,"Na":39.0,"Cl":149.0,"SO4":390.0,"HCO3":219.0,"STD_ppm":1048.0,"LONG_COL_m":null,"ADEME_pulg":null,"TEMP_°C":null,"POT_H_s/u":"7.22","CE_Us/cm":null,"As_mg/L":null,"URL":"https://sigagis.conagua.gob.mx/t_infbasica/INVENTARIO/10 DURANGO/PDF/10_0015.pdf"},"geometry":{"type":"Point","coordinates":[-103.60935,25.755211]}},
{"type":"Feature","properties":{"fid":28.0,"CVE_LGJO":"10_0015","CVE_POZO":"24-STA ELENA (3619","NOMB_POZO":null,"TIT_LGJO":"ISÓTOPOS AMBIENTALES   COAHUILA-DURANGO","CVE_EDO":"10","CVE_MPIO":"10007","AÑO":"1978","DESC":"ESTUDIO DE ACUÍFEROS EN CALIZAS Y RELLENOS.","LONG_G":103,"LONG_M":36,"LONG_S":54.18,"LAT_G":25,"LAT_M":46,"LAT_S":21.9,"LONGITUD":-103.61505,"LATITUD":25.77275,"DATUMG":null,"CVE_ACUIF":"0546","NOM_ACUIF":"PRINCIPAL-REGION LAGUNERA","CT_POZO":"NO","DISEÑO_PE":"NO","CORTE_LIT":"NO","REG_ELEC":"NO","INF_PERF":"NO","REG_AFORO":"NO","ANAL_AGUA":"SI","CROQUIS":"SI","TIPO_INF":"HIDROGEOQUÍMICO","PROF_TOT_m":null,"PROF_REG_m":null,"HGQ":"SI","F_INICIO":null,"F_FINAL":null,"NE_M":52.5,"ND_M":null,"ALTITUD_ms":1135.92,"Q_LPS":3.0,"Ca":188.0,"Mg":128.0,"Na":0.0,"Cl":58.0,"SO4":590.0,"HCO3":190.0,"STD_ppm":1154.0,"LONG_COL_m":null,"ADEME_pulg":null,"TEMP_°C":null,"POT_H_s/u":"7.25","CE_Us/cm":null,"As_mg/L":null,"URL":"https://sigagis.conagua.gob.mx/t_infbasica/INVENTARIO/10 DURANGO/PDF/10_0015.pdf"},"geometry":{"type":"Point","coordinates":[-103.61505,25.77275]}},
{"type":"Feature","properties":{"fid":29.0,"CVE_LGJO":"10_0015","CVE_POZO":"25-SAN ISIDRO (417)","NOMB_POZO":null,"TIT_LGJO":"ISÓTOPOS AMBIENTALES   COAHUILA-DURANGO","CVE_EDO":"10","CVE_MPIO":"10013","AÑO":"1978","DESC":"ESTUDIO DE ACUÍFEROS EN CALIZAS Y RELLENOS.","LONG_G":103,"LONG_M":44,"LONG_S":44.63,"LAT_G":25,"LAT_M":51,"LAT_S":30.13,"LONGITUD":-103.74573055555555,"LATITUD":25.858369444444445,"DATUMG":null,"CVE_ACUIF":"0547","NOM_ACUIF":"PRINCIPAL-REGION LAGUNERA","CT_POZO":"NO","DISEÑO_PE":"NO","CORTE_LIT":"NO","REG_ELEC":"NO","INF_PERF":"NO","REG_AFORO":"NO","ANAL_AGUA":"SI","CROQUIS":"SI","TIPO_INF":"HIDROGEOQUÍMICO","PROF_TOT_m":null,"PROF_REG_m":null,"HGQ":"SI","F_INICIO":null,"F_FINAL":null,"NE_M":57.73,"ND_M":null,"ALTITUD_ms":1194.13,"Q_LPS":null,"Ca":9.3,"Mg":36.6,"Na":80.0,"Cl":41.0,"SO4":262.0,"HCO3":204.0,"STD_ppm":835.0,"LONG_COL_m":null,"ADEME_pulg":null,"TEMP_°C":null,"POT_H_s/u":"7.22","CE_Us/cm":null,"As_mg/L":null,"URL":"https://sigagis.conagua.gob.mx/t_infbasica/INVENTARIO/10 DURANGO/PDF/10_0015.pdf"},"geometry":{"type":"Point","coordinates":[-103.745731,25.858369]}},
{"type":"Feature","properties":{"fid":30.0,"CVE_LGJO":"10_0015","CVE_POZO":"26-EL ROSALINO (2884)","NOMB_POZO":null,"TIT_LGJO":"ISÓTOPOS AMBIENTALES   COAHUILA-DURANGO","CVE_EDO":"10","CVE_MPIO":"10036","AÑO":"1978","DESC":"ESTUDIO DE ACUÍFEROS EN CALIZAS Y RELLENOS.","LONG_G":103,"LONG_M":37,"LONG_S":17.72,"LAT_G":25,"LAT_M":54,"LAT_S":58.21,"LONGITUD":-103.62158888888888,"LATITUD":25.916169444444446,"DATUMG":null,"CVE_ACUIF":"0548","NOM_ACUIF":"PRINCIPAL-REGION LAGUNERA","CT_POZO":"NO","DISEÑO_PE":"NO","CORTE_LIT":"NO","REG_ELEC":"NO","INF_PERF":"NO","REG_AFORO":"NO","ANAL_AGUA":"SI","CROQUIS":"SI","TIPO_INF":"HIDROGEOQUÍMICO","PROF_TOT_m":null,"PROF_REG_m":null,"HGQ":"SI","F_INICIO":null,"F_FINAL":null,"NE_M":85.55,"ND_M":null,"ALTITUD_ms":1111.24,"Q_LPS":35.0,"Ca":466.0,"Mg":135.0,"Na":249.0,"Cl":100.0,"SO4":1910.0,"HCO3":157.0,"STD_ppm":3060.0,"LONG_COL_m":null,"ADEME_pulg":null,"TEMP_°C":null,"POT_H_s/u":"7.45","CE_Us/cm":null,"As_mg/L":null,"URL":"https://sigagis.conagua.gob.mx/t_infbasica/INVENTARIO/10 DURANGO/PDF/10_0015.pdf"},"geometry":{"type":"Point","coordinates":[-103.621589,25.916169]}},
{"type":"Feature","properties":{"fid":31.0,"CVE_LGJO":"10_0015","CVE_POZO":"27-SAN ISIDRO (2745)","NOMB_POZO":null,"TIT_LGJO":"ISÓTOPOS AMBIENTALES   COAHUILA-DURANGO","CVE_EDO":"10","CVE_MPIO":"10036","AÑO":"1978","DESC":"ESTUDIO DE ACUÍFEROS EN CALIZAS Y RELLENOS.","LONG_G":103,"LONG_M":37,"LONG_S":47.42,"LAT_G":25,"LAT_M":56,"LAT_S":0.89,"LONGITUD":-103.62983888888888,"LATITUD":25.933580555555555,"DATUMG":null,"CVE_ACUIF":"0549","NOM_ACUIF":"PRINCIPAL-REGION LAGUNERA","CT_POZO":"NO","DISEÑO_PE":"NO","CORTE_LIT":"NO","REG_ELEC":"NO","INF_PERF":"NO","REG_AFORO":"NO","ANAL_AGUA":"SI","CROQUIS":"SI","TIPO_INF":"HIDROGEOQUÍMICO","PROF_TOT_m":null,"PROF_REG_m":null,"HGQ":"SI","F_INICIO":null,"F_FINAL":null,"NE_M":85.0,"ND_M":null,"ALTITUD_ms":1108.15,"Q_LPS":14.0,"Ca":489.0,"Mg":151.0,"Na":244.0,"Cl":110.0,"SO4":2040.0,"HCO3":74.7,"STD_ppm":3152.0,"LONG_COL_m":null,"ADEME_pulg":null,"TEMP_°C":null,"POT_H_s/u":"7.71","CE_Us/cm":null,"As_mg/L":null,"URL":"https://sigagis.conagua.gob.mx/t_infbasica/INVENTARIO/10 DURANGO/PDF/10_0015.pdf"},"geometry":{"type":"Point","coordinates":[-103.629839,25.933581]}},
{"type":"Feature","properties":{"fid":32.0,"CVE_LGJO":"10_0015","CVE_POZO":"28-LA OJUELA (SIN CLAVE)","NOMB_POZO":null,"TIT_LGJO":"ISÓTOPOS AMBIENTALES   COAHUILA-DURANGO","CVE_EDO":"10","CVE_MPIO":"10013","AÑO":"1978","DESC":"ESTUDIO DE ACUÍFEROS EN CALIZAS Y RELLENOS.","LONG_G":103,"LONG_M":47,"LONG_S":2.36,"LAT_G":25,"LAT_M":47,"LAT_S":27.53,"LONGITUD":-103.78398888888889,"LATITUD":25.790980555555556,"DATUMG":null,"CVE_ACUIF":"0550","NOM_ACUIF":"PRINCIPAL-REGION LAGUNERA","CT_POZO":"NO","DISEÑO_PE":"NO","CORTE_LIT":"NO","REG_ELEC":"NO","INF_PERF":"NO","REG_AFORO":"NO","ANAL_AGUA":"SI","CROQUIS":"SI","TIPO_INF":"HIDROGEOQUÍMICO","PROF_TOT_m":null,"PROF_REG_m":null,"HGQ":"SI","F_INICIO":null,"F_FINAL":null,"NE_M":null,"ND_M":null,"ALTITUD_ms":null,"Q_LPS":null,"Ca":49.8,"Mg":11.9,"Na":20.0,"Cl":9.9,"SO4":107.0,"HCO3":106.0,"STD_ppm":330.0,"LONG_COL_m":null,"ADEME_pulg":null,"TEMP_°C":null,"POT_H_s/u":"7.32","CE_Us/cm":null,"As_mg/L":null,"URL":"https://sigagis.conagua.gob.mx/t_infbasica/INVENTARIO/10 DURANGO/PDF/10_0015.pdf"},"geometry":{"type":"Point","coordinates":[-103.783989,25.790981]}},
{"type":"Feature","properties":{"fid":33.0,"CVE_LGJO":"10_0015","CVE_POZO":"29-LA PLATOSA (2504)","NOMB_POZO":null,"TIT_LGJO":"ISÓTOPOS AMBIENTALES   COAHUILA-DURANGO","CVE_EDO":"10","CVE_MPIO":"10013","AÑO":"1978","DESC":"ESTUDIO DE ACUÍFEROS EN CALIZAS Y RELLENOS.","LONG_G":103,"LONG_M":38,"LONG_S":51.79,"LAT_G":25,"LAT_M":56,"LAT_S":3.48,"LONGITUD":-103.64771944444445,"LATITUD":25.9343,"DATUMG":null,"CVE_ACUIF":"0551","NOM_ACUIF":"PRINCIPAL-REGION LAGUNERA","CT_POZO":"NO","DISEÑO_PE":"NO","CORTE_LIT":"NO","REG_ELEC":"NO","INF_PERF":"NO","REG_AFORO":"NO","ANAL_AGUA":"SI","CROQUIS":"SI","TIPO_INF":"HIDROGEOQUÍMICO","PROF_TOT_m":null,"PROF_REG_m":null,"HGQ":"SI","F_INICIO":null,"F_FINAL":null,"NE_M":38.0,"ND_M":null,"ALTITUD_ms":1113.94,"Q_LPS":null,"Ca":568.0,"Mg":162.0,"Na":344.0,"Cl":142.0,"SO4":2430.0,"HCO3":70.2,"STD_ppm":3753.0,"LONG_COL_m":null,"ADEME_pulg":null,"TEMP_°C":null,"POT_H_s/u":"7.58","CE_Us/cm":null,"As_mg/L":null,"URL":"https://sigagis.conagua.gob.mx/t_infbasica/INVENTARIO/10 DURANGO/PDF/10_0015.pdf"},"geometry":{"type":"Point","coordinates":[-103.647719,25.9343]}},
{"type":"Feature","properties":{"fid":35.0,"CVE_LGJO":"10_0015","CVE_POZO":"32-SAN FRANCISCO (1835)","NOMB_POZO":null,"TIT_LGJO":"ISÓTOPOS AMBIENTALES   COAHUILA-DURANGO","CVE_EDO":"10","CVE_MPIO":"10036","AÑO":"1978","DESC":"ESTUDIO DE ACUÍFEROS EN CALIZAS Y RELLENOS.","LONG_G":103,"LONG_M":23,"LONG_S":55.36,"LAT_G":25,"LAT_M":59,"LAT_S":5.42,"LONGITUD":-103.3987111111111,"LATITUD":25.984838888888891,"DATUMG":null,"CVE_ACUIF":"0552","NOM_ACUIF":"PRINCIPAL-REGION LAGUNERA","CT_POZO":"NO","DISEÑO_PE":"NO","CORTE_LIT":"NO","REG_ELEC":"NO","INF_PERF":"NO","REG_AFORO":"NO","ANAL_AGUA":"SI","CROQUIS":"SI","TIPO_INF":"HIDROGEOQUÍMICO","PROF_TOT_m":null,"PROF_REG_m":null,"HGQ":"SI","F_INICIO":null,"F_FINAL":null,"NE_M":null,"ND_M":null,"ALTITUD_ms":1120.0,"Q_LPS":12.0,"Ca":30.0,"Mg":1.2,"Na":151.0,"Cl":17.7,"SO4":241.0,"HCO3":127.0,"STD_ppm":618.0,"LONG_COL_m":null,"ADEME_pulg":null,"TEMP_°C":null,"POT_H_s/u":"7.6","CE_Us/cm":null,"As_mg/L":null,"URL":"https://sigagis.conagua.gob.mx/t_infbasica/INVENTARIO/10 DURANGO/PDF/10_0015.pdf"},"geometry":{"type":"Point","coordinates":[-103.398711,25.984839]}},
{"type":"Feature","properties":{"fid":36.0,"CVE_LGJO":"10_0015","CVE_POZO":"33-SAN FRANCISCO (2887)","NOMB_POZO":null,"TIT_LGJO":"ISÓTOPOS AMBIENTALES   COAHUILA-DURANGO","CVE_EDO":"10","CVE_MPIO":"10036","AÑO":"1978","DESC":"ESTUDIO DE ACUÍFEROS EN CALIZAS Y RELLENOS.","LONG_G":103,"LONG_M":23,"LONG_S":9.1,"LAT_G":25,"LAT_M":58,"LAT_S":21.79,"LONGITUD":-103.3858611111111,"LATITUD":25.972719444444444,"DATUMG":null,"CVE_ACUIF":"0553","NOM_ACUIF":"PRINCIPAL-REGION LAGUNERA","CT_POZO":"NO","DISEÑO_PE":"NO","CORTE_LIT":"NO","REG_ELEC":"NO","INF_PERF":"NO","REG_AFORO":"NO","ANAL_AGUA":"SI","CROQUIS":"SI","TIPO_INF":"HIDROGEOQUÍMICO","PROF_TOT_m":null,"PROF_REG_m":null,"HGQ":"SI","F_INICIO":null,"F_FINAL":null,"NE_M":null,"ND_M":null,"ALTITUD_ms":1120.0,"Q_LPS":18.0,"Ca":92.7,"Mg":4.5,"Na":183.0,"Cl":73.0,"SO4":428.0,"HCO3":124.0,"STD_ppm":1573.0,"LONG_COL_m":null,"ADEME_pulg":null,"TEMP_°C":null,"POT_H_s/u":"7.58","CE_Us/cm":null,"As_mg/L":null,"URL":"https://sigagis.conagua.gob.mx/t_infbasica/INVENTARIO/10 DURANGO/PDF/10_0015.pdf"},"geometry":{"type":"Point","coordinates":[-103.385861,25.972719]}},
{"type":"Feature","properties":{"fid":37.0,"CVE_LGJO":"10_0015","CVE_POZO":"34-EL PALMITO (SIN CLAVE)","NOMB_POZO":null,"TIT_LGJO":"ISÓTOPOS AMBIENTALES   COAHUILA-DURANGO","CVE_EDO":"10","CVE_MPIO":"10011","AÑO":"1978","DESC":"ESTUDIO DE ACUÍFEROS EN CALIZAS Y RELLENOS.","LONG_G":105,"LONG_M":2,"LONG_S":6.29,"LAT_G":25,"LAT_M":34,"LAT_S":34.28,"LONGITUD":-105.03508055555555,"LATITUD":25.57618888888889,"DATUMG":null,"CVE_ACUIF":"0554","NOM_ACUIF":"PRINCIPAL-REGION LAGUNERA","CT_POZO":"NO","DISEÑO_PE":"NO","CORTE_LIT":"NO","REG_ELEC":"NO","INF_PERF":"NO","REG_AFORO":"NO","ANAL_AGUA":"NO","CROQUIS":"SI","TIPO_INF":"CROQUIS","PROF_TOT_m":null,"PROF_REG_m":null,"HGQ":"NO","F_INICIO":null,"F_FINAL":null,"NE_M":null,"ND_M":null,"ALTITUD_ms":1850.0,"Q_LPS":null,"Ca":null,"Mg":null,"Na":null,"Cl":null,"SO4":null,"HCO3":null,"STD_ppm":null,"LONG_COL_m":null,"ADEME_pulg":null,"TEMP_°C":null,"POT_H_s/u":null,"CE_Us/cm":null,"As_mg/L":null,"URL":"https://sigagis.conagua.gob.mx/t_infbasica/INVENTARIO/10 DURANGO/PDF/10_0015.pdf"},"geometry":{"type":"Point","coordinates":[-105.035081,25.576189]}},
{"type":"Feature","properties":{"fid":38.0,"CVE_LGJO":"10_0015","CVE_POZO":"35-HIDALGO DE SAN ANT (87)","NOMB_POZO":null,"TIT_LGJO":"ISÓTOPOS AMBIENTALES   COAHUILA-DURANGO","CVE_EDO":"10","CVE_MPIO":"10024","AÑO":"1978","DESC":"ESTUDIO DE ACUÍFEROS EN CALIZAS Y RELLENOS.","LONG_G":104,"LONG_M":31,"LONG_S":11.14,"LAT_G":25,"LAT_M":7,"LAT_S":12.9,"LONGITUD":-104.51976111111111,"LATITUD":25.12025,"DATUMG":null,"CVE_ACUIF":"0555","NOM_ACUIF":"PRINCIPAL-REGION LAGUNERA","CT_POZO":"NO","DISEÑO_PE":"NO","CORTE_LIT":"NO","REG_ELEC":"NO","INF_PERF":"NO","REG_AFORO":"NO","ANAL_AGUA":"SI","CROQUIS":"SI","TIPO_INF":"HIDROGEOQUÍMICO","PROF_TOT_m":null,"PROF_REG_m":null,"HGQ":"SI","F_INICIO":null,"F_FINAL":null,"NE_M":60.0,"ND_M":null,"ALTITUD_ms":1450.0,"Q_LPS":60.0,"Ca":100.0,"Mg":35.0,"Na":33.0,"Cl":74.0,"SO4":120.0,"HCO3":267.0,"STD_ppm":640.0,"LONG_COL_m":null,"ADEME_pulg":null,"TEMP_°C":null,"POT_H_s/u":"7.9","CE_Us/cm":null,"As_mg/L":null,"URL":"https://sigagis.conagua.gob.mx/t_infbasica/INVENTARIO/10 DURANGO/PDF/10_0015.pdf"},"geometry":{"type":"Point","coordinates":[-104.519761,25.12025]}},
{"type":"Feature","properties":{"fid":39.0,"CVE_LGJO":"10_0015","CVE_POZO":"36-AGUISTIN MELGAR (73)","NOMB_POZO":null,"TIT_LGJO":"ISÓTOPOS AMBIENTALES   COAHUILA-DURANGO","CVE_EDO":"10","CVE_MPIO":"10015","AÑO":"1978","DESC":"ESTUDIO DE ACUÍFEROS EN CALIZAS Y RELLENOS.","LONG_G":104,"LONG_M":4,"LONG_S":10.02,"LAT_G":25,"LAT_M":15,"LAT_S":45.5,"LONGITUD":-104.06945,"LATITUD":25.26263888888889,"DATUMG":null,"CVE_ACUIF":"0556","NOM_ACUIF":"PRINCIPAL-REGION LAGUNERA","CT_POZO":"NO","DISEÑO_PE":"NO","CORTE_LIT":"NO","REG_ELEC":"NO","INF_PERF":"NO","REG_AFORO":"NO","ANAL_AGUA":"SI","CROQUIS":"SI","TIPO_INF":"HIDROGEOQUÍMICO","PROF_TOT_m":null,"PROF_REG_m":null,"HGQ":"SI","F_INICIO":null,"F_FINAL":null,"NE_M":60.0,"ND_M":null,"ALTITUD_ms":1260.0,"Q_LPS":0.5,"Ca":80.0,"Mg":103.0,"Na":107.0,"Cl":42.0,"SO4":500.0,"HCO3":338.0,"STD_ppm":1170.0,"LONG_COL_m":null,"ADEME_pulg":null,"TEMP_°C":null,"POT_H_s/u":"8.05","CE_Us/cm":null,"As_mg/L":null,"URL":"https://sigagis.conagua.gob.mx/t_infbasica/INVENTARIO/10 DURANGO/PDF/10_0015.pdf"},"geometry":{"type":"Point","coordinates":[-104.06945,25.262639]}},
{"type":"Feature","properties":{"fid":40.0,"CVE_LGJO":"10_0015","CVE_POZO":"37-V.CARRANZA (62)","NOMB_POZO":null,"TIT_LGJO":"ISÓTOPOS AMBIENTALES   COAHUILA-DURANGO","CVE_EDO":"10","CVE_MPIO":"10015","AÑO":"1978","DESC":"ESTUDIO DE ACUÍFEROS EN CALIZAS Y RELLENOS.","LONG_G":103,"LONG_M":54,"LONG_S":24.26,"LAT_G":25,"LAT_M":14,"LAT_S":2.15,"LONGITUD":-103.9067388888889,"LATITUD":25.233930555555556,"DATUMG":null,"CVE_ACUIF":"0557","NOM_ACUIF":"PRINCIPAL-REGION LAGUNERA","CT_POZO":"NO","DISEÑO_PE":"NO","CORTE_LIT":"NO","REG_ELEC":"NO","INF_PERF":"NO","REG_AFORO":"NO","ANAL_AGUA":"SI","CROQUIS":"SI","TIPO_INF":"HIDROGEOQUÍMICO","PROF_TOT_m":null,"PROF_REG_m":null,"HGQ":"SI","F_INICIO":null,"F_FINAL":null,"NE_M":80.0,"ND_M":null,"ALTITUD_ms":1230.0,"Q_LPS":70.0,"Ca":36.0,"Mg":1.0,"Na":258.0,"Cl":71.0,"SO4":125.0,"HCO3":501.0,"STD_ppm":1001.0,"LONG_COL_m":null,"ADEME_pulg":null,"TEMP_°C":null,"POT_H_s/u":"8.1","CE_Us/cm":null,"As_mg/L":null,"URL":"https://sigagis.conagua.gob.mx/t_infbasica/INVENTARIO/10 DURANGO/PDF/10_0015.pdf"},"geometry":{"type":"Point","coordinates":[-103.906739,25.233931]}},
{"type":"Feature","properties":{"fid":41.0,"CVE_LGJO":"10_0015","CVE_POZO":"38-FRANCISCO ZARCO (SIN CLAVE)","NOMB_POZO":null,"TIT_LGJO":"ISÓTOPOS AMBIENTALES   COAHUILA-DURANGO","CVE_EDO":"10","CVE_MPIO":"10004","AÑO":"1978","DESC":"ESTUDIO DE ACUÍFEROS EN CALIZAS Y RELLENOS.","LONG_G":103,"LONG_M":46,"LONG_S":13.4,"LAT_G":25,"LAT_M":16,"LAT_S":36.37,"LONGITUD":-103.7703888888889,"LATITUD":25.276769444444444,"DATUMG":null,"CVE_ACUIF":"0558","NOM_ACUIF":"PRINCIPAL-REGION LAGUNERA","CT_POZO":"NO","DISEÑO_PE":"NO","CORTE_LIT":"NO","REG_ELEC":"NO","INF_PERF":"NO","REG_AFORO":"NO","ANAL_AGUA":"SI","CROQUIS":"SI","TIPO_INF":"HIDROGEOQUÍMICO","PROF_TOT_m":null,"PROF_REG_m":null,"HGQ":"SI","F_INICIO":null,"F_FINAL":null,"NE_M":null,"ND_M":null,"ALTITUD_ms":1200.0,"Q_LPS":null,"Ca":112.0,"Mg":34.0,"Na":0.0,"Cl":23.0,"SO4":1.0,"HCO3":263.0,"STD_ppm":433.0,"LONG_COL_m":null,"ADEME_pulg":null,"TEMP_°C":null,"POT_H_s/u":"7.92","CE_Us/cm":null,"As_mg/L":null,"URL":"https://sigagis.conagua.gob.mx/t_infbasica/INVENTARIO/10 DURANGO/PDF/10_0015.pdf"},"geometry":{"type":"Point","coordinates":[-103.770389,25.276769]}},
{"type":"Feature","properties":{"fid":42.0,"CVE_LGJO":"10_0015","CVE_POZO":"39-SAN ALBERTO (2065)","NOMB_POZO":null,"TIT_LGJO":"ISÓTOPOS AMBIENTALES   COAHUILA-DURANGO","CVE_EDO":"10","CVE_MPIO":"10007","AÑO":"1978","DESC":"ESTUDIO DE ACUÍFEROS EN CALIZAS Y RELLENOS.","LONG_G":103,"LONG_M":20,"LONG_S":36.1,"LAT_G":25,"LAT_M":49,"LAT_S":13.33,"LONGITUD":-103.34336111111111,"LATITUD":25.820369444444445,"DATUMG":null,"CVE_ACUIF":"0559","NOM_ACUIF":"PRINCIPAL-REGION LAGUNERA","CT_POZO":"NO","DISEÑO_PE":"NO","CORTE_LIT":"NO","REG_ELEC":"NO","INF_PERF":"NO","REG_AFORO":"NO","ANAL_AGUA":"SI","CROQUIS":"SI","TIPO_INF":"HIDROGEOQUÍMICO","PROF_TOT_m":null,"PROF_REG_m":null,"HGQ":"SI","F_INICIO":null,"F_FINAL":null,"NE_M":80.0,"ND_M":null,"ALTITUD_ms":1083.0,"Q_LPS":40.0,"Ca":124.0,"Mg":13.0,"Na":38.0,"Cl":88.0,"SO4":195.0,"HCO3":146.0,"STD_ppm":604.0,"LONG_COL_m":null,"ADEME_pulg":null,"TEMP_°C":null,"POT_H_s/u":"7.95","CE_Us/cm":null,"As_mg/L":null,"URL":"https://sigagis.conagua.gob.mx/t_infbasica/INVENTARIO/10 DURANGO/PDF/10_0015.pdf"},"geometry":{"type":"Point","coordinates":[-103.343361,25.820369]}},
{"type":"Feature","properties":{"fid":43.0,"CVE_LGJO":"10_0015","CVE_POZO":"3-LA CAMPANA (1848)","NOMB_POZO":null,"TIT_LGJO":"ISÓTOPOS AMBIENTALES   COAHUILA-DURANGO","CVE_EDO":"10","CVE_MPIO":"10012","AÑO":"1978","DESC":"ESTUDIO DE ACUÍFEROS EN CALIZAS Y RELLENOS.","LONG_G":103,"LONG_M":27,"LONG_S":27.32,"LAT_G":25,"LAT_M":22,"LAT_S":40.76,"LONGITUD":-103.45758888888889,"LATITUD":25.377988888888886,"DATUMG":null,"CVE_ACUIF":"0525","NOM_ACUIF":"PRINCIPAL-REGION LAGUNERA","CT_POZO":"NO","DISEÑO_PE":"NO","CORTE_LIT":"NO","REG_ELEC":"NO","INF_PERF":"NO","REG_AFORO":"NO","ANAL_AGUA":"SI","CROQUIS":"SI","TIPO_INF":"HIDROGEOQUÍMICO","PROF_TOT_m":null,"PROF_REG_m":null,"HGQ":"SI","F_INICIO":null,"F_FINAL":null,"NE_M":67.29,"ND_M":null,"ALTITUD_ms":1183.0,"Q_LPS":null,"Ca":159.0,"Mg":50.6,"Na":172.0,"Cl":103.0,"SO4":528.0,"HCO3":275.0,"STD_ppm":1405.0,"LONG_COL_m":null,"ADEME_pulg":null,"TEMP_°C":null,"POT_H_s/u":"7.34","CE_Us/cm":null,"As_mg/L":null,"URL":"https://sigagis.conagua.gob.mx/t_infbasica/INVENTARIO/10 DURANGO/PDF/10_0015.pdf"},"geometry":{"type":"Point","coordinates":[-103.457589,25.377989]}},
{"type":"Feature","properties":{"fid":44.0,"CVE_LGJO":"10_0015","CVE_POZO":"40-EL BARRO (2087)","NOMB_POZO":null,"TIT_LGJO":"ISÓTOPOS AMBIENTALES   COAHUILA-DURANGO","CVE_EDO":"10","CVE_MPIO":"10007","AÑO":"1978","DESC":"ESTUDIO DE ACUÍFEROS EN CALIZAS Y RELLENOS.","LONG_G":103,"LONG_M":23,"LONG_S":55.75,"LAT_G":25,"LAT_M":51,"LAT_S":35.89,"LONGITUD":-103.39881944444444,"LATITUD":25.859969444444445,"DATUMG":null,"CVE_ACUIF":"0560","NOM_ACUIF":"PRINCIPAL-REGION LAGUNERA","CT_POZO":"NO","DISEÑO_PE":"NO","CORTE_LIT":"NO","REG_ELEC":"NO","INF_PERF":"NO","REG_AFORO":"NO","ANAL_AGUA":"SI","CROQUIS":"SI","TIPO_INF":"HIDROGEOQUÍMICO","PROF_TOT_m":null,"PROF_REG_m":null,"HGQ":"SI","F_INICIO":null,"F_FINAL":null,"NE_M":80.0,"ND_M":null,"ALTITUD_ms":1060.0,"Q_LPS":35.0,"Ca":46.0,"Mg":2.0,"Na":70.0,"Cl":32.0,"SO4":67.0,"HCO3":197.0,"STD_ppm":414.0,"LONG_COL_m":null,"ADEME_pulg":null,"TEMP_°C":null,"POT_H_s/u":"8.2","CE_Us/cm":null,"As_mg/L":null,"URL":"https://sigagis.conagua.gob.mx/t_infbasica/INVENTARIO/10 DURANGO/PDF/10_0015.pdf"},"geometry":{"type":"Point","coordinates":[-103.398819,25.859969]}},
{"type":"Feature","properties":{"fid":45.0,"CVE_LGJO":"10_0015","CVE_POZO":"41-GRANJA EL PILAR (1374)","NOMB_POZO":null,"TIT_LGJO":"ISÓTOPOS AMBIENTALES   COAHUILA-DURANGO","CVE_EDO":"10","CVE_MPIO":"10036","AÑO":"1978","DESC":"ESTUDIO DE ACUÍFEROS EN CALIZAS Y RELLENOS.","LONG_G":103,"LONG_M":24,"LONG_S":31.01,"LAT_G":25,"LAT_M":57,"LAT_S":22.17,"LONGITUD":-103.40861388888889,"LATITUD":25.956158333333331,"DATUMG":null,"CVE_ACUIF":"0561","NOM_ACUIF":"PRINCIPAL-REGION LAGUNERA","CT_POZO":"NO","DISEÑO_PE":"NO","CORTE_LIT":"NO","REG_ELEC":"NO","INF_PERF":"NO","REG_AFORO":"NO","ANAL_AGUA":"SI","CROQUIS":"SI","TIPO_INF":"HIDROGEOQUÍMICO","PROF_TOT_m":null,"PROF_REG_m":null,"HGQ":"SI","F_INICIO":null,"F_FINAL":null,"NE_M":80.0,"ND_M":null,"ALTITUD_ms":1075.0,"Q_LPS":50.0,"Ca":90.0,"Mg":13.0,"Na":245.0,"Cl":96.0,"SO4":475.0,"HCO3":223.0,"STD_ppm":1142.0,"LONG_COL_m":null,"ADEME_pulg":null,"TEMP_°C":null,"POT_H_s/u":"7.95","CE_Us/cm":null,"As_mg/L":null,"URL":"https://sigagis.conagua.gob.mx/t_infbasica/INVENTARIO/10 DURANGO/PDF/10_0015.pdf"},"geometry":{"type":"Point","coordinates":[-103.408614,25.956158]}},
{"type":"Feature","properties":{"fid":46.0,"CVE_LGJO":"10_0015","CVE_POZO":"4-LA VENTANA (2565)","NOMB_POZO":null,"TIT_LGJO":"ISÓTOPOS AMBIENTALES   COAHUILA-DURANGO","CVE_EDO":"10","CVE_MPIO":"10012","AÑO":"1978","DESC":"ESTUDIO DE ACUÍFEROS EN CALIZAS Y RELLENOS.","LONG_G":103,"LONG_M":28,"LONG_S":14.02,"LAT_G":25,"LAT_M":21,"LAT_S":14.69,"LONGITUD":-103.47056111111111,"LATITUD":25.354080555555559,"DATUMG":null,"CVE_ACUIF":"0526","NOM_ACUIF":"PRINCIPAL-REGION LAGUNERA","CT_POZO":"NO","DISEÑO_PE":"NO","CORTE_LIT":"NO","REG_ELEC":"NO","INF_PERF":"NO","REG_AFORO":"NO","ANAL_AGUA":"SI","CROQUIS":"SI","TIPO_INF":"HIDROGEOQUÍMICO","PROF_TOT_m":null,"PROF_REG_m":null,"HGQ":"SI","F_INICIO":null,"F_FINAL":null,"NE_M":null,"ND_M":null,"ALTITUD_ms":1183.0,"Q_LPS":60.0,"Ca":81.4,"Mg":49.5,"Na":173.0,"Cl":85.1,"SO4":517.0,"HCO3":105.0,"STD_ppm":1051.0,"LONG_COL_m":null,"ADEME_pulg":null,"TEMP_°C":null,"POT_H_s/u":"7.35","CE_Us/cm":null,"As_mg/L":null,"URL":"https://sigagis.conagua.gob.mx/t_infbasica/INVENTARIO/10 DURANGO/PDF/10_0015.pdf"},"geometry":{"type":"Point","coordinates":[-103.470561,25.354081]}},
{"type":"Feature","properties":{"fid":47.0,"CVE_LGJO":"10_0015","CVE_POZO":"5-FLOR JIMULCO(3008)","NOMB_POZO":null,"TIT_LGJO":"ISÓTOPOS AMBIENTALES   COAHUILA-DURANGO","CVE_EDO":"10","CVE_MPIO":"10006","AÑO":"1978","DESC":"ESTUDIO DE ACUÍFEROS EN CALIZAS Y RELLENOS.","LONG_G":103,"LONG_M":19,"LONG_S":40.51,"LAT_G":25,"LAT_M":5,"LAT_S":10.43,"LONGITUD":-103.32791944444445,"LATITUD":25.086230555555556,"DATUMG":null,"CVE_ACUIF":"0527","NOM_ACUIF":"PRINCIPAL-REGION LAGUNERA","CT_POZO":"NO","DISEÑO_PE":"NO","CORTE_LIT":"NO","REG_ELEC":"NO","INF_PERF":"NO","REG_AFORO":"NO","ANAL_AGUA":"SI","CROQUIS":"SI","TIPO_INF":"HIDROGEOQUÍMICO","PROF_TOT_m":null,"PROF_REG_m":null,"HGQ":"SI","F_INICIO":null,"F_FINAL":null,"NE_M":13.17,"ND_M":null,"ALTITUD_ms":1270.0,"Q_LPS":null,"Ca":74.4,"Mg":26.4,"Na":224.0,"Cl":67.0,"SO4":477.0,"HCO3":253.0,"STD_ppm":1162.0,"LONG_COL_m":null,"ADEME_pulg":null,"TEMP_°C":null,"POT_H_s/u":"7.33","CE_Us/cm":null,"As_mg/L":null,"URL":"https://sigagis.conagua.gob.mx/t_infbasica/INVENTARIO/10 DURANGO/PDF/10_0015.pdf"},"geometry":{"type":"Point","coordinates":[-103.327919,25.086231]}},
{"type":"Feature","properties":{"fid":48.0,"CVE_LGJO":"10_0015","CVE_POZO":"6-ZARAGOZA (2999)","NOMB_POZO":null,"TIT_LGJO":"ISÓTOPOS AMBIENTALES   COAHUILA-DURANGO","CVE_EDO":"10","CVE_MPIO":"10006","AÑO":"1978","DESC":"ESTUDIO DE ACUÍFEROS EN CALIZAS Y RELLENOS.","LONG_G":103,"LONG_M":23,"LONG_S":19.57,"LAT_G":25,"LAT_M":8,"LAT_S":40.02,"LONGITUD":-103.38876944444445,"LATITUD":25.14445,"DATUMG":null,"CVE_ACUIF":"0528","NOM_ACUIF":"PRINCIPAL-REGION LAGUNERA","CT_POZO":"NO","DISEÑO_PE":"NO","CORTE_LIT":"NO","REG_ELEC":"NO","INF_PERF":"NO","REG_AFORO":"NO","ANAL_AGUA":"SI","CROQUIS":"SI","TIPO_INF":"HIDROGEOQUÍMICO","PROF_TOT_m":null,"PROF_REG_m":null,"HGQ":"SI","F_INICIO":null,"F_FINAL":null,"NE_M":null,"ND_M":null,"ALTITUD_ms":1255.0,"Q_LPS":45.0,"Ca":136.0,"Mg":75.3,"Na":714.0,"Cl":234.0,"SO4":1630.0,"HCO3":129.0,"STD_ppm":2967.0,"LONG_COL_m":null,"ADEME_pulg":null,"TEMP_°C":null,"POT_H_s/u":"7.25","CE_Us/cm":null,"As_mg/L":null,"URL":"https://sigagis.conagua.gob.mx/t_infbasica/INVENTARIO/10 DURANGO/PDF/10_0015.pdf"},"geometry":{"type":"Point","coordinates":[-103.388769,25.14445]}},
{"type":"Feature","properties":{"fid":50.0,"CVE_LGJO":"10_0015","CVE_POZO":"8-VIESCA (3055)","NOMB_POZO":null,"TIT_LGJO":"ISÓTOPOS AMBIENTALES   COAHUILA-DURANGO","CVE_EDO":"10","CVE_MPIO":"05036","AÑO":"1978","DESC":"ESTUDIO DE ACUÍFEROS EN CALIZAS Y RELLENOS.","LONG_G":102,"LONG_M":52,"LONG_S":23.56,"LAT_G":25,"LAT_M":19,"LAT_S":42.56,"LONGITUD":-102.8732111111111,"LATITUD":25.328488888888888,"DATUMG":null,"CVE_ACUIF":"0530","NOM_ACUIF":"PRINCIPAL-REGION LAGUNERA","CT_POZO":"NO","DISEÑO_PE":"NO","CORTE_LIT":"NO","REG_ELEC":"NO","INF_PERF":"NO","REG_AFORO":"NO","ANAL_AGUA":"SI","CROQUIS":"SI","TIPO_INF":"HIDROGEOQUÍMICO","PROF_TOT_m":null,"PROF_REG_m":null,"HGQ":"SI","F_INICIO":null,"F_FINAL":null,"NE_M":null,"ND_M":null,"ALTITUD_ms":1102.21,"Q_LPS":null,"Ca":187.0,"Mg":65.6,"Na":356.0,"Cl":450.0,"SO4":788.0,"HCO3":67.3,"STD_ppm":1955.0,"LONG_COL_m":null,"ADEME_pulg":null,"TEMP_°C":null,"POT_H_s/u":"7.44","CE_Us/cm":null,"As_mg/L":null,"URL":"https://sigagis.conagua.gob.mx/t_infbasica/INVENTARIO/10 DURANGO/PDF/10_0015.pdf"},"geometry":{"type":"Point","coordinates":[-102.873211,25.328489]}},
{"type":"Feature","properties":{"fid":51.0,"CVE_LGJO":"10_0015","CVE_POZO":"9-V.CARRANZA (SIN CLAVE)","NOMB_POZO":null,"TIT_LGJO":"ISÓTOPOS AMBIENTALES   COAHUILA-DURANGO","CVE_EDO":"10","CVE_MPIO":"05036","AÑO":"1978","DESC":"ESTUDIO DE ACUÍFEROS EN CALIZAS Y RELLENOS.","LONG_G":103,"LONG_M":0,"LONG_S":36.54,"LAT_G":25,"LAT_M":18,"LAT_S":55.4,"LONGITUD":-103.01015,"LATITUD":25.315388888888894,"DATUMG":null,"CVE_ACUIF":"0531","NOM_ACUIF":"PRINCIPAL-REGION LAGUNERA","CT_POZO":"NO","DISEÑO_PE":"NO","CORTE_LIT":"NO","REG_ELEC":"NO","INF_PERF":"NO","REG_AFORO":"NO","ANAL_AGUA":"SI","CROQUIS":"SI","TIPO_INF":"HIDROGEOQUÍMICO","PROF_TOT_m":null,"PROF_REG_m":null,"HGQ":"SI","F_INICIO":null,"F_FINAL":null,"NE_M":34.5,"ND_M":null,"ALTITUD_ms":1110.04,"Q_LPS":null,"Ca":65.2,"Mg":25.1,"Na":69.1,"Cl":26.0,"SO4":164.0,"HCO3":236.0,"STD_ppm":618.0,"LONG_COL_m":null,"ADEME_pulg":null,"TEMP_°C":null,"POT_H_s/u":"7.55","CE_Us/cm":null,"As_mg/L":null,"URL":"https://sigagis.conagua.gob.mx/t_infbasica/INVENTARIO/10 DURANGO/PDF/10_0015.pdf"},"geometry":{"type":"Point","coordinates":[-103.01015,25.315389]}},
{"type":"Feature","properties":{"fid":52.0,"CVE_LGJO":"10_0016","CVE_POZO":"PDGOECL-84-01","NOMB_POZO":"VILLA JUÁREZ NO. 1","TIT_LGJO":"POZOS ÁREA DE VILLA JUÁREZ","CVE_EDO":"10","CVE_MPIO":"10012","AÑO":"1984","DESC":"INF. FINAL CONTIENE CONTROL DE PERFORACIONES,  CORTE LITOLÓGICO,  CROQUIS DE LOCALIZACIÓN  Y GRÁFICA DE PENETRACIÓN.","LONG_G":103,"LONG_M":34,"LONG_S":47.0,"LAT_G":25,"LAT_M":30,"LAT_S":25.0,"LONGITUD":-103.57972222222223,"LATITUD":25.506944444444443,"DATUMG":null,"CVE_ACUIF":"0523","NOM_ACUIF":"PRINCIPAL-REGION LAGUNERA","CT_POZO":"SI","DISEÑO_PE":"NO","CORTE_LIT":"SI","REG_ELEC":"NO","INF_PERF":"NO","REG_AFORO":"NO","ANAL_AGUA":"NO","CROQUIS":"SI","TIPO_INF":"HIDROGEOLÓGICA","PROF_TOT_m":62.0,"PROF_REG_m":null,"HGQ":"NO","F_INICIO":"30768","F_FINAL":30816,"NE_M":null,"ND_M":null,"ALTITUD_ms":null,"Q_LPS":null,"Ca":null,"Mg":null,"Na":null,"Cl":null,"SO4":null,"HCO3":null,"STD_ppm":null,"LONG_COL_m":null,"ADEME_pulg":null,"TEMP_°C":null,"POT_H_s/u":null,"CE_Us/cm":null,"As_mg/L":null,"URL":"https://sigagis.conagua.gob.mx/t_infbasica/INVENTARIO/10 DURANGO/PDF/10_0016.pdf"},"geometry":{"type":"Point","coordinates":[-103.579722,25.506944]}},
{"type":"Feature","properties":{"fid":53.0,"CVE_LGJO":"10_0016","CVE_POZO":"POZO 1 CFE","NOMB_POZO":null,"TIT_LGJO":"POZOS ÁREA DE VILLA JUÁREZ","CVE_EDO":"10","CVE_MPIO":"10012","AÑO":"1984","DESC":"INF. FINAL CONTIENE CONTROL DE PERFORACIONES,  CORTE LITOLÓGICO,  CROQUIS DE LOCALIZACIÓN  Y GRÁFICA DE PENETRACIÓN.","LONG_G":103,"LONG_M":34,"LONG_S":2.65,"LAT_G":25,"LAT_M":29,"LAT_S":26.85,"LONGITUD":-103.56740277777777,"LATITUD":25.490791666666667,"DATUMG":null,"CVE_ACUIF":"0523","NOM_ACUIF":"PRINCIPAL-REGION LAGUNERA","CT_POZO":"NO","DISEÑO_PE":"NO","CORTE_LIT":"NO","REG_ELEC":"NO","INF_PERF":"NO","REG_AFORO":"NO","ANAL_AGUA":"NO","CROQUIS":"SI","TIPO_INF":"CROQUIS","PROF_TOT_m":null,"PROF_REG_m":null,"HGQ":"NO","F_INICIO":null,"F_FINAL":null,"NE_M":null,"ND_M":null,"ALTITUD_ms":null,"Q_LPS":null,"Ca":null,"Mg":null,"Na":null,"Cl":null,"SO4":null,"HCO3":null,"STD_ppm":null,"LONG_COL_m":null,"ADEME_pulg":null,"TEMP_°C":null,"POT_H_s/u":null,"CE_Us/cm":null,"As_mg/L":null,"URL":"https://sigagis.conagua.gob.mx/t_infbasica/INVENTARIO/10 DURANGO/PDF/10_0016.pdf"},"geometry":{"type":"Point","coordinates":[-103.567403,25.490792]}},
{"type":"Feature","properties":{"fid":54.0,"CVE_LGJO":"10_0016","CVE_POZO":"POZO 1 SAHOP","NOMB_POZO":null,"TIT_LGJO":"VILLA JUÁREZ 1  COAHUILA-DURANGO","CVE_EDO":"10","CVE_MPIO":"10012","AÑO":"1984","DESC":"INF. FINAL CONTIENE CONTROL DE PERFORACIONES,  CORTE LITOLÓGICO,  CROQUIS DE LOCALIZACIÓN  Y GRÁFICA DE PENETRACIÓN.","LONG_G":103,"LONG_M":33,"LONG_S":49.05,"LAT_G":25,"LAT_M":30,"LAT_S":38.83,"LONGITUD":-103.563625,"LATITUD":25.510786111111113,"DATUMG":null,"CVE_ACUIF":"0523","NOM_ACUIF":"PRINCIPAL-REGION LAGUNERA","CT_POZO":"NO","DISEÑO_PE":"NO","CORTE_LIT":"NO","REG_ELEC":"NO","INF_PERF":"NO","REG_AFORO":"NO","ANAL_AGUA":"NO","CROQUIS":"SI","TIPO_INF":"CROQUIS","PROF_TOT_m":null,"PROF_REG_m":null,"HGQ":"NO","F_INICIO":null,"F_FINAL":null,"NE_M":null,"ND_M":null,"ALTITUD_ms":null,"Q_LPS":null,"Ca":null,"Mg":null,"Na":null,"Cl":null,"SO4":null,"HCO3":null,"STD_ppm":null,"LONG_COL_m":null,"ADEME_pulg":null,"TEMP_°C":null,"POT_H_s/u":null,"CE_Us/cm":null,"As_mg/L":null,"URL":"https://sigagis.conagua.gob.mx/t_infbasica/INVENTARIO/10 DURANGO/PDF/10_0016.pdf"},"geometry":{"type":"Point","coordinates":[-103.563625,25.510786]}},
{"type":"Feature","properties":{"fid":55.0,"CVE_LGJO":"10_0016","CVE_POZO":"POZO 10 CFE","NOMB_POZO":null,"TIT_LGJO":"POZOS ÁREA DE VILLA JUÁREZ","CVE_EDO":"10","CVE_MPIO":"10012","AÑO":"1984","DESC":"INF. FINAL CONTIENE CONTROL DE PERFORACIONES,  CORTE LITOLÓGICO,  CROQUIS DE LOCALIZACIÓN  Y GRÁFICA DE PENETRACIÓN.","LONG_G":103,"LONG_M":36,"LONG_S":1.09,"LAT_G":25,"LAT_M":30,"LAT_S":1.94,"LONGITUD":-103.60030277777777,"LATITUD":25.500538888888894,"DATUMG":null,"CVE_ACUIF":"0523","NOM_ACUIF":"PRINCIPAL-REGION LAGUNERA","CT_POZO":"NO","DISEÑO_PE":"NO","CORTE_LIT":"NO","REG_ELEC":"NO","INF_PERF":"NO","REG_AFORO":"NO","ANAL_AGUA":"NO","CROQUIS":"SI","TIPO_INF":"CROQUIS","PROF_TOT_m":null,"PROF_REG_m":null,"HGQ":"NO","F_INICIO":null,"F_FINAL":null,"NE_M":null,"ND_M":null,"ALTITUD_ms":null,"Q_LPS":null,"Ca":null,"Mg":null,"Na":null,"Cl":null,"SO4":null,"HCO3":null,"STD_ppm":null,"LONG_COL_m":null,"ADEME_pulg":null,"TEMP_°C":null,"POT_H_s/u":null,"CE_Us/cm":null,"As_mg/L":null,"URL":"https://sigagis.conagua.gob.mx/t_infbasica/INVENTARIO/10 DURANGO/PDF/10_0016.pdf"},"geometry":{"type":"Point","coordinates":[-103.600303,25.500539]}},
{"type":"Feature","properties":{"fid":56.0,"CVE_LGJO":"10_0016","CVE_POZO":"POZO 3 CFE","NOMB_POZO":null,"TIT_LGJO":"POZOS ÁREA DE VILLA JUÁREZ","CVE_EDO":"10","CVE_MPIO":"10012","AÑO":"1984","DESC":"INF. FINAL CONTIENE CONTROL DE PERFORACIONES,  CORTE LITOLÓGICO,  CROQUIS DE LOCALIZACIÓN  Y GRÁFICA DE PENETRACIÓN.","LONG_G":103,"LONG_M":33,"LONG_S":48.79,"LAT_G":25,"LAT_M":30,"LAT_S":4.03,"LONGITUD":-103.56355277777777,"LATITUD":25.501119444444445,"DATUMG":null,"CVE_ACUIF":"0523","NOM_ACUIF":"PRINCIPAL-REGION LAGUNERA","CT_POZO":"NO","DISEÑO_PE":"NO","CORTE_LIT":"NO","REG_ELEC":"NO","INF_PERF":"NO","REG_AFORO":"NO","ANAL_AGUA":"NO","CROQUIS":"SI","TIPO_INF":"CROQUIS","PROF_TOT_m":null,"PROF_REG_m":null,"HGQ":"NO","F_INICIO":null,"F_FINAL":null,"NE_M":null,"ND_M":null,"ALTITUD_ms":null,"Q_LPS":null,"Ca":null,"Mg":null,"Na":null,"Cl":null,"SO4":null,"HCO3":null,"STD_ppm":null,"LONG_COL_m":null,"ADEME_pulg":null,"TEMP_°C":null,"POT_H_s/u":null,"CE_Us/cm":null,"As_mg/L":null,"URL":"https://sigagis.conagua.gob.mx/t_infbasica/INVENTARIO/10 DURANGO/PDF/10_0016.pdf"},"geometry":{"type":"Point","coordinates":[-103.563553,25.501119]}},
{"type":"Feature","properties":{"fid":57.0,"CVE_LGJO":"10_0016","CVE_POZO":"POZO 3 SAHOP","NOMB_POZO":null,"TIT_LGJO":"VILLA JUÁREZ 1  COAHUILA-DURANGO","CVE_EDO":"10","CVE_MPIO":"10012","AÑO":"1984","DESC":"INF. FINAL CONTIENE CONTROL DE PERFORACIONES,  CORTE LITOLÓGICO,  CROQUIS DE LOCALIZACIÓN  Y GRÁFICA DE PENETRACIÓN.","LONG_G":103,"LONG_M":36,"LONG_S":52.05,"LAT_G":25,"LAT_M":30,"LAT_S":21.93,"LONGITUD":-103.61445833333333,"LATITUD":25.506091666666666,"DATUMG":null,"CVE_ACUIF":"0523","NOM_ACUIF":"PRINCIPAL-REGION LAGUNERA","CT_POZO":"NO","DISEÑO_PE":"NO","CORTE_LIT":"NO","REG_ELEC":"NO","INF_PERF":"NO","REG_AFORO":"NO","ANAL_AGUA":"NO","CROQUIS":"SI","TIPO_INF":"CROQUIS","PROF_TOT_m":null,"PROF_REG_m":null,"HGQ":"NO","F_INICIO":null,"F_FINAL":null,"NE_M":null,"ND_M":null,"ALTITUD_ms":null,"Q_LPS":null,"Ca":null,"Mg":null,"Na":null,"Cl":null,"SO4":null,"HCO3":null,"STD_ppm":null,"LONG_COL_m":null,"ADEME_pulg":null,"TEMP_°C":null,"POT_H_s/u":null,"CE_Us/cm":null,"As_mg/L":null,"URL":"https://sigagis.conagua.gob.mx/t_infbasica/INVENTARIO/10 DURANGO/PDF/10_0016.pdf"},"geometry":{"type":"Point","coordinates":[-103.614458,25.506092]}},
{"type":"Feature","properties":{"fid":58.0,"CVE_LGJO":"10_0016","CVE_POZO":"POZO 5 CFE","NOMB_POZO":null,"TIT_LGJO":"POZOS ÁREA DE VILLA JUÁREZ","CVE_EDO":"10","CVE_MPIO":"10012","AÑO":"1984","DESC":"INF. FINAL CONTIENE CONTROL DE PERFORACIONES,  CORTE LITOLÓGICO,  CROQUIS DE LOCALIZACIÓN  Y GRÁFICA DE PENETRACIÓN.","LONG_G":103,"LONG_M":34,"LONG_S":32.89,"LAT_G":25,"LAT_M":30,"LAT_S":20.54,"LONGITUD":-103.57580277777777,"LATITUD":25.505705555555554,"DATUMG":null,"CVE_ACUIF":"0523","NOM_ACUIF":"PRINCIPAL-REGION LAGUNERA","CT_POZO":"NO","DISEÑO_PE":"NO","CORTE_LIT":"NO","REG_ELEC":"NO","INF_PERF":"NO","REG_AFORO":"NO","ANAL_AGUA":"NO","CROQUIS":"SI","TIPO_INF":"CROQUIS","PROF_TOT_m":null,"PROF_REG_m":null,"HGQ":"NO","F_INICIO":null,"F_FINAL":null,"NE_M":null,"ND_M":null,"ALTITUD_ms":null,"Q_LPS":null,"Ca":null,"Mg":null,"Na":null,"Cl":null,"SO4":null,"HCO3":null,"STD_ppm":null,"LONG_COL_m":null,"ADEME_pulg":null,"TEMP_°C":null,"POT_H_s/u":null,"CE_Us/cm":null,"As_mg/L":null,"URL":"https://sigagis.conagua.gob.mx/t_infbasica/INVENTARIO/10 DURANGO/PDF/10_0016.pdf"},"geometry":{"type":"Point","coordinates":[-103.575803,25.505706]}},
{"type":"Feature","properties":{"fid":59.0,"CVE_LGJO":"10_0016","CVE_POZO":"POZO 6 CFE","NOMB_POZO":null,"TIT_LGJO":"POZOS ÁREA DE VILLA JUÁREZ","CVE_EDO":"10","CVE_MPIO":"10012","AÑO":"1984","DESC":"INF. FINAL CONTIENE CONTROL DE PERFORACIONES,  CORTE LITOLÓGICO,  CROQUIS DE LOCALIZACIÓN  Y GRÁFICA DE PENETRACIÓN.","LONG_G":103,"LONG_M":34,"LONG_S":31.29,"LAT_G":25,"LAT_M":30,"LAT_S":2.54,"LONGITUD":-103.57535833333333,"LATITUD":25.500705555555555,"DATUMG":null,"CVE_ACUIF":"0523","NOM_ACUIF":"PRINCIPAL-REGION LAGUNERA","CT_POZO":"NO","DISEÑO_PE":"NO","CORTE_LIT":"NO","REG_ELEC":"NO","INF_PERF":"NO","REG_AFORO":"NO","ANAL_AGUA":"NO","CROQUIS":"SI","TIPO_INF":"CROQUIS","PROF_TOT_m":null,"PROF_REG_m":null,"HGQ":"NO","F_INICIO":null,"F_FINAL":null,"NE_M":null,"ND_M":null,"ALTITUD_ms":null,"Q_LPS":null,"Ca":null,"Mg":null,"Na":null,"Cl":null,"SO4":null,"HCO3":null,"STD_ppm":null,"LONG_COL_m":null,"ADEME_pulg":null,"TEMP_°C":null,"POT_H_s/u":null,"CE_Us/cm":null,"As_mg/L":null,"URL":"https://sigagis.conagua.gob.mx/t_infbasica/INVENTARIO/10 DURANGO/PDF/10_0016.pdf"},"geometry":{"type":"Point","coordinates":[-103.575358,25.500706]}},
{"type":"Feature","properties":{"fid":60.0,"CVE_LGJO":"10_0016","CVE_POZO":"POZO 7 CFE","NOMB_POZO":null,"TIT_LGJO":"POZOS ÁREA DE VILLA JUÁREZ","CVE_EDO":"10","CVE_MPIO":"10012","AÑO":"1984","DESC":"INF. FINAL CONTIENE CONTROL DE PERFORACIONES,  CORTE LITOLÓGICO,  CROQUIS DE LOCALIZACIÓN  Y GRÁFICA DE PENETRACIÓN.","LONG_G":103,"LONG_M":34,"LONG_S":35.21,"LAT_G":25,"LAT_M":29,"LAT_S":38.44,"LONGITUD":-103.57644722222221,"LATITUD":25.494011111111114,"DATUMG":null,"CVE_ACUIF":"0523","NOM_ACUIF":"PRINCIPAL-REGION LAGUNERA","CT_POZO":"NO","DISEÑO_PE":"NO","CORTE_LIT":"NO","REG_ELEC":"NO","INF_PERF":"NO","REG_AFORO":"NO","ANAL_AGUA":"NO","CROQUIS":"SI","TIPO_INF":"CROQUIS","PROF_TOT_m":null,"PROF_REG_m":null,"HGQ":"NO","F_INICIO":null,"F_FINAL":null,"NE_M":null,"ND_M":null,"ALTITUD_ms":null,"Q_LPS":null,"Ca":null,"Mg":null,"Na":null,"Cl":null,"SO4":null,"HCO3":null,"STD_ppm":null,"LONG_COL_m":null,"ADEME_pulg":null,"TEMP_°C":null,"POT_H_s/u":null,"CE_Us/cm":null,"As_mg/L":null,"URL":"https://sigagis.conagua.gob.mx/t_infbasica/INVENTARIO/10 DURANGO/PDF/10_0016.pdf"},"geometry":{"type":"Point","coordinates":[-103.576447,25.494011]}},
{"type":"Feature","properties":{"fid":61.0,"CVE_LGJO":"10_0016","CVE_POZO":"POZO 8 CFE","NOMB_POZO":null,"TIT_LGJO":"POZOS ÁREA DE VILLA JUÁREZ","CVE_EDO":"10","CVE_MPIO":"10012","AÑO":"1984","DESC":"INF. FINAL CONTIENE CONTROL DE PERFORACIONES,  CORTE LITOLÓGICO,  CROQUIS DE LOCALIZACIÓN  Y GRÁFICA DE PENETRACIÓN.","LONG_G":103,"LONG_M":35,"LONG_S":9.55,"LAT_G":25,"LAT_M":30,"LAT_S":12.01,"LONGITUD":-103.5859861111111,"LATITUD":25.503336111111111,"DATUMG":null,"CVE_ACUIF":"0523","NOM_ACUIF":"PRINCIPAL-REGION LAGUNERA","CT_POZO":"NO","DISEÑO_PE":"NO","CORTE_LIT":"NO","REG_ELEC":"NO","INF_PERF":"NO","REG_AFORO":"NO","ANAL_AGUA":"NO","CROQUIS":"SI","TIPO_INF":"CROQUIS","PROF_TOT_m":null,"PROF_REG_m":null,"HGQ":"NO","F_INICIO":null,"F_FINAL":null,"NE_M":null,"ND_M":null,"ALTITUD_ms":null,"Q_LPS":null,"Ca":null,"Mg":null,"Na":null,"Cl":null,"SO4":null,"HCO3":null,"STD_ppm":null,"LONG_COL_m":null,"ADEME_pulg":null,"TEMP_°C":null,"POT_H_s/u":null,"CE_Us/cm":null,"As_mg/L":null,"URL":"https://sigagis.conagua.gob.mx/t_infbasica/INVENTARIO/10 DURANGO/PDF/10_0016.pdf"},"geometry":{"type":"Point","coordinates":[-103.585986,25.503336]}},
{"type":"Feature","properties":{"fid":62.0,"CVE_LGJO":"10_0016","CVE_POZO":"POZO 9 CFE","NOMB_POZO":null,"TIT_LGJO":"POZOS ÁREA DE VILLA JUÁREZ","CVE_EDO":"10","CVE_MPIO":"10012","AÑO":"1984","DESC":"INF. FINAL CONTIENE CONTROL DE PERFORACIONES,  CORTE LITOLÓGICO,  CROQUIS DE LOCALIZACIÓN  Y GRÁFICA DE PENETRACIÓN.","LONG_G":103,"LONG_M":35,"LONG_S":35.65,"LAT_G":25,"LAT_M":30,"LAT_S":11.88,"LONGITUD":-103.59323611111111,"LATITUD":25.5033,"DATUMG":null,"CVE_ACUIF":"0523","NOM_ACUIF":"PRINCIPAL-REGION LAGUNERA","CT_POZO":"NO","DISEÑO_PE":"NO","CORTE_LIT":"NO","REG_ELEC":"NO","INF_PERF":"NO","REG_AFORO":"NO","ANAL_AGUA":"NO","CROQUIS":"SI","TIPO_INF":"CROQUIS","PROF_TOT_m":null,"PROF_REG_m":null,"HGQ":"NO","F_INICIO":null,"F_FINAL":null,"NE_M":null,"ND_M":null,"ALTITUD_ms":null,"Q_LPS":null,"Ca":null,"Mg":null,"Na":null,"Cl":null,"SO4":null,"HCO3":null,"STD_ppm":null,"LONG_COL_m":null,"ADEME_pulg":null,"TEMP_°C":null,"POT_H_s/u":null,"CE_Us/cm":null,"As_mg/L":null,"URL":"https://sigagis.conagua.gob.mx/t_infbasica/INVENTARIO/10 DURANGO/PDF/10_0016.pdf"},"geometry":{"type":"Point","coordinates":[-103.593236,25.5033]}},
{"type":"Feature","properties":{"fid":63.0,"CVE_LGJO":"10_0017","CVE_POZO":"PDGOECL84-02","NOMB_POZO":"VILLA DE JUÁREZ NO. 2","TIT_LGJO":"VILLA JUÁREZ 2  COAHUILA-DURANGO","CVE_EDO":"10","CVE_MPIO":"10012","AÑO":"1984","DESC":"INF. FINAL CONTIENE CONTROL DE PERFORACIONES,  GRÁFICA DE PENETRACIÓN  Y CROQUIS DE LOCALIZACIÓN.","LONG_G":103,"LONG_M":35,"LONG_S":5.0,"LAT_G":25,"LAT_M":30,"LAT_S":17.0,"LONGITUD":-103.58472222222221,"LATITUD":25.504722222222224,"DATUMG":null,"CVE_ACUIF":"0523","NOM_ACUIF":"PRINCIPAL-REGION LAGUNERA","CT_POZO":"SI","DISEÑO_PE":"NO","CORTE_LIT":"SI","REG_ELEC":"NO","INF_PERF":"NO","REG_AFORO":"NO","ANAL_AGUA":"NO","CROQUIS":"SI","TIPO_INF":"HIDROGEOLÓGICA","PROF_TOT_m":62.15,"PROF_REG_m":null,"HGQ":"NO","F_INICIO":"30837","F_FINAL":30847,"NE_M":null,"ND_M":null,"ALTITUD_ms":null,"Q_LPS":null,"Ca":null,"Mg":null,"Na":null,"Cl":null,"SO4":null,"HCO3":null,"STD_ppm":null,"LONG_COL_m":null,"ADEME_pulg":null,"TEMP_°C":null,"POT_H_s/u":null,"CE_Us/cm":null,"As_mg/L":null,"URL":"https://sigagis.conagua.gob.mx/t_infbasica/INVENTARIO/10 DURANGO/PDF/10_0017.pdf"},"geometry":{"type":"Point","coordinates":[-103.584722,25.504722]}},
{"type":"Feature","properties":{"fid":64.0,"CVE_LGJO":"10_0018","CVE_POZO":"PDGOECL84-03","NOMB_POZO":"VILLA DE JUÁREZ NO. 3","TIT_LGJO":"VILLA JUÁREZ 3 COAHUILA-DURANGO","CVE_EDO":"10","CVE_MPIO":"10012","AÑO":"1984","DESC":"INF. FINAL CONTIENE CORTE LITOLÓGICO,  CONTROL DE PERFORACIONES,    CROQUIS DE LOCALIZACIÓN  Y GRÁFICA DE PENETRACIÓN.","LONG_G":103,"LONG_M":34,"LONG_S":35.0,"LAT_G":25,"LAT_M":30,"LAT_S":23.0,"LONGITUD":-103.57638888888889,"LATITUD":25.506388888888889,"DATUMG":null,"CVE_ACUIF":"0523","NOM_ACUIF":"PRINCIPAL-REGION LAGUNERA","CT_POZO":"SI","DISEÑO_PE":"NO","CORTE_LIT":"SI","REG_ELEC":"NO","INF_PERF":"NO","REG_AFORO":"NO","ANAL_AGUA":"NO","CROQUIS":"SI","TIPO_INF":"HIDROGEOLÓGICA","PROF_TOT_m":62.15,"PROF_REG_m":null,"HGQ":"NO","F_INICIO":"30858","F_FINAL":30862,"NE_M":null,"ND_M":null,"ALTITUD_ms":null,"Q_LPS":null,"Ca":null,"Mg":null,"Na":null,"Cl":null,"SO4":null,"HCO3":null,"STD_ppm":null,"LONG_COL_m":null,"ADEME_pulg":null,"TEMP_°C":null,"POT_H_s/u":null,"CE_Us/cm":null,"As_mg/L":null,"URL":"https://sigagis.conagua.gob.mx/t_infbasica/INVENTARIO/10 DURANGO/PDF/10_0018.pdf"},"geometry":{"type":"Point","coordinates":[-103.576389,25.506389]}},
{"type":"Feature","properties":{"fid":65.0,"CVE_LGJO":"10_0019","CVE_POZO":"PDGOECL84-04","NOMB_POZO":"VILLA DE JUÁREZ NO. 4","TIT_LGJO":"VILLA JUÁREZ 4 COAHUILA-DURANGO","CVE_EDO":"10","CVE_MPIO":"10012","AÑO":"1984","DESC":"INF. FINAL CONTIENE CORTE LITOLÓGICO,  CONTROL DE PERFORACIONES,    CROQUIS DE LOCALIZACIÓN  Y GRÁFICA DE PENETRACIÓN.","LONG_G":103,"LONG_M":33,"LONG_S":48.0,"LAT_G":25,"LAT_M":30,"LAT_S":9.0,"LONGITUD":-103.56333333333333,"LATITUD":25.5025,"DATUMG":null,"CVE_ACUIF":"0523","NOM_ACUIF":"PRINCIPAL-REGION LAGUNERA","CT_POZO":"SI","DISEÑO_PE":"NO","CORTE_LIT":"SI","REG_ELEC":"NO","INF_PERF":"NO","REG_AFORO":"NO","ANAL_AGUA":"NO","CROQUIS":"SI","TIPO_INF":"HIDROGEOLÓGICA","PROF_TOT_m":62.0,"PROF_REG_m":null,"HGQ":"NO","F_INICIO":"30875","F_FINAL":30880,"NE_M":null,"ND_M":null,"ALTITUD_ms":null,"Q_LPS":null,"Ca":null,"Mg":null,"Na":null,"Cl":null,"SO4":null,"HCO3":null,"STD_ppm":null,"LONG_COL_m":null,"ADEME_pulg":null,"TEMP_°C":null,"POT_H_s/u":null,"CE_Us/cm":null,"As_mg/L":null,"URL":"https://sigagis.conagua.gob.mx/t_infbasica/INVENTARIO/10 DURANGO/PDF/10_0019.pdf"},"geometry":{"type":"Point","coordinates":[-103.563333,25.5025]}},
{"type":"Feature","properties":{"fid":66.0,"CVE_LGJO":"10_0020","CVE_POZO":"SIN ID","NOMB_POZO":null,"TIT_LGJO":"EJIDO ALBIA  COAHUILA-DURANGO","CVE_EDO":"10","CVE_MPIO":"05035","AÑO":"1985","DESC":"DICTAMEN.","LONG_G":103,"LONG_M":21,"LONG_S":20.0,"LAT_G":25,"LAT_M":40,"LAT_S":5.0,"LONGITUD":-103.35555555555555,"LATITUD":25.668055555555554,"DATUMG":null,"CVE_ACUIF":"0523","NOM_ACUIF":"PRINCIPAL-REGION LAGUNERA","CT_POZO":"NO","DISEÑO_PE":"NO","CORTE_LIT":"NO","REG_ELEC":"NO","INF_PERF":"NO","REG_AFORO":"NO","ANAL_AGUA":"NO","CROQUIS":"SI","TIPO_INF":"PROFUNDIDAD","PROF_TOT_m":250.0,"PROF_REG_m":null,"HGQ":"NO","F_INICIO":null,"F_FINAL":31181,"NE_M":90.0,"ND_M":108.0,"ALTITUD_ms":null,"Q_LPS":null,"Ca":null,"Mg":null,"Na":null,"Cl":null,"SO4":null,"HCO3":null,"STD_ppm":null,"LONG_COL_m":null,"ADEME_pulg":null,"TEMP_°C":null,"POT_H_s/u":null,"CE_Us/cm":null,"As_mg/L":null,"URL":"https://sigagis.conagua.gob.mx/t_infbasica/INVENTARIO/10 DURANGO/PDF/10_0020.pdf"},"geometry":{"type":"Point","coordinates":[-103.355556,25.668056]}},
{"type":"Feature","properties":{"fid":67.0,"CVE_LGJO":"10_0021","CVE_POZO":"PDGOECL85-01","NOMB_POZO":"LEÓN GUZMÁN (EL PAVO)","TIT_LGJO":"HOJA DE CONTROL DE AVANCE Y TERMINACIÓN DEL POZO PDGOECL85-01, LOCALIDAD DE EJIDO LEÓN GUZMÁN, MPIO. DE LERDO, EDO. DE DURANGO","CVE_EDO":"10","CVE_MPIO":"10012","AÑO":"1985","DESC":"HOJA DE CONTROL DE AVANCE Y TERMINACIÓN DEL POZO","LONG_G":103,"LONG_M":40,"LONG_S":null,"LAT_G":25,"LAT_M":32,"LAT_S":null,"LONGITUD":-103.66666666666667,"LATITUD":25.533333333333335,"DATUMG":null,"CVE_ACUIF":"0523","NOM_ACUIF":"PRINCIPAL-REGION LAGUNERA","CT_POZO":"NO","DISEÑO_PE":"NO","CORTE_LIT":"NO","REG_ELEC":"NO","INF_PERF":"SI","REG_AFORO":"NO","ANAL_AGUA":"NO","CROQUIS":"NO","TIPO_INF":"PROFUNDIDAD","PROF_TOT_m":197.0,"PROF_REG_m":194.0,"HGQ":"NO","F_INICIO":"31079","F_FINAL":31155,"NE_M":32.0,"ND_M":null,"ALTITUD_ms":1035.0,"Q_LPS":null,"Ca":null,"Mg":null,"Na":null,"Cl":null,"SO4":null,"HCO3":null,"STD_ppm":null,"LONG_COL_m":null,"ADEME_pulg":null,"TEMP_°C":null,"POT_H_s/u":null,"CE_Us/cm":null,"As_mg/L":null,"URL":"https://sigagis.conagua.gob.mx/t_infbasica/INVENTARIO/10 DURANGO/PDF/10_0021.pdf"},"geometry":{"type":"Point","coordinates":[-103.666667,25.533333]}},
{"type":"Feature","properties":{"fid":68.0,"CVE_LGJO":"10_0024","CVE_POZO":"SIN ID","NOMB_POZO":null,"TIT_LGJO":"PERFORACIÓN DE 5 POZOS EXPLORATORIOS  COAHUILA-DURANGO","CVE_EDO":"10","CVE_MPIO":"10086","AÑO":"1993","DESC":"INFORME DE LA PERFORACIÓN.","LONG_G":103,"LONG_M":23,"LONG_S":16.0,"LAT_G":26,"LAT_M":2,"LAT_S":47.0,"LONGITUD":-103.38777777777779,"LATITUD":26.046388888888892,"DATUMG":null,"CVE_ACUIF":"0523","NOM_ACUIF":"PRINCIPAL-REGION LAGUNERA","CT_POZO":"NO","DISEÑO_PE":"NO","CORTE_LIT":"NO","REG_ELEC":"NO","INF_PERF":"NO","REG_AFORO":"NO","ANAL_AGUA":"NO","CROQUIS":"SI","TIPO_INF":"CROQUIS","PROF_TOT_m":null,"PROF_REG_m":null,"HGQ":"NO","F_INICIO":null,"F_FINAL":34054,"NE_M":null,"ND_M":null,"ALTITUD_ms":null,"Q_LPS":null,"Ca":null,"Mg":null,"Na":null,"Cl":null,"SO4":null,"HCO3":null,"STD_ppm":null,"LONG_COL_m":null,"ADEME_pulg":null,"TEMP_°C":null,"POT_H_s/u":null,"CE_Us/cm":null,"As_mg/L":null,"URL":"https://sigagis.conagua.gob.mx/t_infbasica/INVENTARIO/10 DURANGO/PDF/10_0024.pdf"},"geometry":{"type":"Point","coordinates":[-103.387778,26.046389]}},
{"type":"Feature","properties":{"fid":69.0,"CVE_LGJO":"10_0024","CVE_POZO":"SIN ID","NOMB_POZO":null,"TIT_LGJO":"PERFORACIÓN DE 5 POZOS EXPLORATORIOS  COAHUILA-DURANGO","CVE_EDO":"10","CVE_MPIO":"10013","AÑO":"1993","DESC":"INFORME DE LA PERFORACIÓN.","LONG_G":103,"LONG_M":37,"LONG_S":10.0,"LAT_G":25,"LAT_M":54,"LAT_S":1.0,"LONGITUD":-103.61944444444445,"LATITUD":25.900277777777777,"DATUMG":null,"CVE_ACUIF":"0523","NOM_ACUIF":"PRINCIPAL-REGION LAGUNERA","CT_POZO":"NO","DISEÑO_PE":"NO","CORTE_LIT":"NO","REG_ELEC":"NO","INF_PERF":"NO","REG_AFORO":"NO","ANAL_AGUA":"NO","CROQUIS":"SI","TIPO_INF":"CROQUIS","PROF_TOT_m":null,"PROF_REG_m":null,"HGQ":"NO","F_INICIO":null,"F_FINAL":34054,"NE_M":null,"ND_M":null,"ALTITUD_ms":null,"Q_LPS":null,"Ca":null,"Mg":null,"Na":null,"Cl":null,"SO4":null,"HCO3":null,"STD_ppm":null,"LONG_COL_m":null,"ADEME_pulg":null,"TEMP_°C":null,"POT_H_s/u":null,"CE_Us/cm":null,"As_mg/L":null,"URL":"https://sigagis.conagua.gob.mx/t_infbasica/INVENTARIO/10 DURANGO/PDF/10_0024.pdf"},"geometry":{"type":"Point","coordinates":[-103.619444,25.900278]}},
{"type":"Feature","properties":{"fid":70.0,"CVE_LGJO":"10_0024","CVE_POZO":"SIN ID","NOMB_POZO":null,"TIT_LGJO":"PERFORACIÓN DE 5 POZOS EXPLORATORIOS  COAHUILA-DURANGO","CVE_EDO":"10","CVE_MPIO":"05033","AÑO":"1993","DESC":"INFORME DE LA PERFORACIÓN.","LONG_G":103,"LONG_M":8,"LONG_S":9.0,"LAT_G":25,"LAT_M":47,"LAT_S":28.0,"LONGITUD":-103.13583333333334,"LATITUD":25.79111111111111,"DATUMG":null,"CVE_ACUIF":"0523","NOM_ACUIF":"PRINCIPAL-REGION LAGUNERA","CT_POZO":"NO","DISEÑO_PE":"NO","CORTE_LIT":"NO","REG_ELEC":"NO","INF_PERF":"NO","REG_AFORO":"NO","ANAL_AGUA":"NO","CROQUIS":"SI","TIPO_INF":"CROQUIS","PROF_TOT_m":null,"PROF_REG_m":null,"HGQ":"NO","F_INICIO":null,"F_FINAL":34054,"NE_M":null,"ND_M":null,"ALTITUD_ms":null,"Q_LPS":null,"Ca":null,"Mg":null,"Na":null,"Cl":null,"SO4":null,"HCO3":null,"STD_ppm":null,"LONG_COL_m":null,"ADEME_pulg":null,"TEMP_°C":null,"POT_H_s/u":null,"CE_Us/cm":null,"As_mg/L":null,"URL":"https://sigagis.conagua.gob.mx/t_infbasica/INVENTARIO/10 DURANGO/PDF/10_0024.pdf"},"geometry":{"type":"Point","coordinates":[-103.135833,25.791111]}},
{"type":"Feature","properties":{"fid":71.0,"CVE_LGJO":"10_0024","CVE_POZO":"SIN ID","NOMB_POZO":null,"TIT_LGJO":"PERFORACIÓN DE 5 POZOS EXPLORATORIOS  COAHUILA-DURANGO","CVE_EDO":"10","CVE_MPIO":"10007","AÑO":"1993","DESC":"INFORME DE LA PERFORACIÓN.","LONG_G":103,"LONG_M":25,"LONG_S":50.0,"LAT_G":25,"LAT_M":37,"LAT_S":15.0,"LONGITUD":-103.43055555555556,"LATITUD":25.620833333333334,"DATUMG":null,"CVE_ACUIF":"0523","NOM_ACUIF":"PRINCIPAL-REGION LAGUNERA","CT_POZO":"NO","DISEÑO_PE":"NO","CORTE_LIT":"NO","REG_ELEC":"NO","INF_PERF":"NO","REG_AFORO":"NO","ANAL_AGUA":"NO","CROQUIS":"SI","TIPO_INF":"CROQUIS","PROF_TOT_m":null,"PROF_REG_m":null,"HGQ":"NO","F_INICIO":null,"F_FINAL":34054,"NE_M":null,"ND_M":null,"ALTITUD_ms":null,"Q_LPS":null,"Ca":null,"Mg":null,"Na":null,"Cl":null,"SO4":null,"HCO3":null,"STD_ppm":null,"LONG_COL_m":null,"ADEME_pulg":null,"TEMP_°C":null,"POT_H_s/u":null,"CE_Us/cm":null,"As_mg/L":null,"URL":"https://sigagis.conagua.gob.mx/t_infbasica/INVENTARIO/10 DURANGO/PDF/10_0024.pdf"},"geometry":{"type":"Point","coordinates":[-103.430556,25.620833]}},
{"type":"Feature","properties":{"fid":72.0,"CVE_LGJO":"10_0024","CVE_POZO":"SIN ID","NOMB_POZO":null,"TIT_LGJO":"PERFORACIÓN DE 5 POZOS EXPLORATORIOS  COAHUILA-DURANGO","CVE_EDO":"10","CVE_MPIO":"05017","AÑO":"1993","DESC":"INFORME DE LA PERFORACIÓN.","LONG_G":103,"LONG_M":13,"LONG_S":57.86,"LAT_G":25,"LAT_M":30,"LAT_S":24.37,"LONGITUD":-103.23273888888889,"LATITUD":25.506769444444444,"DATUMG":null,"CVE_ACUIF":"0523","NOM_ACUIF":"PRINCIPAL-REGION LAGUNERA","CT_POZO":"NO","DISEÑO_PE":"NO","CORTE_LIT":"NO","REG_ELEC":"NO","INF_PERF":"NO","REG_AFORO":"NO","ANAL_AGUA":"NO","CROQUIS":"SI","TIPO_INF":"CROQUIS","PROF_TOT_m":null,"PROF_REG_m":null,"HGQ":"NO","F_INICIO":null,"F_FINAL":34054,"NE_M":null,"ND_M":null,"ALTITUD_ms":null,"Q_LPS":null,"Ca":null,"Mg":null,"Na":null,"Cl":null,"SO4":null,"HCO3":null,"STD_ppm":null,"LONG_COL_m":null,"ADEME_pulg":null,"TEMP_°C":null,"POT_H_s/u":null,"CE_Us/cm":null,"As_mg/L":null,"URL":"https://sigagis.conagua.gob.mx/t_infbasica/INVENTARIO/10 DURANGO/PDF/10_0024.pdf"},"geometry":{"type":"Point","coordinates":[-103.232739,25.506769]}},
{"type":"Feature","properties":{"fid":73.0,"CVE_LGJO":"10_0025","CVE_POZO":"POZO 17 (A1990)","NOMB_POZO":null,"TIT_LGJO":"GEOHIDROLOGÍA DE LA LAGUNA (I Y II ETAPA), REALIZADA POR EL IMTA","CVE_EDO":"10","CVE_MPIO":"10007","AÑO":"1993","DESC":"POZO SELECCIONADO (I Y II ETAPA ) EN LA INVESTIGACIÓN PARA CARACTERIZAR HIDROQUÍMICAMENTE DE LA ZONA \"LA LAGUNA\", DEGRADA POR CONCENTRACIONES ELEVADAS DE ARSÉNICO, MOSTRANDO UN DETERIORO EN SU CALIDAD FÍSICO-QUÍMICA.","LONG_G":103,"LONG_M":31,"LONG_S":10.13,"LAT_G":25,"LAT_M":35,"LAT_S":31.63,"LONGITUD":-103.51948,"LATITUD":25.59212,"DATUMG":null,"CVE_ACUIF":"0523","NOM_ACUIF":"PRINCIPAL-REGION LAGUNERA","CT_POZO":"NO","DISEÑO_PE":"NO","CORTE_LIT":"NO","REG_ELEC":"NO","INF_PERF":"NO","REG_AFORO":"NO","ANAL_AGUA":"SI","CROQUIS":"SI","TIPO_INF":"HIDROGEOQUÍMICO","PROF_TOT_m":null,"PROF_REG_m":null,"HGQ":"SI","F_INICIO":null,"F_FINAL":null,"NE_M":60.96,"ND_M":null,"ALTITUD_ms":null,"Q_LPS":null,"Ca":null,"Mg":null,"Na":null,"Cl":null,"SO4":null,"HCO3":null,"STD_ppm":null,"LONG_COL_m":null,"ADEME_pulg":null,"TEMP_°C":"28","POT_H_s/u":"6.9","CE_Us/cm":"900","As_mg/L":"0.0167","URL":"https://sigagis.conagua.gob.mx/t_infbasica/INVENTARIO/10 DURANGO/PDF/10_0025.pdf"},"geometry":{"type":"Point","coordinates":[-103.51948,25.59212]}},
{"type":"Feature","properties":{"fid":74.0,"CVE_LGJO":"10_0025","CVE_POZO":"POZO 17 (A1993)","NOMB_POZO":null,"TIT_LGJO":"GEOHIDROLOGÍA DE LA LAGUNA, REALIZADA POR EL IMTA","CVE_EDO":"10","CVE_MPIO":"10007","AÑO":"1993","DESC":"POZO SELECCIONADO EN LA INVESTIGACIÓN PARA CARACTERIZAR HIDROQUÍMICAMENTE DE LA ZONA \"LA LAGUNA\", DEGRADA POR CONCENTRACIONES ELEVADAS DE ARSÉNICO, MOSTRANDO UN DETERIORO EN SU CALIDAD FÍSICO-QUÍMICA.","LONG_G":103,"LONG_M":31,"LONG_S":10.13,"LAT_G":25,"LAT_M":35,"LAT_S":31.63,"LONGITUD":-103.51948,"LATITUD":25.59212,"DATUMG":null,"CVE_ACUIF":"0523","NOM_ACUIF":"PRINCIPAL-REGION LAGUNERA","CT_POZO":"NO","DISEÑO_PE":"NO","CORTE_LIT":"NO","REG_ELEC":"NO","INF_PERF":"NO","REG_AFORO":"NO","ANAL_AGUA":"SI","CROQUIS":"SI","TIPO_INF":"HIDROGEOQUÍMICO","PROF_TOT_m":null,"PROF_REG_m":null,"HGQ":"SI","F_INICIO":null,"F_FINAL":null,"NE_M":60.96,"ND_M":null,"ALTITUD_ms":null,"Q_LPS":null,"Ca":null,"Mg":null,"Na":null,"Cl":null,"SO4":null,"HCO3":null,"STD_ppm":null,"LONG_COL_m":null,"ADEME_pulg":null,"TEMP_°C":"27.6","POT_H_s/u":"7.1","CE_Us/cm":"797","As_mg/L":"0.0067","URL":"https://sigagis.conagua.gob.mx/t_infbasica/INVENTARIO/10 DURANGO/PDF/10_0025.pdf"},"geometry":{"type":"Point","coordinates":[-103.51948,25.59212]}},
{"type":"Feature","properties":{"fid":75.0,"CVE_LGJO":"10_0025","CVE_POZO":"POZO 18","NOMB_POZO":null,"TIT_LGJO":"GEOHIDROLOGÍA DE LA LAGUNA, REALIZADA POR EL IMTA","CVE_EDO":"10","CVE_MPIO":"10007","AÑO":"1993","DESC":"POZO DE LA ZONA \"LA LAGUNA\".","LONG_G":103,"LONG_M":31,"LONG_S":48.11,"LAT_G":25,"LAT_M":35,"LAT_S":58.24,"LONGITUD":-103.53003055555556,"LATITUD":25.599511111111109,"DATUMG":null,"CVE_ACUIF":"0523","NOM_ACUIF":"PRINCIPAL-REGION LAGUNERA","CT_POZO":"NO","DISEÑO_PE":"NO","CORTE_LIT":"NO","REG_ELEC":"NO","INF_PERF":"NO","REG_AFORO":"NO","ANAL_AGUA":"NO","CROQUIS":"SI","TIPO_INF":"CROQUIS","PROF_TOT_m":null,"PROF_REG_m":null,"HGQ":"NO","F_INICIO":null,"F_FINAL":null,"NE_M":null,"ND_M":null,"ALTITUD_ms":null,"Q_LPS":null,"Ca":null,"Mg":null,"Na":null,"Cl":null,"SO4":null,"HCO3":null,"STD_ppm":null,"LONG_COL_m":null,"ADEME_pulg":null,"TEMP_°C":null,"POT_H_s/u":null,"CE_Us/cm":null,"As_mg/L":null,"URL":"https://sigagis.conagua.gob.mx/t_infbasica/INVENTARIO/10 DURANGO/PDF/10_0025.pdf"},"geometry":{"type":"Point","coordinates":[-103.530031,25.599511]}},
{"type":"Feature","properties":{"fid":76.0,"CVE_LGJO":"10_0025","CVE_POZO":"POZO 36 (A1990)","NOMB_POZO":"PREDIO EL VERGEL","TIT_LGJO":"GEOHIDROLOGÍA DE LA LAGUNA (I Y II ETAPA), REALIZADA POR EL IMTA","CVE_EDO":"10","CVE_MPIO":"10007","AÑO":"1993","DESC":"POZO SELECCIONADO (I Y II ETAPA ) EN LA INVESTIGACIÓN PARA CARACTERIZAR HIDROQUÍMICAMENTE DE LA ZONA \"LA LAGUNA\", DEGRADA POR CONCENTRACIONES ELEVADAS DE ARSÉNICO, MOSTRANDO UN DETERIORO EN SU CALIDAD FÍSICO-QUÍMICA.","LONG_G":103,"LONG_M":32,"LONG_S":19.32,"LAT_G":25,"LAT_M":38,"LAT_S":9.85,"LONGITUD":-103.5387,"LATITUD":25.636069444444445,"DATUMG":null,"CVE_ACUIF":"0523","NOM_ACUIF":"PRINCIPAL-REGION LAGUNERA","CT_POZO":"NO","DISEÑO_PE":"NO","CORTE_LIT":"SI","REG_ELEC":"NO","INF_PERF":"NO","REG_AFORO":"NO","ANAL_AGUA":"SI","CROQUIS":"SI","TIPO_INF":"PROFUNDIDAD","PROF_TOT_m":116.13,"PROF_REG_m":null,"HGQ":"SI","F_INICIO":null,"F_FINAL":null,"NE_M":null,"ND_M":null,"ALTITUD_ms":null,"Q_LPS":null,"Ca":null,"Mg":null,"Na":null,"Cl":null,"SO4":null,"HCO3":null,"STD_ppm":null,"LONG_COL_m":55.47,"ADEME_pulg":16,"TEMP_°C":"N.A.","POT_H_s/u":"N.A.","CE_Us/cm":"N.A.","As_mg/L":"N.A.","URL":"https://sigagis.conagua.gob.mx/t_infbasica/INVENTARIO/10 DURANGO/PDF/10_0025.pdf"},"geometry":{"type":"Point","coordinates":[-103.5387,25.636069]}},
{"type":"Feature","properties":{"fid":77.0,"CVE_LGJO":"10_0025","CVE_POZO":"POZO 36 (A1993)","NOMB_POZO":"PREDIO EL VERGEL","TIT_LGJO":"GEOHIDROLOGÍA DE LA LAGUNA, REALIZADA POR EL IMTA","CVE_EDO":"10","CVE_MPIO":"10007","AÑO":"1993","DESC":"POZO SELECCIONADO (III ETAPA ) EN LA INVESTIGACIÓN PARA CARACTERIZAR HIDROQUÍMICAMENTE DE LA ZONA \"LA LAGUNA\", DEGRADA POR CONCENTRACIONES ELEVADAS DE ARSÉNICO, MOSTRANDO UN DETERIORO EN SU CALIDAD FÍSICO-QUÍMICA.","LONG_G":103,"LONG_M":32,"LONG_S":19.32,"LAT_G":25,"LAT_M":38,"LAT_S":9.85,"LONGITUD":-103.5387,"LATITUD":25.636069444444445,"DATUMG":null,"CVE_ACUIF":"0523","NOM_ACUIF":"PRINCIPAL-REGION LAGUNERA","CT_POZO":"NO","DISEÑO_PE":"NO","CORTE_LIT":"SI","REG_ELEC":"NO","INF_PERF":"NO","REG_AFORO":"NO","ANAL_AGUA":"SI","CROQUIS":"SI","TIPO_INF":"HIDROGEOQUÍMICO","PROF_TOT_m":116.13,"PROF_REG_m":null,"HGQ":"SI","F_INICIO":null,"F_FINAL":null,"NE_M":60.66,"ND_M":null,"ALTITUD_ms":null,"Q_LPS":null,"Ca":147.73882352941177,"Mg":82.456666666666649,"Na":187.23333333333335,"Cl":null,"SO4":null,"HCO3":null,"STD_ppm":null,"LONG_COL_m":55.47,"ADEME_pulg":16,"TEMP_°C":"24.4","POT_H_s/u":"6.95","CE_Us/cm":"2610","As_mg/L":"8.8000000000000005E-3","URL":"https://sigagis.conagua.gob.mx/t_infbasica/INVENTARIO/10 DURANGO/PDF/10_0025.pdf"},"geometry":{"type":"Point","coordinates":[-103.5387,25.636069]}},
{"type":"Feature","properties":{"fid":78.0,"CVE_LGJO":"10_0025","CVE_POZO":"POZO 55","NOMB_POZO":null,"TIT_LGJO":"GEOHIDROLOGÍA DE LA LAGUNA, REALIZADA POR EL IMTA","CVE_EDO":"10","CVE_MPIO":"10007","AÑO":"1993","DESC":"POZO DE LA ZONA \"LA LAGUNA\".","LONG_G":103,"LONG_M":31,"LONG_S":19.67,"LAT_G":25,"LAT_M":40,"LAT_S":45.26,"LONGITUD":-103.52213,"LATITUD":25.67924,"DATUMG":null,"CVE_ACUIF":"0523","NOM_ACUIF":"PRINCIPAL-REGION LAGUNERA","CT_POZO":"NO","DISEÑO_PE":"NO","CORTE_LIT":"NO","REG_ELEC":"NO","INF_PERF":"NO","REG_AFORO":"NO","ANAL_AGUA":"NO","CROQUIS":"SI","TIPO_INF":"CROQUIS","PROF_TOT_m":null,"PROF_REG_m":null,"HGQ":"NO","F_INICIO":null,"F_FINAL":null,"NE_M":null,"ND_M":null,"ALTITUD_ms":null,"Q_LPS":null,"Ca":null,"Mg":null,"Na":null,"Cl":null,"SO4":null,"HCO3":null,"STD_ppm":null,"LONG_COL_m":null,"ADEME_pulg":null,"TEMP_°C":null,"POT_H_s/u":null,"CE_Us/cm":null,"As_mg/L":null,"URL":"https://sigagis.conagua.gob.mx/t_infbasica/INVENTARIO/10 DURANGO/PDF/10_0025.pdf"},"geometry":{"type":"Point","coordinates":[-103.52213,25.67924]}},
{"type":"Feature","properties":{"fid":79.0,"CVE_LGJO":"10_0025","CVE_POZO":"POZO 104","NOMB_POZO":null,"TIT_LGJO":"GEOHIDROLOGÍA DE LA LAGUNA, REALIZADA POR EL IMTA","CVE_EDO":"10","CVE_MPIO":"10007","AÑO":"1993","DESC":"POZO DE LA ZONA \"LA LAGUNA\".","LONG_G":103,"LONG_M":30,"LONG_S":47.7,"LAT_G":25,"LAT_M":39,"LAT_S":39.92,"LONGITUD":-103.51325,"LATITUD":25.661088888888887,"DATUMG":null,"CVE_ACUIF":"0523","NOM_ACUIF":"PRINCIPAL-REGION LAGUNERA","CT_POZO":"NO","DISEÑO_PE":"NO","CORTE_LIT":"NO","REG_ELEC":"NO","INF_PERF":"NO","REG_AFORO":"NO","ANAL_AGUA":"NO","CROQUIS":"SI","TIPO_INF":"CROQUIS","PROF_TOT_m":null,"PROF_REG_m":null,"HGQ":"NO","F_INICIO":null,"F_FINAL":null,"NE_M":null,"ND_M":null,"ALTITUD_ms":null,"Q_LPS":null,"Ca":null,"Mg":null,"Na":null,"Cl":null,"SO4":null,"HCO3":null,"STD_ppm":null,"LONG_COL_m":null,"ADEME_pulg":null,"TEMP_°C":null,"POT_H_s/u":null,"CE_Us/cm":null,"As_mg/L":null,"URL":"https://sigagis.conagua.gob.mx/t_infbasica/INVENTARIO/10 DURANGO/PDF/10_0025.pdf"},"geometry":{"type":"Point","coordinates":[-103.51325,25.661089]}},
{"type":"Feature","properties":{"fid":80.0,"CVE_LGJO":"10_0025","CVE_POZO":"POZO 116 (A1993)","NOMB_POZO":null,"TIT_LGJO":"GEOHIDROLOGÍA DE LA LAGUNA, REALIZADA POR EL IMTA","CVE_EDO":"10","CVE_MPIO":"10007","AÑO":"1993","DESC":"POZO SELECCIONADO EN LA INVESTIGACIÓN PARA CARACTERIZAR HIDROQUÍMICAMENTE DE LA ZONA \"LA LAGUNA\", DEGRADA POR CONCENTRACIONES ELEVADAS DE ARSÉNICO, MOSTRANDO UN DETERIORO EN SU CALIDAD FÍSICO-QUÍMICA.","LONG_G":103,"LONG_M":36,"LONG_S":31.82,"LAT_G":25,"LAT_M":42,"LAT_S":40.46,"LONGITUD":-103.60884,"LATITUD":25.71124,"DATUMG":null,"CVE_ACUIF":"0523","NOM_ACUIF":"PRINCIPAL-REGION LAGUNERA","CT_POZO":"NO","DISEÑO_PE":"NO","CORTE_LIT":"NO","REG_ELEC":"NO","INF_PERF":"NO","REG_AFORO":"NO","ANAL_AGUA":"NO","CROQUIS":"SI","TIPO_INF":"PROFUNDIDAD","PROF_TOT_m":null,"PROF_REG_m":null,"HGQ":"SI","F_INICIO":null,"F_FINAL":null,"NE_M":70.71,"ND_M":null,"ALTITUD_ms":null,"Q_LPS":null,"Ca":null,"Mg":null,"Na":null,"Cl":null,"SO4":null,"HCO3":null,"STD_ppm":null,"LONG_COL_m":null,"ADEME_pulg":null,"TEMP_°C":null,"POT_H_s/u":null,"CE_Us/cm":null,"As_mg/L":null,"URL":"https://sigagis.conagua.gob.mx/t_infbasica/INVENTARIO/10 DURANGO/PDF/10_0025.pdf"},"geometry":{"type":"Point","coordinates":[-103.60884,25.71124]}},
{"type":"Feature","properties":{"fid":81.0,"CVE_LGJO":"10_0025","CVE_POZO":"POZO 158 (A1993)","NOMB_POZO":null,"TIT_LGJO":"GEOHIDROLOGÍA DE LA LAGUNA, REALIZADA POR EL IMTA","CVE_EDO":"10","CVE_MPIO":"10007","AÑO":"1993","DESC":"POZO SELECCIONADO EN LA INVESTIGACIÓN PARA CARACTERIZAR HIDROQUÍMICAMENTE DE LA ZONA \"LA LAGUNA\", DEGRADA POR CONCENTRACIONES ELEVADAS DE ARSÉNICO, MOSTRANDO UN DETERIORO EN SU CALIDAD FÍSICO-QUÍMICA.","LONG_G":103,"LONG_M":31,"LONG_S":8.58,"LAT_G":25,"LAT_M":46,"LAT_S":57.58,"LONGITUD":-103.51905,"LATITUD":25.78266,"DATUMG":null,"CVE_ACUIF":"0523","NOM_ACUIF":"PRINCIPAL-REGION LAGUNERA","CT_POZO":"NO","DISEÑO_PE":"NO","CORTE_LIT":"NO","REG_ELEC":"NO","INF_PERF":"NO","REG_AFORO":"NO","ANAL_AGUA":"NO","CROQUIS":"SI","TIPO_INF":"PROFUNDIDAD","PROF_TOT_m":null,"PROF_REG_m":null,"HGQ":"SI","F_INICIO":null,"F_FINAL":null,"NE_M":84.12,"ND_M":null,"ALTITUD_ms":null,"Q_LPS":null,"Ca":null,"Mg":null,"Na":null,"Cl":null,"SO4":null,"HCO3":null,"STD_ppm":null,"LONG_COL_m":null,"ADEME_pulg":null,"TEMP_°C":null,"POT_H_s/u":null,"CE_Us/cm":null,"As_mg/L":null,"URL":"https://sigagis.conagua.gob.mx/t_infbasica/INVENTARIO/10 DURANGO/PDF/10_0025.pdf"},"geometry":{"type":"Point","coordinates":[-103.51905,25.78266]}},
{"type":"Feature","properties":{"fid":82.0,"CVE_LGJO":"10_0025","CVE_POZO":"POZO 186","NOMB_POZO":null,"TIT_LGJO":"GEOHIDROLOGÍA DE LA LAGUNA, REALIZADA POR EL IMTA","CVE_EDO":"10","CVE_MPIO":"10007","AÑO":"1993","DESC":"POZO DE LA ZONA \"LA LAGUNA\".","LONG_G":103,"LONG_M":36,"LONG_S":1.66,"LAT_G":25,"LAT_M":39,"LAT_S":31.61,"LONGITUD":-103.60046,"LATITUD":25.65878,"DATUMG":null,"CVE_ACUIF":"0523","NOM_ACUIF":"PRINCIPAL-REGION LAGUNERA","CT_POZO":"NO","DISEÑO_PE":"NO","CORTE_LIT":"NO","REG_ELEC":"NO","INF_PERF":"NO","REG_AFORO":"NO","ANAL_AGUA":"NO","CROQUIS":"SI","TIPO_INF":"CROQUIS","PROF_TOT_m":null,"PROF_REG_m":null,"HGQ":"NO","F_INICIO":null,"F_FINAL":null,"NE_M":null,"ND_M":null,"ALTITUD_ms":null,"Q_LPS":null,"Ca":null,"Mg":null,"Na":null,"Cl":null,"SO4":null,"HCO3":null,"STD_ppm":null,"LONG_COL_m":null,"ADEME_pulg":null,"TEMP_°C":null,"POT_H_s/u":null,"CE_Us/cm":null,"As_mg/L":null,"URL":"https://sigagis.conagua.gob.mx/t_infbasica/INVENTARIO/10 DURANGO/PDF/10_0025.pdf"},"geometry":{"type":"Point","coordinates":[-103.60046,25.65878]}},
{"type":"Feature","properties":{"fid":83.0,"CVE_LGJO":"10_0025","CVE_POZO":"POZO 200","NOMB_POZO":null,"TIT_LGJO":"GEOHIDROLOGÍA DE LA LAGUNA, REALIZADA POR EL IMTA","CVE_EDO":"10","CVE_MPIO":"10007","AÑO":"1993","DESC":"POZO DE LA ZONA \"LA LAGUNA\".","LONG_G":103,"LONG_M":33,"LONG_S":32.72,"LAT_G":25,"LAT_M":40,"LAT_S":27.59,"LONGITUD":-103.55908888888888,"LATITUD":25.674330555555557,"DATUMG":null,"CVE_ACUIF":"0523","NOM_ACUIF":"PRINCIPAL-REGION LAGUNERA","CT_POZO":"NO","DISEÑO_PE":"NO","CORTE_LIT":"NO","REG_ELEC":"NO","INF_PERF":"NO","REG_AFORO":"NO","ANAL_AGUA":"NO","CROQUIS":"SI","TIPO_INF":"CROQUIS","PROF_TOT_m":null,"PROF_REG_m":null,"HGQ":"NO","F_INICIO":null,"F_FINAL":null,"NE_M":null,"ND_M":null,"ALTITUD_ms":null,"Q_LPS":null,"Ca":null,"Mg":null,"Na":null,"Cl":null,"SO4":null,"HCO3":null,"STD_ppm":null,"LONG_COL_m":null,"ADEME_pulg":null,"TEMP_°C":null,"POT_H_s/u":null,"CE_Us/cm":null,"As_mg/L":null,"URL":"https://sigagis.conagua.gob.mx/t_infbasica/INVENTARIO/10 DURANGO/PDF/10_0025.pdf"},"geometry":{"type":"Point","coordinates":[-103.559089,25.674331]}},
{"type":"Feature","properties":{"fid":84.0,"CVE_LGJO":"10_0025","CVE_POZO":"POZO 233","NOMB_POZO":null,"TIT_LGJO":"GEOHIDROLOGÍA DE LA LAGUNA, REALIZADA POR EL IMTA","CVE_EDO":"10","CVE_MPIO":"10007","AÑO":"1993","DESC":"POZO DE LA ZONA \"LA LAGUNA\".","LONG_G":103,"LONG_M":28,"LONG_S":22.58,"LAT_G":25,"LAT_M":34,"LAT_S":41.48,"LONGITUD":-103.47294,"LATITUD":25.57819,"DATUMG":null,"CVE_ACUIF":"0523","NOM_ACUIF":"PRINCIPAL-REGION LAGUNERA","CT_POZO":"NO","DISEÑO_PE":"NO","CORTE_LIT":"NO","REG_ELEC":"NO","INF_PERF":"NO","REG_AFORO":"NO","ANAL_AGUA":"NO","CROQUIS":"SI","TIPO_INF":"CROQUIS","PROF_TOT_m":null,"PROF_REG_m":null,"HGQ":"NO","F_INICIO":null,"F_FINAL":null,"NE_M":null,"ND_M":null,"ALTITUD_ms":null,"Q_LPS":null,"Ca":null,"Mg":null,"Na":null,"Cl":null,"SO4":null,"HCO3":null,"STD_ppm":null,"LONG_COL_m":null,"ADEME_pulg":null,"TEMP_°C":null,"POT_H_s/u":null,"CE_Us/cm":null,"As_mg/L":null,"URL":"https://sigagis.conagua.gob.mx/t_infbasica/INVENTARIO/10 DURANGO/PDF/10_0025.pdf"},"geometry":{"type":"Point","coordinates":[-103.47294,25.57819]}},
{"type":"Feature","properties":{"fid":85.0,"CVE_LGJO":"10_0025","CVE_POZO":"POZO 251","NOMB_POZO":null,"TIT_LGJO":"GEOHIDROLOGÍA DE LA LAGUNA, REALIZADA POR EL IMTA","CVE_EDO":"10","CVE_MPIO":"10007","AÑO":"1993","DESC":"POZO DE LA ZONA \"LA LAGUNA\".","LONG_G":103,"LONG_M":26,"LONG_S":10.9,"LAT_G":25,"LAT_M":37,"LAT_S":11.63,"LONGITUD":-103.43636,"LATITUD":25.619898,"DATUMG":null,"CVE_ACUIF":"0523","NOM_ACUIF":"PRINCIPAL-REGION LAGUNERA","CT_POZO":"NO","DISEÑO_PE":"NO","CORTE_LIT":"NO","REG_ELEC":"NO","INF_PERF":"NO","REG_AFORO":"NO","ANAL_AGUA":"NO","CROQUIS":"SI","TIPO_INF":"CROQUIS","PROF_TOT_m":null,"PROF_REG_m":null,"HGQ":"NO","F_INICIO":null,"F_FINAL":null,"NE_M":null,"ND_M":null,"ALTITUD_ms":null,"Q_LPS":null,"Ca":null,"Mg":null,"Na":null,"Cl":null,"SO4":null,"HCO3":null,"STD_ppm":null,"LONG_COL_m":null,"ADEME_pulg":null,"TEMP_°C":null,"POT_H_s/u":null,"CE_Us/cm":null,"As_mg/L":null,"URL":"https://sigagis.conagua.gob.mx/t_infbasica/INVENTARIO/10 DURANGO/PDF/10_0025.pdf"},"geometry":{"type":"Point","coordinates":[-103.43636,25.619898]}},
{"type":"Feature","properties":{"fid":86.0,"CVE_LGJO":"10_0025","CVE_POZO":"POZO 257 (1990)","NOMB_POZO":null,"TIT_LGJO":"GEOHIDROLOGÍA DE LA LAGUNA (I Y II ETAPA), REALIZADA POR EL IMTA","CVE_EDO":"10","CVE_MPIO":"10007","AÑO":"1993","DESC":"POZO SELECCIONADO (I Y II ETAPA ) EN LA INVESTIGACIÓN PARA CARACTERIZAR HIDROQUÍMICAMENTE DE LA ZONA \"LA LAGUNA\", DEGRADA POR CONCENTRACIONES ELEVADAS DE ARSÉNICO, MOSTRANDO UN DETERIORO EN SU CALIDAD FÍSICO-QUÍMICA.","LONG_G":103,"LONG_M":27,"LONG_S":27.61,"LAT_G":25,"LAT_M":38,"LAT_S":15.14,"LONGITUD":-103.45767,"LATITUD":25.63754,"DATUMG":null,"CVE_ACUIF":"0523","NOM_ACUIF":"PRINCIPAL-REGION LAGUNERA","CT_POZO":"NO","DISEÑO_PE":"NO","CORTE_LIT":"NO","REG_ELEC":"NO","INF_PERF":"NO","REG_AFORO":"NO","ANAL_AGUA":"SI","CROQUIS":"SI","TIPO_INF":"HIDROGEOQUÍMICO","PROF_TOT_m":null,"PROF_REG_m":null,"HGQ":"SI","F_INICIO":null,"F_FINAL":null,"NE_M":null,"ND_M":null,"ALTITUD_ms":null,"Q_LPS":null,"Ca":null,"Mg":null,"Na":null,"Cl":null,"SO4":null,"HCO3":null,"STD_ppm":null,"LONG_COL_m":null,"ADEME_pulg":null,"TEMP_°C":"26","POT_H_s/u":"6.9","CE_Us/cm":"1379","As_mg/L":"5.3E-3","URL":"https://sigagis.conagua.gob.mx/t_infbasica/INVENTARIO/10 DURANGO/PDF/10_0025.pdf"},"geometry":{"type":"Point","coordinates":[-103.45767,25.63754]}},
{"type":"Feature","properties":{"fid":87.0,"CVE_LGJO":"10_0025","CVE_POZO":"POZO 257 (1993)","NOMB_POZO":null,"TIT_LGJO":"GEOHIDROLOGÍA DE LA LAGUNA, REALIZADA POR EL IMTA","CVE_EDO":"10","CVE_MPIO":"10007","AÑO":"1993","DESC":"POZO SELECCIONADO EN LA INVESTIGACIÓN PARA CARACTERIZAR HIDROQUÍMICAMENTE DE LA ZONA \"LA LAGUNA\", DEGRADA POR CONCENTRACIONES ELEVADAS DE ARSÉNICO, MOSTRANDO UN DETERIORO EN SU CALIDAD FÍSICO-QUÍMICA.","LONG_G":103,"LONG_M":27,"LONG_S":27.61,"LAT_G":25,"LAT_M":38,"LAT_S":15.14,"LONGITUD":-103.45767,"LATITUD":25.63754,"DATUMG":null,"CVE_ACUIF":"0523","NOM_ACUIF":"PRINCIPAL-REGION LAGUNERA","CT_POZO":"NO","DISEÑO_PE":"NO","CORTE_LIT":"NO","REG_ELEC":"NO","INF_PERF":"NO","REG_AFORO":"NO","ANAL_AGUA":"SI","CROQUIS":"SI","TIPO_INF":"HIDROGEOQUÍMICO","PROF_TOT_m":null,"PROF_REG_m":null,"HGQ":"SI","F_INICIO":null,"F_FINAL":null,"NE_M":null,"ND_M":null,"ALTITUD_ms":null,"Q_LPS":null,"Ca":null,"Mg":null,"Na":null,"Cl":null,"SO4":null,"HCO3":null,"STD_ppm":null,"LONG_COL_m":null,"ADEME_pulg":null,"TEMP_°C":"26","POT_H_s/u":"6.82","CE_Us/cm":"1070","As_mg/L":"2.3E-3","URL":"https://sigagis.conagua.gob.mx/t_infbasica/INVENTARIO/10 DURANGO/PDF/10_0025.pdf"},"geometry":{"type":"Point","coordinates":[-103.45767,25.63754]}},
{"type":"Feature","properties":{"fid":88.0,"CVE_LGJO":"10_0025","CVE_POZO":"POZO 268 (A1990)","NOMB_POZO":null,"TIT_LGJO":"GEOHIDROLOGÍA DE LA LAGUNA (I Y II ETAPA), REALIZADA POR EL IMTA","CVE_EDO":"10","CVE_MPIO":"10007","AÑO":"1993","DESC":"POZO SELECCIONADO (I Y II ETAPA ) EN LA INVESTIGACIÓN PARA CARACTERIZAR HIDROQUÍMICAMENTE DE LA ZONA \"LA LAGUNA\", DEGRADA POR CONCENTRACIONES ELEVADAS DE ARSÉNICO, MOSTRANDO UN DETERIORO EN SU CALIDAD FÍSICO-QUÍMICA.","LONG_G":103,"LONG_M":25,"LONG_S":58.44,"LAT_G":25,"LAT_M":44,"LAT_S":24.25,"LONGITUD":-103.4329,"LATITUD":25.74007,"DATUMG":null,"CVE_ACUIF":"0523","NOM_ACUIF":"PRINCIPAL-REGION LAGUNERA","CT_POZO":"NO","DISEÑO_PE":"NO","CORTE_LIT":"NO","REG_ELEC":"NO","INF_PERF":"NO","REG_AFORO":"NO","ANAL_AGUA":"SI","CROQUIS":"SI","TIPO_INF":"HIDROGEOQUÍMICO","PROF_TOT_m":null,"PROF_REG_m":null,"HGQ":"SI","F_INICIO":null,"F_FINAL":null,"NE_M":null,"ND_M":null,"ALTITUD_ms":null,"Q_LPS":null,"Ca":null,"Mg":null,"Na":null,"Cl":null,"SO4":null,"HCO3":null,"STD_ppm":null,"LONG_COL_m":null,"ADEME_pulg":null,"TEMP_°C":"29","POT_H_s/u":"6.9","CE_Us/cm":"370","As_mg/L":"9.7000000000000003E-3","URL":"https://sigagis.conagua.gob.mx/t_infbasica/INVENTARIO/10 DURANGO/PDF/10_0025.pdf"},"geometry":{"type":"Point","coordinates":[-103.4329,25.74007]}},
{"type":"Feature","properties":{"fid":89.0,"CVE_LGJO":"10_0025","CVE_POZO":"POZO 268 (A1993)","NOMB_POZO":null,"TIT_LGJO":"GEOHIDROLOGÍA DE LA LAGUNA, REALIZADA POR EL IMTA","CVE_EDO":"10","CVE_MPIO":"10007","AÑO":"1993","DESC":"POZO SELECCIONADO EN LA INVESTIGACIÓN PARA CARACTERIZAR HIDROQUÍMICAMENTE DE LA ZONA \"LA LAGUNA\", DEGRADA POR CONCENTRACIONES ELEVADAS DE ARSÉNICO, MOSTRANDO UN DETERIORO EN SU CALIDAD FÍSICO-QUÍMICA.","LONG_G":103,"LONG_M":25,"LONG_S":58.44,"LAT_G":25,"LAT_M":44,"LAT_S":24.25,"LONGITUD":-103.4329,"LATITUD":25.74007,"DATUMG":null,"CVE_ACUIF":"0523","NOM_ACUIF":"PRINCIPAL-REGION LAGUNERA","CT_POZO":"NO","DISEÑO_PE":"NO","CORTE_LIT":"NO","REG_ELEC":"NO","INF_PERF":"NO","REG_AFORO":"NO","ANAL_AGUA":"SI","CROQUIS":"SI","TIPO_INF":"HIDROGEOQUÍMICO","PROF_TOT_m":null,"PROF_REG_m":null,"HGQ":"SI","F_INICIO":null,"F_FINAL":null,"NE_M":null,"ND_M":null,"ALTITUD_ms":null,"Q_LPS":null,"Ca":null,"Mg":null,"Na":null,"Cl":null,"SO4":null,"HCO3":null,"STD_ppm":null,"LONG_COL_m":null,"ADEME_pulg":null,"TEMP_°C":"29","POT_H_s/u":"7.25","CE_Us/cm":"378","As_mg/L":"3.8E-3","URL":"https://sigagis.conagua.gob.mx/t_infbasica/INVENTARIO/10 DURANGO/PDF/10_0025.pdf"},"geometry":{"type":"Point","coordinates":[-103.4329,25.74007]}},
{"type":"Feature","properties":{"fid":90.0,"CVE_LGJO":"10_0025","CVE_POZO":"POZO 297 (A1990)","NOMB_POZO":null,"TIT_LGJO":"GEOHIDROLOGÍA DE LA LAGUNA (I Y II ETAPA), REALIZADA POR EL IMTA","CVE_EDO":"10","CVE_MPIO":"10007","AÑO":"1993","DESC":"POZO SELECCIONADO (I Y II ETAPA ) EN LA INVESTIGACIÓN PARA CARACTERIZAR HIDROQUÍMICAMENTE DE LA ZONA \"LA LAGUNA\", DEGRADA POR CONCENTRACIONES ELEVADAS DE ARSÉNICO, MOSTRANDO UN DETERIORO EN SU CALIDAD FÍSICO-QUÍMICA.","LONG_G":103,"LONG_M":25,"LONG_S":48.97,"LAT_G":25,"LAT_M":41,"LAT_S":9.42,"LONGITUD":-103.43027,"LATITUD":25.68595,"DATUMG":null,"CVE_ACUIF":"0523","NOM_ACUIF":"PRINCIPAL-REGION LAGUNERA","CT_POZO":"NO","DISEÑO_PE":"NO","CORTE_LIT":"NO","REG_ELEC":"NO","INF_PERF":"NO","REG_AFORO":"NO","ANAL_AGUA":"SI","CROQUIS":"SI","TIPO_INF":"HIDROGEOQUÍMICO","PROF_TOT_m":null,"PROF_REG_m":null,"HGQ":"SI","F_INICIO":null,"F_FINAL":null,"NE_M":null,"ND_M":null,"ALTITUD_ms":null,"Q_LPS":null,"Ca":null,"Mg":null,"Na":null,"Cl":null,"SO4":null,"HCO3":null,"STD_ppm":null,"LONG_COL_m":null,"ADEME_pulg":null,"TEMP_°C":"26","POT_H_s/u":"6.8","CE_Us/cm":"970","As_mg/L":"4.8999999999999998E-3","URL":"https://sigagis.conagua.gob.mx/t_infbasica/INVENTARIO/10 DURANGO/PDF/10_0025.pdf"},"geometry":{"type":"Point","coordinates":[-103.43027,25.68595]}},
{"type":"Feature","properties":{"fid":91.0,"CVE_LGJO":"10_0025","CVE_POZO":"POZO 297 (A1993)","NOMB_POZO":null,"TIT_LGJO":"GEOHIDROLOGÍA DE LA LAGUNA, REALIZADA POR EL IMTA","CVE_EDO":"10","CVE_MPIO":"10007","AÑO":"1993","DESC":"POZO SELECCIONADO EN LA INVESTIGACIÓN PARA CARACTERIZAR HIDROQUÍMICAMENTE DE LA ZONA \"LA LAGUNA\", DEGRADA POR CONCENTRACIONES ELEVADAS DE ARSÉNICO, MOSTRANDO UN DETERIORO EN SU CALIDAD FÍSICO-QUÍMICA.","LONG_G":103,"LONG_M":25,"LONG_S":48.97,"LAT_G":25,"LAT_M":41,"LAT_S":9.42,"LONGITUD":-103.43027,"LATITUD":25.68595,"DATUMG":null,"CVE_ACUIF":"0523","NOM_ACUIF":"PRINCIPAL-REGION LAGUNERA","CT_POZO":"NO","DISEÑO_PE":"NO","CORTE_LIT":"NO","REG_ELEC":"NO","INF_PERF":"NO","REG_AFORO":"NO","ANAL_AGUA":"SI","CROQUIS":"SI","TIPO_INF":"HIDROGEOQUÍMICO","PROF_TOT_m":null,"PROF_REG_m":null,"HGQ":"SI","F_INICIO":null,"F_FINAL":null,"NE_M":null,"ND_M":null,"ALTITUD_ms":null,"Q_LPS":null,"Ca":null,"Mg":null,"Na":null,"Cl":null,"SO4":null,"HCO3":null,"STD_ppm":null,"LONG_COL_m":null,"ADEME_pulg":null,"TEMP_°C":"26.3","POT_H_s/u":"6.86","CE_Us/cm":"1228","As_mg/L":"2.0999999999999999E-3","URL":"https://sigagis.conagua.gob.mx/t_infbasica/INVENTARIO/10 DURANGO/PDF/10_0025.pdf"},"geometry":{"type":"Point","coordinates":[-103.43027,25.68595]}},
{"type":"Feature","properties":{"fid":92.0,"CVE_LGJO":"10_0025","CVE_POZO":"POZO 306","NOMB_POZO":null,"TIT_LGJO":"GEOHIDROLOGÍA DE LA LAGUNA, REALIZADA POR EL IMTA","CVE_EDO":"10","CVE_MPIO":"10007","AÑO":"1993","DESC":"POZO DE LA ZONA \"LA LAGUNA\".","LONG_G":103,"LONG_M":25,"LONG_S":16.09,"LAT_G":25,"LAT_M":40,"LAT_S":40.52,"LONGITUD":-103.42113611111111,"LATITUD":25.677922222222222,"DATUMG":null,"CVE_ACUIF":"0523","NOM_ACUIF":"PRINCIPAL-REGION LAGUNERA","CT_POZO":"NO","DISEÑO_PE":"NO","CORTE_LIT":"NO","REG_ELEC":"NO","INF_PERF":"NO","REG_AFORO":"NO","ANAL_AGUA":"NO","CROQUIS":"SI","TIPO_INF":"CROQUIS","PROF_TOT_m":null,"PROF_REG_m":null,"HGQ":"NO","F_INICIO":null,"F_FINAL":null,"NE_M":null,"ND_M":null,"ALTITUD_ms":null,"Q_LPS":null,"Ca":null,"Mg":null,"Na":null,"Cl":null,"SO4":null,"HCO3":null,"STD_ppm":null,"LONG_COL_m":null,"ADEME_pulg":null,"TEMP_°C":null,"POT_H_s/u":null,"CE_Us/cm":null,"As_mg/L":null,"URL":"https://sigagis.conagua.gob.mx/t_infbasica/INVENTARIO/10 DURANGO/PDF/10_0025.pdf"},"geometry":{"type":"Point","coordinates":[-103.421136,25.677922]}},
{"type":"Feature","properties":{"fid":93.0,"CVE_LGJO":"10_0025","CVE_POZO":"POZO 331 (A1990)","NOMB_POZO":null,"TIT_LGJO":"GEOHIDROLOGÍA DE LA LAGUNA (I Y II ETAPA), REALIZADA POR EL IMTA","CVE_EDO":"05","CVE_MPIO":"05035","AÑO":"1993","DESC":"POZO SELECCIONADO (I Y II ETAPA ) EN LA INVESTIGACIÓN PARA CARACTERIZAR HIDROQUÍMICAMENTE DE LA ZONA \"LA LAGUNA\", DEGRADA POR CONCENTRACIONES ELEVADAS DE ARSÉNICO, MOSTRANDO UN DETERIORO EN SU CALIDAD FÍSICO-QUÍMICA.","LONG_G":103,"LONG_M":24,"LONG_S":23.36,"LAT_G":25,"LAT_M":36,"LAT_S":40.21,"LONGITUD":-103.40649,"LATITUD":25.61117,"DATUMG":null,"CVE_ACUIF":"0523","NOM_ACUIF":"PRINCIPAL-REGION LAGUNERA","CT_POZO":"NO","DISEÑO_PE":"NO","CORTE_LIT":"NO","REG_ELEC":"NO","INF_PERF":"NO","REG_AFORO":"NO","ANAL_AGUA":"SI","CROQUIS":"SI","TIPO_INF":"HIDROGEOQUÍMICO","PROF_TOT_m":null,"PROF_REG_m":null,"HGQ":"SI","F_INICIO":null,"F_FINAL":null,"NE_M":null,"ND_M":null,"ALTITUD_ms":null,"Q_LPS":null,"Ca":null,"Mg":null,"Na":null,"Cl":null,"SO4":null,"HCO3":null,"STD_ppm":null,"LONG_COL_m":null,"ADEME_pulg":null,"TEMP_°C":"28.8","POT_H_s/u":"8.5","CE_Us/cm":"550","As_mg/L":"0.30399999999999999","URL":"https://sigagis.conagua.gob.mx/t_infbasica/INVENTARIO/05 COAHUILA DE ZARAGOZA/PDF/10_0025.pdf"},"geometry":{"type":"Point","coordinates":[-103.40649,25.61117]}},
{"type":"Feature","properties":{"fid":94.0,"CVE_LGJO":"10_0025","CVE_POZO":"POZO 331 (A1993)","NOMB_POZO":null,"TIT_LGJO":"GEOHIDROLOGÍA DE LA LAGUNA, REALIZADA POR EL IMTA","CVE_EDO":"05","CVE_MPIO":"05035","AÑO":"1993","DESC":"POZO SELECCIONADO EN LA INVESTIGACIÓN PARA CARACTERIZAR HIDROQUÍMICAMENTE DE LA ZONA \"LA LAGUNA\", DEGRADA POR CONCENTRACIONES ELEVADAS DE ARSÉNICO, MOSTRANDO UN DETERIORO EN SU CALIDAD FÍSICO-QUÍMICA.","LONG_G":103,"LONG_M":24,"LONG_S":23.36,"LAT_G":25,"LAT_M":36,"LAT_S":40.21,"LONGITUD":-103.40649,"LATITUD":25.61117,"DATUMG":null,"CVE_ACUIF":"0523","NOM_ACUIF":"PRINCIPAL-REGION LAGUNERA","CT_POZO":"NO","DISEÑO_PE":"NO","CORTE_LIT":"NO","REG_ELEC":"NO","INF_PERF":"NO","REG_AFORO":"NO","ANAL_AGUA":"SI","CROQUIS":"SI","TIPO_INF":"HIDROGEOQUÍMICO","PROF_TOT_m":null,"PROF_REG_m":null,"HGQ":"SI","F_INICIO":null,"F_FINAL":null,"NE_M":null,"ND_M":null,"ALTITUD_ms":null,"Q_LPS":null,"Ca":null,"Mg":null,"Na":null,"Cl":null,"SO4":null,"HCO3":null,"STD_ppm":null,"LONG_COL_m":null,"ADEME_pulg":null,"TEMP_°C":"24.5","POT_H_s/u":"6.6","CE_Us/cm":"1293","As_mg/L":"2.8999999999999998E-3","URL":"https://sigagis.conagua.gob.mx/t_infbasica/INVENTARIO/05 COAHUILA DE ZARAGOZA/PDF/10_0025.pdf"},"geometry":{"type":"Point","coordinates":[-103.40649,25.61117]}},
{"type":"Feature","properties":{"fid":95.0,"CVE_LGJO":"10_0025","CVE_POZO":"POZO 336","NOMB_POZO":null,"TIT_LGJO":"GEOHIDROLOGÍA DE LA LAGUNA, REALIZADA POR EL IMTA","CVE_EDO":"05","CVE_MPIO":"05035","AÑO":"1993","DESC":"POZO DE LA ZONA \"LA LAGUNA\".","LONG_G":103,"LONG_M":25,"LONG_S":45.59,"LAT_G":25,"LAT_M":34,"LAT_S":14.92,"LONGITUD":-103.42933,"LATITUD":25.57081,"DATUMG":null,"CVE_ACUIF":"0523","NOM_ACUIF":"PRINCIPAL-REGION LAGUNERA","CT_POZO":"NO","DISEÑO_PE":"NO","CORTE_LIT":"NO","REG_ELEC":"NO","INF_PERF":"NO","REG_AFORO":"NO","ANAL_AGUA":"NO","CROQUIS":"SI","TIPO_INF":"CROQUIS","PROF_TOT_m":null,"PROF_REG_m":null,"HGQ":"NO","F_INICIO":null,"F_FINAL":null,"NE_M":null,"ND_M":null,"ALTITUD_ms":null,"Q_LPS":null,"Ca":null,"Mg":null,"Na":null,"Cl":null,"SO4":null,"HCO3":null,"STD_ppm":null,"LONG_COL_m":null,"ADEME_pulg":null,"TEMP_°C":null,"POT_H_s/u":null,"CE_Us/cm":null,"As_mg/L":null,"URL":"https://sigagis.conagua.gob.mx/t_infbasica/INVENTARIO/05 COAHUILA DE ZARAGOZA/PDF/10_0025.pdf"},"geometry":{"type":"Point","coordinates":[-103.42933,25.57081]}},
{"type":"Feature","properties":{"fid":96.0,"CVE_LGJO":"10_0025","CVE_POZO":"POZO 338","NOMB_POZO":null,"TIT_LGJO":"GEOHIDROLOGÍA DE LA LAGUNA, REALIZADA POR EL IMTA","CVE_EDO":"05","CVE_MPIO":"05035","AÑO":"1993","DESC":"POZO DE LA ZONA \"LA LAGUNA\".","LONG_G":103,"LONG_M":24,"LONG_S":27.83,"LAT_G":25,"LAT_M":34,"LAT_S":37.27,"LONGITUD":-103.40773,"LATITUD":25.57702,"DATUMG":null,"CVE_ACUIF":"0523","NOM_ACUIF":"PRINCIPAL-REGION LAGUNERA","CT_POZO":"NO","DISEÑO_PE":"NO","CORTE_LIT":"NO","REG_ELEC":"NO","INF_PERF":"NO","REG_AFORO":"NO","ANAL_AGUA":"NO","CROQUIS":"SI","TIPO_INF":"CROQUIS","PROF_TOT_m":null,"PROF_REG_m":null,"HGQ":"NO","F_INICIO":null,"F_FINAL":null,"NE_M":null,"ND_M":null,"ALTITUD_ms":null,"Q_LPS":null,"Ca":null,"Mg":null,"Na":null,"Cl":null,"SO4":null,"HCO3":null,"STD_ppm":null,"LONG_COL_m":null,"ADEME_pulg":null,"TEMP_°C":null,"POT_H_s/u":null,"CE_Us/cm":null,"As_mg/L":null,"URL":"https://sigagis.conagua.gob.mx/t_infbasica/INVENTARIO/05 COAHUILA DE ZARAGOZA/PDF/10_0025.pdf"},"geometry":{"type":"Point","coordinates":[-103.40773,25.57702]}},
{"type":"Feature","properties":{"fid":97.0,"CVE_LGJO":"10_0025","CVE_POZO":"POZO 342","NOMB_POZO":null,"TIT_LGJO":"GEOHIDROLOGÍA DE LA LAGUNA, REALIZADA POR EL IMTA","CVE_EDO":"05","CVE_MPIO":"05035","AÑO":"1993","DESC":"POZO DE LA ZONA \"LA LAGUNA\".","LONG_G":103,"LONG_M":25,"LONG_S":8.76,"LAT_G":25,"LAT_M":35,"LAT_S":47.36,"LONGITUD":-103.4191,"LATITUD":25.59649,"DATUMG":null,"CVE_ACUIF":"0523","NOM_ACUIF":"PRINCIPAL-REGION LAGUNERA","CT_POZO":"NO","DISEÑO_PE":"NO","CORTE_LIT":"NO","REG_ELEC":"NO","INF_PERF":"NO","REG_AFORO":"NO","ANAL_AGUA":"NO","CROQUIS":"SI","TIPO_INF":"CROQUIS","PROF_TOT_m":null,"PROF_REG_m":null,"HGQ":"NO","F_INICIO":null,"F_FINAL":null,"NE_M":null,"ND_M":null,"ALTITUD_ms":null,"Q_LPS":null,"Ca":null,"Mg":null,"Na":null,"Cl":null,"SO4":null,"HCO3":null,"STD_ppm":null,"LONG_COL_m":null,"ADEME_pulg":null,"TEMP_°C":null,"POT_H_s/u":null,"CE_Us/cm":null,"As_mg/L":null,"URL":"https://sigagis.conagua.gob.mx/t_infbasica/INVENTARIO/05 COAHUILA DE ZARAGOZA/PDF/10_0025.pdf"},"geometry":{"type":"Point","coordinates":[-103.4191,25.59649]}},
{"type":"Feature","properties":{"fid":98.0,"CVE_LGJO":"10_0025","CVE_POZO":"POZO 357","NOMB_POZO":null,"TIT_LGJO":"GEOHIDROLOGÍA DE LA LAGUNA, REALIZADA POR EL IMTA","CVE_EDO":"10","CVE_MPIO":"10007","AÑO":"1993","DESC":"POZO DE LA ZONA \"LA LAGUNA\".","LONG_G":103,"LONG_M":24,"LONG_S":14.51,"LAT_G":25,"LAT_M":38,"LAT_S":48.91,"LONGITUD":-103.40403,"LATITUD":25.64692,"DATUMG":null,"CVE_ACUIF":"0523","NOM_ACUIF":"PRINCIPAL-REGION LAGUNERA","CT_POZO":"NO","DISEÑO_PE":"NO","CORTE_LIT":"NO","REG_ELEC":"NO","INF_PERF":"NO","REG_AFORO":"NO","ANAL_AGUA":"NO","CROQUIS":"SI","TIPO_INF":"CROQUIS","PROF_TOT_m":null,"PROF_REG_m":null,"HGQ":"NO","F_INICIO":null,"F_FINAL":null,"NE_M":null,"ND_M":null,"ALTITUD_ms":null,"Q_LPS":null,"Ca":null,"Mg":null,"Na":null,"Cl":null,"SO4":null,"HCO3":null,"STD_ppm":null,"LONG_COL_m":null,"ADEME_pulg":null,"TEMP_°C":null,"POT_H_s/u":null,"CE_Us/cm":null,"As_mg/L":null,"URL":"https://sigagis.conagua.gob.mx/t_infbasica/INVENTARIO/10 DURANGO/PDF/10_0025.pdf"},"geometry":{"type":"Point","coordinates":[-103.40403,25.64692]}},
{"type":"Feature","properties":{"fid":99.0,"CVE_LGJO":"10_0025","CVE_POZO":"POZO 363","NOMB_POZO":null,"TIT_LGJO":"GEOHIDROLOGÍA DE LA LAGUNA, REALIZADA POR EL IMTA","CVE_EDO":"05","CVE_MPIO":"05035","AÑO":"1993","DESC":"POZO DE LA ZONA \"LA LAGUNA\".","LONG_G":103,"LONG_M":23,"LONG_S":25.98,"LAT_G":25,"LAT_M":37,"LAT_S":51.02,"LONGITUD":-103.39055,"LATITUD":25.63084,"DATUMG":null,"CVE_ACUIF":"0523","NOM_ACUIF":"PRINCIPAL-REGION LAGUNERA","CT_POZO":"NO","DISEÑO_PE":"NO","CORTE_LIT":"NO","REG_ELEC":"NO","INF_PERF":"NO","REG_AFORO":"NO","ANAL_AGUA":"NO","CROQUIS":"SI","TIPO_INF":"CROQUIS","PROF_TOT_m":null,"PROF_REG_m":null,"HGQ":"NO","F_INICIO":null,"F_FINAL":null,"NE_M":null,"ND_M":null,"ALTITUD_ms":null,"Q_LPS":null,"Ca":null,"Mg":null,"Na":null,"Cl":null,"SO4":null,"HCO3":null,"STD_ppm":null,"LONG_COL_m":null,"ADEME_pulg":null,"TEMP_°C":null,"POT_H_s/u":null,"CE_Us/cm":null,"As_mg/L":null,"URL":"https://sigagis.conagua.gob.mx/t_infbasica/INVENTARIO/05 COAHUILA DE ZARAGOZA/PDF/10_0025.pdf"},"geometry":{"type":"Point","coordinates":[-103.39055,25.63084]}},
{"type":"Feature","properties":{"fid":100.0,"CVE_LGJO":"10_0025","CVE_POZO":"POZO 368","NOMB_POZO":null,"TIT_LGJO":"GEOHIDROLOGÍA DE LA LAGUNA, REALIZADA POR EL IMTA","CVE_EDO":"05","CVE_MPIO":"05035","AÑO":"1993","DESC":"POZO DE LA ZONA \"LA LAGUNA\".","LONG_G":103,"LONG_M":22,"LONG_S":1.49,"LAT_G":25,"LAT_M":39,"LAT_S":22.75,"LONGITUD":-103.36708,"LATITUD":25.65632,"DATUMG":null,"CVE_ACUIF":"0523","NOM_ACUIF":"PRINCIPAL-REGION LAGUNERA","CT_POZO":"NO","DISEÑO_PE":"NO","CORTE_LIT":"NO","REG_ELEC":"NO","INF_PERF":"NO","REG_AFORO":"NO","ANAL_AGUA":"NO","CROQUIS":"SI","TIPO_INF":"CROQUIS","PROF_TOT_m":null,"PROF_REG_m":null,"HGQ":"NO","F_INICIO":null,"F_FINAL":null,"NE_M":null,"ND_M":null,"ALTITUD_ms":null,"Q_LPS":null,"Ca":null,"Mg":null,"Na":null,"Cl":null,"SO4":null,"HCO3":null,"STD_ppm":null,"LONG_COL_m":null,"ADEME_pulg":null,"TEMP_°C":null,"POT_H_s/u":null,"CE_Us/cm":null,"As_mg/L":null,"URL":"https://sigagis.conagua.gob.mx/t_infbasica/INVENTARIO/05 COAHUILA DE ZARAGOZA/PDF/10_0025.pdf"},"geometry":{"type":"Point","coordinates":[-103.36708,25.65632]}},
{"type":"Feature","properties":{"fid":101.0,"CVE_LGJO":"10_0025","CVE_POZO":"POZO 369","NOMB_POZO":null,"TIT_LGJO":"GEOHIDROLOGÍA DE LA LAGUNA, REALIZADA POR EL IMTA","CVE_EDO":"10","CVE_MPIO":"10007","AÑO":"1993","DESC":"POZO DE LA ZONA \"LA LAGUNA\".","LONG_G":103,"LONG_M":21,"LONG_S":12.06,"LAT_G":25,"LAT_M":40,"LAT_S":37.02,"LONGITUD":-103.35335,"LATITUD":25.67695,"DATUMG":null,"CVE_ACUIF":"0523","NOM_ACUIF":"PRINCIPAL-REGION LAGUNERA","CT_POZO":"NO","DISEÑO_PE":"NO","CORTE_LIT":"NO","REG_ELEC":"NO","INF_PERF":"NO","REG_AFORO":"NO","ANAL_AGUA":"NO","CROQUIS":"SI","TIPO_INF":"CROQUIS","PROF_TOT_m":null,"PROF_REG_m":null,"HGQ":"NO","F_INICIO":null,"F_FINAL":null,"NE_M":null,"ND_M":null,"ALTITUD_ms":null,"Q_LPS":null,"Ca":null,"Mg":null,"Na":null,"Cl":null,"SO4":null,"HCO3":null,"STD_ppm":null,"LONG_COL_m":null,"ADEME_pulg":null,"TEMP_°C":null,"POT_H_s/u":null,"CE_Us/cm":null,"As_mg/L":null,"URL":"https://sigagis.conagua.gob.mx/t_infbasica/INVENTARIO/10 DURANGO/PDF/10_0025.pdf"},"geometry":{"type":"Point","coordinates":[-103.35335,25.67695]}},
{"type":"Feature","properties":{"fid":102.0,"CVE_LGJO":"10_0025","CVE_POZO":"POZO 374","NOMB_POZO":null,"TIT_LGJO":"GEOHIDROLOGÍA DE LA LAGUNA, REALIZADA POR EL IMTA","CVE_EDO":"05","CVE_MPIO":"05035","AÑO":"1993","DESC":"POZO DE LA ZONA \"LA LAGUNA\".","LONG_G":103,"LONG_M":22,"LONG_S":33.02,"LAT_G":25,"LAT_M":36,"LAT_S":19.58,"LONGITUD":-103.37584,"LATITUD":25.60544,"DATUMG":null,"CVE_ACUIF":"0523","NOM_ACUIF":"PRINCIPAL-REGION LAGUNERA","CT_POZO":"NO","DISEÑO_PE":"NO","CORTE_LIT":"NO","REG_ELEC":"NO","INF_PERF":"NO","REG_AFORO":"NO","ANAL_AGUA":"NO","CROQUIS":"SI","TIPO_INF":"CROQUIS","PROF_TOT_m":null,"PROF_REG_m":null,"HGQ":"NO","F_INICIO":null,"F_FINAL":null,"NE_M":null,"ND_M":null,"ALTITUD_ms":null,"Q_LPS":null,"Ca":null,"Mg":null,"Na":null,"Cl":null,"SO4":null,"HCO3":null,"STD_ppm":null,"LONG_COL_m":null,"ADEME_pulg":null,"TEMP_°C":null,"POT_H_s/u":null,"CE_Us/cm":null,"As_mg/L":null,"URL":"https://sigagis.conagua.gob.mx/t_infbasica/INVENTARIO/05 COAHUILA DE ZARAGOZA/PDF/10_0025.pdf"},"geometry":{"type":"Point","coordinates":[-103.37584,25.60544]}},
{"type":"Feature","properties":{"fid":103.0,"CVE_LGJO":"10_0025","CVE_POZO":"POZO 379","NOMB_POZO":null,"TIT_LGJO":"GEOHIDROLOGÍA DE LA LAGUNA, REALIZADA POR EL IMTA","CVE_EDO":"05","CVE_MPIO":"05035","AÑO":"1993","DESC":"POZO DE LA ZONA \"LA LAGUNA\".","LONG_G":103,"LONG_M":23,"LONG_S":40.67,"LAT_G":25,"LAT_M":35,"LAT_S":38.18,"LONGITUD":-103.39463,"LATITUD":25.59394,"DATUMG":null,"CVE_ACUIF":"0523","NOM_ACUIF":"PRINCIPAL-REGION LAGUNERA","CT_POZO":"NO","DISEÑO_PE":"NO","CORTE_LIT":"NO","REG_ELEC":"NO","INF_PERF":"NO","REG_AFORO":"NO","ANAL_AGUA":"NO","CROQUIS":"SI","TIPO_INF":"CROQUIS","PROF_TOT_m":null,"PROF_REG_m":null,"HGQ":"NO","F_INICIO":null,"F_FINAL":null,"NE_M":null,"ND_M":null,"ALTITUD_ms":null,"Q_LPS":null,"Ca":null,"Mg":null,"Na":null,"Cl":null,"SO4":null,"HCO3":null,"STD_ppm":null,"LONG_COL_m":null,"ADEME_pulg":null,"TEMP_°C":null,"POT_H_s/u":null,"CE_Us/cm":null,"As_mg/L":null,"URL":"https://sigagis.conagua.gob.mx/t_infbasica/INVENTARIO/05 COAHUILA DE ZARAGOZA/PDF/10_0025.pdf"},"geometry":{"type":"Point","coordinates":[-103.39463,25.59394]}},
{"type":"Feature","properties":{"fid":104.0,"CVE_LGJO":"10_0025","CVE_POZO":"POZO 504","NOMB_POZO":null,"TIT_LGJO":"GEOHIDROLOGÍA DE LA LAGUNA, REALIZADA POR EL IMTA","CVE_EDO":"10","CVE_MPIO":"10007","AÑO":"1993","DESC":"POZO DE LA ZONA \"LA LAGUNA\".","LONG_G":103,"LONG_M":20,"LONG_S":47.98,"LAT_G":25,"LAT_M":46,"LAT_S":8.98,"LONGITUD":-103.34666,"LATITUD":25.76916,"DATUMG":null,"CVE_ACUIF":"0523","NOM_ACUIF":"PRINCIPAL-REGION LAGUNERA","CT_POZO":"NO","DISEÑO_PE":"NO","CORTE_LIT":"NO","REG_ELEC":"NO","INF_PERF":"NO","REG_AFORO":"NO","ANAL_AGUA":"NO","CROQUIS":"SI","TIPO_INF":"CROQUIS","PROF_TOT_m":null,"PROF_REG_m":null,"HGQ":"NO","F_INICIO":null,"F_FINAL":null,"NE_M":null,"ND_M":null,"ALTITUD_ms":null,"Q_LPS":null,"Ca":null,"Mg":null,"Na":null,"Cl":null,"SO4":null,"HCO3":null,"STD_ppm":null,"LONG_COL_m":null,"ADEME_pulg":null,"TEMP_°C":null,"POT_H_s/u":null,"CE_Us/cm":null,"As_mg/L":null,"URL":"https://sigagis.conagua.gob.mx/t_infbasica/INVENTARIO/10 DURANGO/PDF/10_0025.pdf"},"geometry":{"type":"Point","coordinates":[-103.34666,25.76916]}},
{"type":"Feature","properties":{"fid":105.0,"CVE_LGJO":"10_0025","CVE_POZO":"POZO 520 (A1990)","NOMB_POZO":"EJIDO EL PILAR","TIT_LGJO":"GEOHIDROLOGÍA DE LA LAGUNA (I Y II ETAPA), REALIZADA POR EL IMTA","CVE_EDO":"05","CVE_MPIO":"05017","AÑO":"1993","DESC":"POZO SELECCIONADO (I Y II ETAPA ) EN LA INVESTIGACIÓN PARA CARACTERIZAR HIDROQUÍMICAMENTE DE LA ZONA \"LA LAGUNA\", DEGRADA POR CONCENTRACIONES ELEVADAS DE ARSÉNICO, MOSTRANDO UN DETERIORO EN SU CALIDAD FÍSICO-QUÍMICA.","LONG_G":103,"LONG_M":19,"LONG_S":51.83,"LAT_G":25,"LAT_M":43,"LAT_S":27.37,"LONGITUD":-103.33106388888889,"LATITUD":25.724269444444442,"DATUMG":null,"CVE_ACUIF":"0523","NOM_ACUIF":"PRINCIPAL-REGION LAGUNERA","CT_POZO":"NO","DISEÑO_PE":"NO","CORTE_LIT":"SI","REG_ELEC":"NO","INF_PERF":"NO","REG_AFORO":"NO","ANAL_AGUA":"SI","CROQUIS":"SI","TIPO_INF":"HIDROGEOQUÍMICO","PROF_TOT_m":123.44,"PROF_REG_m":null,"HGQ":"SI","F_INICIO":null,"F_FINAL":null,"NE_M":null,"ND_M":null,"ALTITUD_ms":null,"Q_LPS":null,"Ca":null,"Mg":null,"Na":null,"Cl":null,"SO4":null,"HCO3":null,"STD_ppm":null,"LONG_COL_m":52.73,"ADEME_pulg":16,"TEMP_°C":"24.3","POT_H_s/u":"6.5","CE_Us/cm":"600","As_mg/L":"6.4000000000000003E-3","URL":"https://sigagis.conagua.gob.mx/t_infbasica/INVENTARIO/05 COAHUILA DE ZARAGOZA/PDF/10_0025.pdf"},"geometry":{"type":"Point","coordinates":[-103.331064,25.724269]}},
{"type":"Feature","properties":{"fid":106.0,"CVE_LGJO":"10_0025","CVE_POZO":"POZO 520 (A1993)","NOMB_POZO":"EJIDO EL PILAR","TIT_LGJO":"GEOHIDROLOGÍA DE LA LAGUNA, REALIZADA POR EL IMTA","CVE_EDO":"05","CVE_MPIO":"05017","AÑO":"1993","DESC":"POZO SELECCIONADO (III ETAPA ) EN LA INVESTIGACIÓN PARA CARACTERIZAR HIDROQUÍMICAMENTE DE LA ZONA \"LA LAGUNA\", DEGRADA POR CONCENTRACIONES ELEVADAS DE ARSÉNICO, MOSTRANDO UN DETERIORO EN SU CALIDAD FÍSICO-QUÍMICA.","LONG_G":103,"LONG_M":19,"LONG_S":51.83,"LAT_G":25,"LAT_M":43,"LAT_S":27.37,"LONGITUD":-103.33106388888889,"LATITUD":25.724269444444442,"DATUMG":null,"CVE_ACUIF":"0523","NOM_ACUIF":"PRINCIPAL-REGION LAGUNERA","CT_POZO":"NO","DISEÑO_PE":"NO","CORTE_LIT":"SI","REG_ELEC":"NO","INF_PERF":"NO","REG_AFORO":"NO","ANAL_AGUA":"SI","CROQUIS":"SI","TIPO_INF":"HIDROGEOQUÍMICO","PROF_TOT_m":123.44,"PROF_REG_m":null,"HGQ":"SI","F_INICIO":null,"F_FINAL":null,"NE_M":70.71,"ND_M":null,"ALTITUD_ms":null,"Q_LPS":null,"Ca":26.063333333333333,"Mg":6.1466666666666656,"Na":72.766666666666666,"Cl":null,"SO4":null,"HCO3":null,"STD_ppm":null,"LONG_COL_m":52.73,"ADEME_pulg":16,"TEMP_°C":"24.4","POT_H_s/u":"7.41","CE_Us/cm":"507","As_mg/L":"9.2999999999999992E-3","URL":"https://sigagis.conagua.gob.mx/t_infbasica/INVENTARIO/05 COAHUILA DE ZARAGOZA/PDF/10_0025.pdf"},"geometry":{"type":"Point","coordinates":[-103.331064,25.724269]}},
{"type":"Feature","properties":{"fid":107.0,"CVE_LGJO":"10_0025","CVE_POZO":"POZO 541","NOMB_POZO":null,"TIT_LGJO":"GEOHIDROLOGÍA DE LA LAGUNA, REALIZADA POR EL IMTA","CVE_EDO":"10","CVE_MPIO":"10007","AÑO":"1993","DESC":"POZO DE LA ZONA \"LA LAGUNA\".","LONG_G":103,"LONG_M":35,"LONG_S":5.53,"LAT_G":25,"LAT_M":48,"LAT_S":49.43,"LONGITUD":-103.58487,"LATITUD":25.81373,"DATUMG":null,"CVE_ACUIF":"0523","NOM_ACUIF":"PRINCIPAL-REGION LAGUNERA","CT_POZO":"NO","DISEÑO_PE":"NO","CORTE_LIT":"NO","REG_ELEC":"NO","INF_PERF":"NO","REG_AFORO":"NO","ANAL_AGUA":"NO","CROQUIS":"SI","TIPO_INF":"CROQUIS","PROF_TOT_m":null,"PROF_REG_m":null,"HGQ":"NO","F_INICIO":null,"F_FINAL":null,"NE_M":null,"ND_M":null,"ALTITUD_ms":null,"Q_LPS":null,"Ca":null,"Mg":null,"Na":null,"Cl":null,"SO4":null,"HCO3":null,"STD_ppm":null,"LONG_COL_m":null,"ADEME_pulg":null,"TEMP_°C":null,"POT_H_s/u":null,"CE_Us/cm":null,"As_mg/L":null,"URL":"https://sigagis.conagua.gob.mx/t_infbasica/INVENTARIO/10 DURANGO/PDF/10_0025.pdf"},"geometry":{"type":"Point","coordinates":[-103.58487,25.81373]}},
{"type":"Feature","properties":{"fid":108.0,"CVE_LGJO":"10_0025","CVE_POZO":"POZO 546 (A1990)","NOMB_POZO":"EJIDO LORENZO AVALOS","TIT_LGJO":"GEOHIDROLOGÍA DE LA LAGUNA (I Y II ETAPA), REALIZADA POR EL IMTA","CVE_EDO":"10","CVE_MPIO":"10007","AÑO":"1993","DESC":"POZO SELECCIONADO (I Y II ETAPA ) EN LA INVESTIGACIÓN PARA CARACTERIZAR HIDROQUÍMICAMENTE DE LA ZONA \"LA LAGUNA\", DEGRADA POR CONCENTRACIONES ELEVADAS DE ARSÉNICO, MOSTRANDO UN DETERIORO EN SU CALIDAD FÍSICO-QUÍMICA.","LONG_G":103,"LONG_M":38,"LONG_S":3.8,"LAT_G":25,"LAT_M":40,"LAT_S":21.11,"LONGITUD":-103.63438888888889,"LATITUD":25.672530555555557,"DATUMG":null,"CVE_ACUIF":"0523","NOM_ACUIF":"PRINCIPAL-REGION LAGUNERA","CT_POZO":"NO","DISEÑO_PE":"NO","CORTE_LIT":"SI","REG_ELEC":"NO","INF_PERF":"NO","REG_AFORO":"NO","ANAL_AGUA":"SI","CROQUIS":"SI","TIPO_INF":"PROFUNDIDAD","PROF_TOT_m":188.06,"PROF_REG_m":null,"HGQ":"SI","F_INICIO":null,"F_FINAL":null,"NE_M":null,"ND_M":null,"ALTITUD_ms":null,"Q_LPS":null,"Ca":null,"Mg":null,"Na":null,"Cl":null,"SO4":null,"HCO3":null,"STD_ppm":null,"LONG_COL_m":68.86,"ADEME_pulg":16,"TEMP_°C":"N.A.","POT_H_s/u":"N.A.","CE_Us/cm":"N.A.","As_mg/L":"N.A.","URL":"https://sigagis.conagua.gob.mx/t_infbasica/INVENTARIO/10 DURANGO/PDF/10_0025.pdf"},"geometry":{"type":"Point","coordinates":[-103.634389,25.672531]}},
{"type":"Feature","properties":{"fid":109.0,"CVE_LGJO":"10_0025","CVE_POZO":"POZO 546 (A1993)","NOMB_POZO":"EJIDO LORENZO AVALOS","TIT_LGJO":"GEOHIDROLOGÍA DE LA LAGUNA, REALIZADA POR EL IMTA","CVE_EDO":"10","CVE_MPIO":"10007","AÑO":"1993","DESC":"POZO SELECCIONADO (III ETAPA ) EN LA INVESTIGACIÓN PARA CARACTERIZAR HIDROQUÍMICAMENTE DE LA ZONA \"LA LAGUNA\", DEGRADA POR CONCENTRACIONES ELEVADAS DE ARSÉNICO, MOSTRANDO UN DETERIORO EN SU CALIDAD FÍSICO-QUÍMICA.","LONG_G":103,"LONG_M":38,"LONG_S":3.8,"LAT_G":25,"LAT_M":40,"LAT_S":21.11,"LONGITUD":-103.63438888888889,"LATITUD":25.672530555555557,"DATUMG":null,"CVE_ACUIF":"0523","NOM_ACUIF":"PRINCIPAL-REGION LAGUNERA","CT_POZO":"NO","DISEÑO_PE":"NO","CORTE_LIT":"SI","REG_ELEC":"NO","INF_PERF":"NO","REG_AFORO":"NO","ANAL_AGUA":"SI","CROQUIS":"SI","TIPO_INF":"HIDROGEOQUÍMICO","PROF_TOT_m":188.06,"PROF_REG_m":null,"HGQ":"SI","F_INICIO":null,"F_FINAL":null,"NE_M":119.2,"ND_M":null,"ALTITUD_ms":null,"Q_LPS":null,"Ca":40.04,"Mg":12.396666666666667,"Na":158.83333333333334,"Cl":null,"SO4":null,"HCO3":null,"STD_ppm":null,"LONG_COL_m":68.86,"ADEME_pulg":16,"TEMP_°C":"28.4","POT_H_s/u":"7.55","CE_Us/cm":"647","As_mg/L":"3.0000000000000001E-3","URL":"https://sigagis.conagua.gob.mx/t_infbasica/INVENTARIO/10 DURANGO/PDF/10_0025.pdf"},"geometry":{"type":"Point","coordinates":[-103.634389,25.672531]}},
{"type":"Feature","properties":{"fid":110.0,"CVE_LGJO":"10_0025","CVE_POZO":"POZO 554","NOMB_POZO":null,"TIT_LGJO":"GEOHIDROLOGÍA DE LA LAGUNA, REALIZADA POR EL IMTA","CVE_EDO":"10","CVE_MPIO":"10013","AÑO":"1993","DESC":"POZO DE LA ZONA \"LA LAGUNA\".","LONG_G":103,"LONG_M":38,"LONG_S":25.04,"LAT_G":25,"LAT_M":54,"LAT_S":5.9,"LONGITUD":-103.64029,"LATITUD":25.90164,"DATUMG":null,"CVE_ACUIF":"0523","NOM_ACUIF":"PRINCIPAL-REGION LAGUNERA","CT_POZO":"NO","DISEÑO_PE":"NO","CORTE_LIT":"NO","REG_ELEC":"NO","INF_PERF":"NO","REG_AFORO":"NO","ANAL_AGUA":"NO","CROQUIS":"SI","TIPO_INF":"CROQUIS","PROF_TOT_m":null,"PROF_REG_m":null,"HGQ":"NO","F_INICIO":null,"F_FINAL":null,"NE_M":null,"ND_M":null,"ALTITUD_ms":null,"Q_LPS":null,"Ca":null,"Mg":null,"Na":null,"Cl":null,"SO4":null,"HCO3":null,"STD_ppm":null,"LONG_COL_m":null,"ADEME_pulg":null,"TEMP_°C":null,"POT_H_s/u":null,"CE_Us/cm":null,"As_mg/L":null,"URL":"https://sigagis.conagua.gob.mx/t_infbasica/INVENTARIO/10 DURANGO/PDF/10_0025.pdf"},"geometry":{"type":"Point","coordinates":[-103.64029,25.90164]}},
{"type":"Feature","properties":{"fid":111.0,"CVE_LGJO":"10_0025","CVE_POZO":"POZO 738 (A1990)","NOMB_POZO":"PREDIO BUEN ABRIGO","TIT_LGJO":"GEOHIDROLOGÍA DE LA LAGUNA (I Y II ETAPA), REALIZADA POR EL IMTA","CVE_EDO":"10","CVE_MPIO":"10007","AÑO":"1993","DESC":"POZO SELECCIONADO (I Y II ETAPA ) EN LA INVESTIGACIÓN PARA CARACTERIZAR HIDROQUÍMICAMENTE DE LA ZONA \"LA LAGUNA\", DEGRADA POR CONCENTRACIONES ELEVADAS DE ARSÉNICO, MOSTRANDO UN DETERIORO EN SU CALIDAD FÍSICO-QUÍMICA.","LONG_G":103,"LONG_M":15,"LONG_S":27.76,"LAT_G":25,"LAT_M":42,"LAT_S":13.28,"LONGITUD":-103.25771111111111,"LATITUD":25.703688888888887,"DATUMG":null,"CVE_ACUIF":"0523","NOM_ACUIF":"PRINCIPAL-REGION LAGUNERA","CT_POZO":"NO","DISEÑO_PE":"NO","CORTE_LIT":"SI","REG_ELEC":"NO","INF_PERF":"NO","REG_AFORO":"NO","ANAL_AGUA":"SI","CROQUIS":"SI","TIPO_INF":"PROFUNDIDAD","PROF_TOT_m":null,"PROF_REG_m":null,"HGQ":"SI","F_INICIO":null,"F_FINAL":null,"NE_M":null,"ND_M":null,"ALTITUD_ms":null,"Q_LPS":null,"Ca":null,"Mg":null,"Na":null,"Cl":null,"SO4":null,"HCO3":null,"STD_ppm":null,"LONG_COL_m":94.49,"ADEME_pulg":16,"TEMP_°C":"N.A.","POT_H_s/u":"N.A.","CE_Us/cm":"N.A.","As_mg/L":"N.A.","URL":"https://sigagis.conagua.gob.mx/t_infbasica/INVENTARIO/10 DURANGO/PDF/10_0025.pdf"},"geometry":{"type":"Point","coordinates":[-103.257711,25.703689]}},
{"type":"Feature","properties":{"fid":112.0,"CVE_LGJO":"10_0025","CVE_POZO":"POZO 738 (A1993)","NOMB_POZO":"PREDIO BUEN ABRIGO","TIT_LGJO":"GEOHIDROLOGÍA DE LA LAGUNA, REALIZADA POR EL IMTA","CVE_EDO":"10","CVE_MPIO":"10007","AÑO":"1993","DESC":"POZO SELECCIONADO (III ETAPA ) EN LA INVESTIGACIÓN PARA CARACTERIZAR HIDROQUÍMICAMENTE DE LA ZONA \"LA LAGUNA\", DEGRADA POR CONCENTRACIONES ELEVADAS DE ARSÉNICO, MOSTRANDO UN DETERIORO EN SU CALIDAD FÍSICO-QUÍMICA.","LONG_G":103,"LONG_M":15,"LONG_S":27.76,"LAT_G":25,"LAT_M":42,"LAT_S":13.28,"LONGITUD":-103.25771111111111,"LATITUD":25.703688888888887,"DATUMG":null,"CVE_ACUIF":"0523","NOM_ACUIF":"PRINCIPAL-REGION LAGUNERA","CT_POZO":"NO","DISEÑO_PE":"NO","CORTE_LIT":"SI","REG_ELEC":"NO","INF_PERF":"NO","REG_AFORO":"NO","ANAL_AGUA":"SI","CROQUIS":"SI","TIPO_INF":"HIDROGEOQUÍMICO","PROF_TOT_m":null,"PROF_REG_m":null,"HGQ":"SI","F_INICIO":null,"F_FINAL":null,"NE_M":48.16,"ND_M":null,"ALTITUD_ms":null,"Q_LPS":null,"Ca":282.875,"Mg":24.3,"Na":8.1275,"Cl":null,"SO4":null,"HCO3":null,"STD_ppm":null,"LONG_COL_m":94.49,"ADEME_pulg":16,"TEMP_°C":"27.9","POT_H_s/u":"6.78","CE_Us/cm":"2536","As_mg/L":"7.1999999999999998E-3","URL":"https://sigagis.conagua.gob.mx/t_infbasica/INVENTARIO/10 DURANGO/PDF/10_0025.pdf"},"geometry":{"type":"Point","coordinates":[-103.257711,25.703689]}},
{"type":"Feature","properties":{"fid":113.0,"CVE_LGJO":"10_0025","CVE_POZO":"POZO 756 (A1990)","NOMB_POZO":null,"TIT_LGJO":"GEOHIDROLOGÍA DE LA LAGUNA (I Y II ETAPA), REALIZADA POR EL IMTA","CVE_EDO":"05","CVE_MPIO":"05017","AÑO":"1993","DESC":"POZO SELECCIONADO (I Y II ETAPA ) EN LA INVESTIGACIÓN PARA CARACTERIZAR HIDROQUÍMICAMENTE DE LA ZONA \"LA LAGUNA\", DEGRADA POR CONCENTRACIONES ELEVADAS DE ARSÉNICO, MOSTRANDO UN DETERIORO EN SU CALIDAD FÍSICO-QUÍMICA.","LONG_G":103,"LONG_M":17,"LONG_S":23.28,"LAT_G":25,"LAT_M":39,"LAT_S":36.04,"LONGITUD":-103.2898,"LATITUD":25.66001,"DATUMG":null,"CVE_ACUIF":"0523","NOM_ACUIF":"PRINCIPAL-REGION LAGUNERA","CT_POZO":"NO","DISEÑO_PE":"NO","CORTE_LIT":"NO","REG_ELEC":"NO","INF_PERF":"NO","REG_AFORO":"NO","ANAL_AGUA":"SI","CROQUIS":"SI","TIPO_INF":"HIDROGEOQUÍMICO","PROF_TOT_m":null,"PROF_REG_m":null,"HGQ":"SI","F_INICIO":null,"F_FINAL":null,"NE_M":null,"ND_M":null,"ALTITUD_ms":null,"Q_LPS":null,"Ca":null,"Mg":null,"Na":null,"Cl":null,"SO4":null,"HCO3":null,"STD_ppm":null,"LONG_COL_m":null,"ADEME_pulg":null,"TEMP_°C":"25","POT_H_s/u":"6.7","CE_Us/cm":"2450","As_mg/L":"6.7999999999999996E-3","URL":"https://sigagis.conagua.gob.mx/t_infbasica/INVENTARIO/05 COAHUILA DE ZARAGOZA/PDF/10_0025.pdf"},"geometry":{"type":"Point","coordinates":[-103.2898,25.66001]}},
{"type":"Feature","properties":{"fid":114.0,"CVE_LGJO":"10_0025","CVE_POZO":"POZO 756 (A1993)","NOMB_POZO":null,"TIT_LGJO":"GEOHIDROLOGÍA DE LA LAGUNA, REALIZADA POR EL IMTA","CVE_EDO":"05","CVE_MPIO":"05017","AÑO":"1993","DESC":"POZO SELECCIONADO EN LA INVESTIGACIÓN PARA CARACTERIZAR HIDROQUÍMICAMENTE DE LA ZONA \"LA LAGUNA\", DEGRADA POR CONCENTRACIONES ELEVADAS DE ARSÉNICO, MOSTRANDO UN DETERIORO EN SU CALIDAD FÍSICO-QUÍMICA.","LONG_G":103,"LONG_M":17,"LONG_S":23.28,"LAT_G":25,"LAT_M":39,"LAT_S":36.04,"LONGITUD":-103.2898,"LATITUD":25.66001,"DATUMG":null,"CVE_ACUIF":"0523","NOM_ACUIF":"PRINCIPAL-REGION LAGUNERA","CT_POZO":"NO","DISEÑO_PE":"NO","CORTE_LIT":"NO","REG_ELEC":"NO","INF_PERF":"NO","REG_AFORO":"NO","ANAL_AGUA":"SI","CROQUIS":"SI","TIPO_INF":"HIDROGEOQUÍMICO","PROF_TOT_m":null,"PROF_REG_m":null,"HGQ":"SI","F_INICIO":null,"F_FINAL":null,"NE_M":null,"ND_M":null,"ALTITUD_ms":null,"Q_LPS":null,"Ca":null,"Mg":null,"Na":null,"Cl":null,"SO4":null,"HCO3":null,"STD_ppm":null,"LONG_COL_m":null,"ADEME_pulg":null,"TEMP_°C":"24.1","POT_H_s/u":"6.53","CE_Us/cm":"5210","As_mg/L":"2E-3","URL":"https://sigagis.conagua.gob.mx/t_infbasica/INVENTARIO/05 COAHUILA DE ZARAGOZA/PDF/10_0025.pdf"},"geometry":{"type":"Point","coordinates":[-103.2898,25.66001]}},
{"type":"Feature","properties":{"fid":115.0,"CVE_LGJO":"10_0025","CVE_POZO":"POZO 772 (A1990)","NOMB_POZO":null,"TIT_LGJO":"GEOHIDROLOGÍA DE LA LAGUNA (I Y II ETAPA), REALIZADA POR EL IMTA","CVE_EDO":"10","CVE_MPIO":"10007","AÑO":"1993","DESC":"POZO SELECCIONADO (I Y II ETAPA ) EN LA INVESTIGACIÓN PARA CARACTERIZAR HIDROQUÍMICAMENTE DE LA ZONA \"LA LAGUNA\", DEGRADA POR CONCENTRACIONES ELEVADAS DE ARSÉNICO, MOSTRANDO UN DETERIORO EN SU CALIDAD FÍSICO-QUÍMICA.","LONG_G":103,"LONG_M":18,"LONG_S":12.42,"LAT_G":25,"LAT_M":35,"LAT_S":45.28,"LONGITUD":-103.30345,"LATITUD":25.595911111111111,"DATUMG":null,"CVE_ACUIF":"0523","NOM_ACUIF":"PRINCIPAL-REGION LAGUNERA","CT_POZO":"NO","DISEÑO_PE":"NO","CORTE_LIT":"NO","REG_ELEC":"NO","INF_PERF":"NO","REG_AFORO":"NO","ANAL_AGUA":"SI","CROQUIS":"SI","TIPO_INF":"HIDROGEOQUÍMICO","PROF_TOT_m":null,"PROF_REG_m":null,"HGQ":"SI","F_INICIO":null,"F_FINAL":null,"NE_M":null,"ND_M":null,"ALTITUD_ms":null,"Q_LPS":null,"Ca":null,"Mg":null,"Na":null,"Cl":null,"SO4":null,"HCO3":null,"STD_ppm":null,"LONG_COL_m":null,"ADEME_pulg":null,"TEMP_°C":"N.A.","POT_H_s/u":"N.A.","CE_Us/cm":"N.A.","As_mg/L":"N.A.","URL":"https://sigagis.conagua.gob.mx/t_infbasica/INVENTARIO/10 DURANGO/PDF/10_0025.pdf"},"geometry":{"type":"Point","coordinates":[-103.30345,25.595911]}},
{"type":"Feature","properties":{"fid":116.0,"CVE_LGJO":"10_0025","CVE_POZO":"POZO 772 (A1993)","NOMB_POZO":null,"TIT_LGJO":"GEOHIDROLOGÍA DE LA LAGUNA, REALIZADA POR EL IMTA","CVE_EDO":"10","CVE_MPIO":"10007","AÑO":"1993","DESC":"POZO SELECCIONADO EN LA INVESTIGACIÓN PARA CARACTERIZAR HIDROQUÍMICAMENTE DE LA ZONA \"LA LAGUNA\", DEGRADA POR CONCENTRACIONES ELEVADAS DE ARSÉNICO, MOSTRANDO UN DETERIORO EN SU CALIDAD FÍSICO-QUÍMICA.","LONG_G":103,"LONG_M":18,"LONG_S":12.42,"LAT_G":25,"LAT_M":35,"LAT_S":45.28,"LONGITUD":-103.30345,"LATITUD":25.595911111111111,"DATUMG":null,"CVE_ACUIF":"0523","NOM_ACUIF":"PRINCIPAL-REGION LAGUNERA","CT_POZO":"NO","DISEÑO_PE":"NO","CORTE_LIT":"NO","REG_ELEC":"NO","INF_PERF":"NO","REG_AFORO":"NO","ANAL_AGUA":"SI","CROQUIS":"SI","TIPO_INF":"HIDROGEOQUÍMICO","PROF_TOT_m":null,"PROF_REG_m":null,"HGQ":"SI","F_INICIO":null,"F_FINAL":null,"NE_M":null,"ND_M":null,"ALTITUD_ms":null,"Q_LPS":null,"Ca":null,"Mg":null,"Na":null,"Cl":null,"SO4":null,"HCO3":null,"STD_ppm":null,"LONG_COL_m":null,"ADEME_pulg":null,"TEMP_°C":"30.1","POT_H_s/u":"6.78","CE_Us/cm":"279","As_mg/L":"7.6E-3","URL":"https://sigagis.conagua.gob.mx/t_infbasica/INVENTARIO/10 DURANGO/PDF/10_0025.pdf"},"geometry":{"type":"Point","coordinates":[-103.30345,25.595911]}},
{"type":"Feature","properties":{"fid":117.0,"CVE_LGJO":"10_0025","CVE_POZO":"POZO 774","NOMB_POZO":null,"TIT_LGJO":"GEOHIDROLOGÍA DE LA LAGUNA, REALIZADA POR EL IMTA","CVE_EDO":"05","CVE_MPIO":"05035","AÑO":"1993","DESC":"POZO DE LA ZONA \"LA LAGUNA\".","LONG_G":103,"LONG_M":18,"LONG_S":31.74,"LAT_G":25,"LAT_M":35,"LAT_S":40.58,"LONGITUD":-103.308817,"LATITUD":25.594605,"DATUMG":null,"CVE_ACUIF":"0523","NOM_ACUIF":"PRINCIPAL-REGION LAGUNERA","CT_POZO":"NO","DISEÑO_PE":"NO","CORTE_LIT":"NO","REG_ELEC":"NO","INF_PERF":"NO","REG_AFORO":"NO","ANAL_AGUA":"NO","CROQUIS":"SI","TIPO_INF":"CROQUIS","PROF_TOT_m":null,"PROF_REG_m":null,"HGQ":"NO","F_INICIO":null,"F_FINAL":null,"NE_M":null,"ND_M":null,"ALTITUD_ms":null,"Q_LPS":null,"Ca":null,"Mg":null,"Na":null,"Cl":null,"SO4":null,"HCO3":null,"STD_ppm":null,"LONG_COL_m":null,"ADEME_pulg":null,"TEMP_°C":null,"POT_H_s/u":null,"CE_Us/cm":null,"As_mg/L":null,"URL":"https://sigagis.conagua.gob.mx/t_infbasica/INVENTARIO/05 COAHUILA DE ZARAGOZA/PDF/10_0025.pdf"},"geometry":{"type":"Point","coordinates":[-103.308817,25.594605]}},
{"type":"Feature","properties":{"fid":118.0,"CVE_LGJO":"10_0025","CVE_POZO":"POZO 847","NOMB_POZO":null,"TIT_LGJO":"GEOHIDROLOGÍA DE LA LAGUNA, REALIZADA POR EL IMTA","CVE_EDO":"05","CVE_MPIO":"05017","AÑO":"1993","DESC":"POZO DE LA ZONA \"LA LAGUNA\".","LONG_G":103,"LONG_M":15,"LONG_S":5.76,"LAT_G":25,"LAT_M":41,"LAT_S":55.72,"LONGITUD":-103.2516,"LATITUD":25.69881,"DATUMG":null,"CVE_ACUIF":"0523","NOM_ACUIF":"PRINCIPAL-REGION LAGUNERA","CT_POZO":"NO","DISEÑO_PE":"NO","CORTE_LIT":"NO","REG_ELEC":"NO","INF_PERF":"NO","REG_AFORO":"NO","ANAL_AGUA":"NO","CROQUIS":"SI","TIPO_INF":"CROQUIS","PROF_TOT_m":null,"PROF_REG_m":null,"HGQ":"NO","F_INICIO":null,"F_FINAL":null,"NE_M":null,"ND_M":null,"ALTITUD_ms":null,"Q_LPS":null,"Ca":null,"Mg":null,"Na":null,"Cl":null,"SO4":null,"HCO3":null,"STD_ppm":null,"LONG_COL_m":null,"ADEME_pulg":null,"TEMP_°C":null,"POT_H_s/u":null,"CE_Us/cm":null,"As_mg/L":null,"URL":"https://sigagis.conagua.gob.mx/t_infbasica/INVENTARIO/05 COAHUILA DE ZARAGOZA/PDF/10_0025.pdf"},"geometry":{"type":"Point","coordinates":[-103.2516,25.69881]}},
{"type":"Feature","properties":{"fid":119.0,"CVE_LGJO":"10_0025","CVE_POZO":"POZO 901 (A1990)","NOMB_POZO":null,"TIT_LGJO":"GEOHIDROLOGÍA DE LA LAGUNA (I Y II ETAPA), REALIZADA POR EL IMTA","CVE_EDO":"05","CVE_MPIO":"05033","AÑO":"1993","DESC":"POZO SELECCIONADO (I Y II ETAPA ) EN LA INVESTIGACIÓN PARA CARACTERIZAR HIDROQUÍMICAMENTE DE LA ZONA \"LA LAGUNA\", DEGRADA POR CONCENTRACIONES ELEVADAS DE ARSÉNICO, MOSTRANDO UN DETERIORO EN SU CALIDAD FÍSICO-QUÍMICA.","LONG_G":103,"LONG_M":9,"LONG_S":46.62,"LAT_G":25,"LAT_M":44,"LAT_S":58.23,"LONGITUD":-103.162951,"LATITUD":25.749508,"DATUMG":null,"CVE_ACUIF":"0523","NOM_ACUIF":"PRINCIPAL-REGION LAGUNERA","CT_POZO":"NO","DISEÑO_PE":"NO","CORTE_LIT":"NO","REG_ELEC":"NO","INF_PERF":"NO","REG_AFORO":"NO","ANAL_AGUA":"SI","CROQUIS":"SI","TIPO_INF":"HIDROGEOQUÍMICO","PROF_TOT_m":null,"PROF_REG_m":null,"HGQ":"SI","F_INICIO":null,"F_FINAL":null,"NE_M":null,"ND_M":null,"ALTITUD_ms":null,"Q_LPS":null,"Ca":null,"Mg":null,"Na":null,"Cl":null,"SO4":null,"HCO3":null,"STD_ppm":null,"LONG_COL_m":null,"ADEME_pulg":null,"TEMP_°C":"24.6","POT_H_s/u":"6.3","CE_Us/cm":"3060","As_mg/L":"0.1123","URL":"https://sigagis.conagua.gob.mx/t_infbasica/INVENTARIO/05 COAHUILA DE ZARAGOZA/PDF/10_0025.pdf"},"geometry":{"type":"Point","coordinates":[-103.162951,25.749508]}},
{"type":"Feature","properties":{"fid":120.0,"CVE_LGJO":"10_0025","CVE_POZO":"POZO 901 (A1993)","NOMB_POZO":null,"TIT_LGJO":"GEOHIDROLOGÍA DE LA LAGUNA, REALIZADA POR EL IMTA","CVE_EDO":"05","CVE_MPIO":"05033","AÑO":"1993","DESC":"POZO SELECCIONADO EN LA INVESTIGACIÓN PARA CARACTERIZAR HIDROQUÍMICAMENTE DE LA ZONA \"LA LAGUNA\", DEGRADA POR CONCENTRACIONES ELEVADAS DE ARSÉNICO, MOSTRANDO UN DETERIORO EN SU CALIDAD FÍSICO-QUÍMICA.","LONG_G":103,"LONG_M":9,"LONG_S":46.62,"LAT_G":25,"LAT_M":44,"LAT_S":58.23,"LONGITUD":-103.162951,"LATITUD":25.749508,"DATUMG":null,"CVE_ACUIF":"0523","NOM_ACUIF":"PRINCIPAL-REGION LAGUNERA","CT_POZO":"NO","DISEÑO_PE":"NO","CORTE_LIT":"NO","REG_ELEC":"NO","INF_PERF":"NO","REG_AFORO":"NO","ANAL_AGUA":"SI","CROQUIS":"SI","TIPO_INF":"HIDROGEOQUÍMICO","PROF_TOT_m":null,"PROF_REG_m":null,"HGQ":"SI","F_INICIO":null,"F_FINAL":null,"NE_M":null,"ND_M":null,"ALTITUD_ms":null,"Q_LPS":null,"Ca":null,"Mg":null,"Na":null,"Cl":null,"SO4":null,"HCO3":null,"STD_ppm":null,"LONG_COL_m":null,"ADEME_pulg":null,"TEMP_°C":"23.2","POT_H_s/u":"7.48","CE_Us/cm":"1862","As_mg/L":"0.03","URL":"https://sigagis.conagua.gob.mx/t_infbasica/INVENTARIO/05 COAHUILA DE ZARAGOZA/PDF/10_0025.pdf"},"geometry":{"type":"Point","coordinates":[-103.162951,25.749508]}},
{"type":"Feature","properties":{"fid":121.0,"CVE_LGJO":"10_0025","CVE_POZO":"POZO 1000","NOMB_POZO":null,"TIT_LGJO":"GEOHIDROLOGÍA DE LA LAGUNA, REALIZADA POR EL IMTA","CVE_EDO":"05","CVE_MPIO":"05009","AÑO":"1993","DESC":"POZO SELECCIONADO EN LA INVESTIGACIÓN PARA CARACTERIZAR HIDROQUÍMICAMENTE DE LA ZONA \"LA LAGUNA\", DEGRADA POR CONCENTRACIONES ELEVADAS DE ARSÉNICO, MOSTRANDO UN DETERIORO EN SU CALIDAD FÍSICO-QUÍMICA.","LONG_G":103,"LONG_M":15,"LONG_S":33.01,"LAT_G":25,"LAT_M":51,"LAT_S":58.03,"LONGITUD":-103.25917,"LATITUD":25.86612,"DATUMG":null,"CVE_ACUIF":"0523","NOM_ACUIF":"PRINCIPAL-REGION LAGUNERA","CT_POZO":"NO","DISEÑO_PE":"NO","CORTE_LIT":"NO","REG_ELEC":"NO","INF_PERF":"NO","REG_AFORO":"NO","ANAL_AGUA":"NO","CROQUIS":"SI","TIPO_INF":"CROQUIS","PROF_TOT_m":null,"PROF_REG_m":null,"HGQ":"NO","F_INICIO":null,"F_FINAL":null,"NE_M":null,"ND_M":null,"ALTITUD_ms":null,"Q_LPS":null,"Ca":null,"Mg":null,"Na":null,"Cl":null,"SO4":null,"HCO3":null,"STD_ppm":null,"LONG_COL_m":null,"ADEME_pulg":null,"TEMP_°C":null,"POT_H_s/u":null,"CE_Us/cm":null,"As_mg/L":null,"URL":"https://sigagis.conagua.gob.mx/t_infbasica/INVENTARIO/05 COAHUILA DE ZARAGOZA/PDF/10_0025.pdf"},"geometry":{"type":"Point","coordinates":[-103.25917,25.86612]}},
{"type":"Feature","properties":{"fid":122.0,"CVE_LGJO":"10_0025","CVE_POZO":"POZO 1036 (A1993)","NOMB_POZO":null,"TIT_LGJO":"GEOHIDROLOGÍA DE LA LAGUNA, REALIZADA POR EL IMTA","CVE_EDO":"05","CVE_MPIO":"05033","AÑO":"1993","DESC":"POZO SELECCIONADO EN LA INVESTIGACIÓN PARA CARACTERIZAR HIDROQUÍMICAMENTE DE LA ZONA \"LA LAGUNA\", DEGRADA POR CONCENTRACIONES ELEVADAS DE ARSÉNICO, MOSTRANDO UN DETERIORO EN SU CALIDAD FÍSICO-QUÍMICA.","LONG_G":103,"LONG_M":7,"LONG_S":28.16,"LAT_G":25,"LAT_M":53,"LAT_S":31.42,"LONGITUD":-103.12449,"LATITUD":25.89206,"DATUMG":null,"CVE_ACUIF":"0523","NOM_ACUIF":"PRINCIPAL-REGION LAGUNERA","CT_POZO":"NO","DISEÑO_PE":"NO","CORTE_LIT":"NO","REG_ELEC":"NO","INF_PERF":"NO","REG_AFORO":"NO","ANAL_AGUA":"NO","CROQUIS":"SI","TIPO_INF":"PROFUNDIDAD","PROF_TOT_m":null,"PROF_REG_m":null,"HGQ":"SI","F_INICIO":null,"F_FINAL":null,"NE_M":60.66,"ND_M":null,"ALTITUD_ms":null,"Q_LPS":null,"Ca":null,"Mg":null,"Na":null,"Cl":null,"SO4":null,"HCO3":null,"STD_ppm":null,"LONG_COL_m":null,"ADEME_pulg":null,"TEMP_°C":null,"POT_H_s/u":null,"CE_Us/cm":null,"As_mg/L":null,"URL":"https://sigagis.conagua.gob.mx/t_infbasica/INVENTARIO/05 COAHUILA DE ZARAGOZA/PDF/10_0025.pdf"},"geometry":{"type":"Point","coordinates":[-103.12449,25.89206]}},
{"type":"Feature","properties":{"fid":123.0,"CVE_LGJO":"10_0025","CVE_POZO":"POZO 1040 (A1990)","NOMB_POZO":null,"TIT_LGJO":"GEOHIDROLOGÍA DE LA LAGUNA (I Y II ETAPA), REALIZADA POR EL IMTA","CVE_EDO":"05","CVE_MPIO":"05009","AÑO":"1993","DESC":"POZO SELECCIONADO (I Y II ETAPA ) EN LA INVESTIGACIÓN PARA CARACTERIZAR HIDROQUÍMICAMENTE DE LA ZONA \"LA LAGUNA\", DEGRADA POR CONCENTRACIONES ELEVADAS DE ARSÉNICO, MOSTRANDO UN DETERIORO EN SU CALIDAD FÍSICO-QUÍMICA.","LONG_G":103,"LONG_M":18,"LONG_S":48.13,"LAT_G":25,"LAT_M":49,"LAT_S":37.81,"LONGITUD":-103.31337,"LATITUD":25.82717,"DATUMG":null,"CVE_ACUIF":"0523","NOM_ACUIF":"PRINCIPAL-REGION LAGUNERA","CT_POZO":"NO","DISEÑO_PE":"NO","CORTE_LIT":"NO","REG_ELEC":"NO","INF_PERF":"NO","REG_AFORO":"NO","ANAL_AGUA":"SI","CROQUIS":"SI","TIPO_INF":"HIDROGEOQUÍMICO","PROF_TOT_m":null,"PROF_REG_m":null,"HGQ":"SI","F_INICIO":null,"F_FINAL":null,"NE_M":null,"ND_M":null,"ALTITUD_ms":null,"Q_LPS":null,"Ca":null,"Mg":null,"Na":null,"Cl":null,"SO4":null,"HCO3":null,"STD_ppm":null,"LONG_COL_m":null,"ADEME_pulg":null,"TEMP_°C":"28.6","POT_H_s/u":"6.9","CE_Us/cm":"661","As_mg/L":"1.55E-2","URL":"https://sigagis.conagua.gob.mx/t_infbasica/INVENTARIO/05 COAHUILA DE ZARAGOZA/PDF/10_0025.pdf"},"geometry":{"type":"Point","coordinates":[-103.31337,25.82717]}},
{"type":"Feature","properties":{"fid":124.0,"CVE_LGJO":"10_0025","CVE_POZO":"POZO 1040 (A1993)","NOMB_POZO":null,"TIT_LGJO":"GEOHIDROLOGÍA DE LA LAGUNA, REALIZADA POR EL IMTA","CVE_EDO":"05","CVE_MPIO":"05009","AÑO":"1993","DESC":"POZO SELECCIONADO EN LA INVESTIGACIÓN PARA CARACTERIZAR HIDROQUÍMICAMENTE DE LA ZONA \"LA LAGUNA\", DEGRADA POR CONCENTRACIONES ELEVADAS DE ARSÉNICO, MOSTRANDO UN DETERIORO EN SU CALIDAD FÍSICO-QUÍMICA.","LONG_G":103,"LONG_M":18,"LONG_S":48.13,"LAT_G":25,"LAT_M":49,"LAT_S":37.81,"LONGITUD":-103.31337,"LATITUD":25.82717,"DATUMG":null,"CVE_ACUIF":"0523","NOM_ACUIF":"PRINCIPAL-REGION LAGUNERA","CT_POZO":"NO","DISEÑO_PE":"NO","CORTE_LIT":"NO","REG_ELEC":"NO","INF_PERF":"NO","REG_AFORO":"NO","ANAL_AGUA":"SI","CROQUIS":"SI","TIPO_INF":"HIDROGEOQUÍMICO","PROF_TOT_m":null,"PROF_REG_m":null,"HGQ":"SI","F_INICIO":null,"F_FINAL":null,"NE_M":null,"ND_M":null,"ALTITUD_ms":null,"Q_LPS":null,"Ca":null,"Mg":null,"Na":null,"Cl":null,"SO4":null,"HCO3":null,"STD_ppm":null,"LONG_COL_m":null,"ADEME_pulg":null,"TEMP_°C":"29.4","POT_H_s/u":"7.45","CE_Us/cm":"585","As_mg/L":"4.3499999999999997E-2","URL":"https://sigagis.conagua.gob.mx/t_infbasica/INVENTARIO/05 COAHUILA DE ZARAGOZA/PDF/10_0025.pdf"},"geometry":{"type":"Point","coordinates":[-103.31337,25.82717]}},
{"type":"Feature","properties":{"fid":125.0,"CVE_LGJO":"10_0025","CVE_POZO":"POZO 1085 (A1990)","NOMB_POZO":"PREDIO GUADALUPE","TIT_LGJO":"GEOHIDROLOGÍA DE LA LAGUNA (I Y II ETAPA), REALIZADA POR EL IMTA","CVE_EDO":"10","CVE_MPIO":"10036","AÑO":"1993","DESC":"POZO SELECCIONADO (I Y II ETAPA ) EN LA INVESTIGACIÓN PARA CARACTERIZAR HIDROQUÍMICAMENTE DE LA ZONA \"LA LAGUNA\", DEGRADA POR CONCENTRACIONES ELEVADAS DE ARSÉNICO, MOSTRANDO UN DETERIORO EN SU CALIDAD FÍSICO-QUÍMICA.","LONG_G":103,"LONG_M":26,"LONG_S":31.82,"LAT_G":25,"LAT_M":56,"LAT_S":4.83,"LONGITUD":-103.44217222222223,"LATITUD":25.934675,"DATUMG":null,"CVE_ACUIF":"0523","NOM_ACUIF":"PRINCIPAL-REGION LAGUNERA","CT_POZO":"NO","DISEÑO_PE":"NO","CORTE_LIT":"SI","REG_ELEC":"NO","INF_PERF":"NO","REG_AFORO":"NO","ANAL_AGUA":"SI","CROQUIS":"SI","TIPO_INF":"PROFUNDIDAD","PROF_TOT_m":104.24,"PROF_REG_m":null,"HGQ":"SI","F_INICIO":null,"F_FINAL":null,"NE_M":null,"ND_M":null,"ALTITUD_ms":null,"Q_LPS":null,"Ca":null,"Mg":null,"Na":null,"Cl":null,"SO4":null,"HCO3":null,"STD_ppm":null,"LONG_COL_m":46.94,"ADEME_pulg":16,"TEMP_°C":"N.A.","POT_H_s/u":"N.A.","CE_Us/cm":"N.A.","As_mg/L":"N.A.","URL":"https://sigagis.conagua.gob.mx/t_infbasica/INVENTARIO/10 DURANGO/PDF/10_0025.pdf"},"geometry":{"type":"Point","coordinates":[-103.442172,25.934675]}},
{"type":"Feature","properties":{"fid":126.0,"CVE_LGJO":"10_0025","CVE_POZO":"POZO 1085 (A1993)","NOMB_POZO":"PREDIO GUADALUPE","TIT_LGJO":"GEOHIDROLOGÍA DE LA LAGUNA, REALIZADA POR EL IMTA","CVE_EDO":"10","CVE_MPIO":"10036","AÑO":"1993","DESC":"POZO SELECCIONADO (III ETAPA ) EN LA INVESTIGACIÓN PARA CARACTERIZAR HIDROQUÍMICAMENTE DE LA ZONA \"LA LAGUNA\", DEGRADA POR CONCENTRACIONES ELEVADAS DE ARSÉNICO, MOSTRANDO UN DETERIORO EN SU CALIDAD FÍSICO-QUÍMICA.","LONG_G":103,"LONG_M":26,"LONG_S":31.82,"LAT_G":25,"LAT_M":56,"LAT_S":4.83,"LONGITUD":-103.44217222222223,"LATITUD":25.934675,"DATUMG":null,"CVE_ACUIF":"0523","NOM_ACUIF":"PRINCIPAL-REGION LAGUNERA","CT_POZO":"NO","DISEÑO_PE":"NO","CORTE_LIT":"SI","REG_ELEC":"NO","INF_PERF":"NO","REG_AFORO":"NO","ANAL_AGUA":"SI","CROQUIS":"SI","TIPO_INF":"HIDROGEOQUÍMICO","PROF_TOT_m":104.24,"PROF_REG_m":null,"HGQ":"SI","F_INICIO":null,"F_FINAL":null,"NE_M":57.3,"ND_M":null,"ALTITUD_ms":null,"Q_LPS":null,"Ca":366.5,"Mg":62.98,"Na":860.5,"Cl":null,"SO4":null,"HCO3":null,"STD_ppm":null,"LONG_COL_m":46.94,"ADEME_pulg":16,"TEMP_°C":"26.7","POT_H_s/u":"7.36","CE_Us/cm":"4770","As_mg/L":"4.5400000000000003E-2","URL":"https://sigagis.conagua.gob.mx/t_infbasica/INVENTARIO/10 DURANGO/PDF/10_0025.pdf"},"geometry":{"type":"Point","coordinates":[-103.442172,25.934675]}},
{"type":"Feature","properties":{"fid":127.0,"CVE_LGJO":"10_0025","CVE_POZO":"POZO 1125","NOMB_POZO":null,"TIT_LGJO":"GEOHIDROLOGÍA DE LA LAGUNA, REALIZADA POR EL IMTA","CVE_EDO":"05","CVE_MPIO":"05017","AÑO":"1993","DESC":"POZO DE LA ZONA \"LA LAGUNA\".","LONG_G":103,"LONG_M":7,"LONG_S":58.22,"LAT_G":25,"LAT_M":30,"LAT_S":44.17,"LONGITUD":-103.13284,"LATITUD":25.51227,"DATUMG":null,"CVE_ACUIF":"0523","NOM_ACUIF":"PRINCIPAL-REGION LAGUNERA","CT_POZO":"NO","DISEÑO_PE":"NO","CORTE_LIT":"NO","REG_ELEC":"NO","INF_PERF":"NO","REG_AFORO":"NO","ANAL_AGUA":"NO","CROQUIS":"SI","TIPO_INF":"CROQUIS","PROF_TOT_m":null,"PROF_REG_m":null,"HGQ":"NO","F_INICIO":null,"F_FINAL":null,"NE_M":null,"ND_M":null,"ALTITUD_ms":null,"Q_LPS":null,"Ca":null,"Mg":null,"Na":null,"Cl":null,"SO4":null,"HCO3":null,"STD_ppm":null,"LONG_COL_m":null,"ADEME_pulg":null,"TEMP_°C":null,"POT_H_s/u":null,"CE_Us/cm":null,"As_mg/L":null,"URL":"https://sigagis.conagua.gob.mx/t_infbasica/INVENTARIO/05 COAHUILA DE ZARAGOZA/PDF/10_0025.pdf"},"geometry":{"type":"Point","coordinates":[-103.13284,25.51227]}},
{"type":"Feature","properties":{"fid":128.0,"CVE_LGJO":"10_0025","CVE_POZO":"POZO 1198 (A1993)","NOMB_POZO":null,"TIT_LGJO":"GEOHIDROLOGÍA DE LA LAGUNA, REALIZADA POR EL IMTA","CVE_EDO":"05","CVE_MPIO":"05017","AÑO":"1993","DESC":"POZO SELECCIONADO EN LA INVESTIGACIÓN PARA CARACTERIZAR HIDROQUÍMICAMENTE DE LA ZONA \"LA LAGUNA\", DEGRADA POR CONCENTRACIONES ELEVADAS DE ARSÉNICO, MOSTRANDO UN DETERIORO EN SU CALIDAD FÍSICO-QUÍMICA.","LONG_G":103,"LONG_M":9,"LONG_S":50.47,"LAT_G":25,"LAT_M":26,"LAT_S":15.86,"LONGITUD":-103.16402,"LATITUD":25.43774,"DATUMG":null,"CVE_ACUIF":"0523","NOM_ACUIF":"PRINCIPAL-REGION LAGUNERA","CT_POZO":"NO","DISEÑO_PE":"NO","CORTE_LIT":"NO","REG_ELEC":"NO","INF_PERF":"NO","REG_AFORO":"NO","ANAL_AGUA":"NO","CROQUIS":"SI","TIPO_INF":"PROFUNDIDAD","PROF_TOT_m":null,"PROF_REG_m":null,"HGQ":"SI","F_INICIO":null,"F_FINAL":null,"NE_M":119.18,"ND_M":null,"ALTITUD_ms":null,"Q_LPS":null,"Ca":null,"Mg":null,"Na":null,"Cl":null,"SO4":null,"HCO3":null,"STD_ppm":null,"LONG_COL_m":null,"ADEME_pulg":null,"TEMP_°C":null,"POT_H_s/u":null,"CE_Us/cm":null,"As_mg/L":null,"URL":"https://sigagis.conagua.gob.mx/t_infbasica/INVENTARIO/05 COAHUILA DE ZARAGOZA/PDF/10_0025.pdf"},"geometry":{"type":"Point","coordinates":[-103.16402,25.43774]}},
{"type":"Feature","properties":{"fid":129.0,"CVE_LGJO":"10_0025","CVE_POZO":"POZO 1219 (A1990)","NOMB_POZO":null,"TIT_LGJO":"GEOHIDROLOGÍA DE LA LAGUNA (I Y II ETAPA), REALIZADA POR EL IMTA","CVE_EDO":"05","CVE_MPIO":"05017","AÑO":"1993","DESC":"POZO SELECCIONADO (I Y II ETAPA ) EN LA INVESTIGACIÓN PARA CARACTERIZAR HIDROQUÍMICAMENTE DE LA ZONA \"LA LAGUNA\", DEGRADA POR CONCENTRACIONES ELEVADAS DE ARSÉNICO, MOSTRANDO UN DETERIORO EN SU CALIDAD FÍSICO-QUÍMICA.","LONG_G":103,"LONG_M":7,"LONG_S":43.72,"LAT_G":25,"LAT_M":25,"LAT_S":46.2,"LONGITUD":-103.12881,"LATITUD":25.4295,"DATUMG":null,"CVE_ACUIF":"0523","NOM_ACUIF":"PRINCIPAL-REGION LAGUNERA","CT_POZO":"NO","DISEÑO_PE":"NO","CORTE_LIT":"NO","REG_ELEC":"NO","INF_PERF":"NO","REG_AFORO":"NO","ANAL_AGUA":"SI","CROQUIS":"SI","TIPO_INF":"HIDROGEOQUÍMICO","PROF_TOT_m":null,"PROF_REG_m":null,"HGQ":"SI","F_INICIO":null,"F_FINAL":null,"NE_M":null,"ND_M":null,"ALTITUD_ms":null,"Q_LPS":null,"Ca":null,"Mg":null,"Na":null,"Cl":null,"SO4":null,"HCO3":null,"STD_ppm":null,"LONG_COL_m":null,"ADEME_pulg":null,"TEMP_°C":"27","POT_H_s/u":"7.77","CE_Us/cm":"947","As_mg/L":"2.3400000000000001E-2","URL":"https://sigagis.conagua.gob.mx/t_infbasica/INVENTARIO/05 COAHUILA DE ZARAGOZA/PDF/10_0025.pdf"},"geometry":{"type":"Point","coordinates":[-103.12881,25.4295]}},
{"type":"Feature","properties":{"fid":130.0,"CVE_LGJO":"10_0025","CVE_POZO":"POZO 1219 (A1993)","NOMB_POZO":null,"TIT_LGJO":"GEOHIDROLOGÍA DE LA LAGUNA, REALIZADA POR EL IMTA","CVE_EDO":"05","CVE_MPIO":"05017","AÑO":"1993","DESC":"POZO SELECCIONADO EN LA INVESTIGACIÓN PARA CARACTERIZAR HIDROQUÍMICAMENTE DE LA ZONA \"LA LAGUNA\", DEGRADA POR CONCENTRACIONES ELEVADAS DE ARSÉNICO, MOSTRANDO UN DETERIORO EN SU CALIDAD FÍSICO-QUÍMICA.","LONG_G":103,"LONG_M":7,"LONG_S":43.72,"LAT_G":25,"LAT_M":25,"LAT_S":46.2,"LONGITUD":-103.12881,"LATITUD":25.4295,"DATUMG":null,"CVE_ACUIF":"0523","NOM_ACUIF":"PRINCIPAL-REGION LAGUNERA","CT_POZO":"NO","DISEÑO_PE":"NO","CORTE_LIT":"NO","REG_ELEC":"NO","INF_PERF":"NO","REG_AFORO":"NO","ANAL_AGUA":"SI","CROQUIS":"SI","TIPO_INF":"HIDROGEOQUÍMICO","PROF_TOT_m":null,"PROF_REG_m":null,"HGQ":"SI","F_INICIO":null,"F_FINAL":null,"NE_M":null,"ND_M":null,"ALTITUD_ms":null,"Q_LPS":null,"Ca":null,"Mg":null,"Na":null,"Cl":null,"SO4":null,"HCO3":null,"STD_ppm":null,"LONG_COL_m":null,"ADEME_pulg":null,"TEMP_°C":"27.1","POT_H_s/u":"7.39","CE_Us/cm":"843","As_mg/L":"1.4999999999999999E-2","URL":"https://sigagis.conagua.gob.mx/t_infbasica/INVENTARIO/05 COAHUILA DE ZARAGOZA/PDF/10_0025.pdf"},"geometry":{"type":"Point","coordinates":[-103.12881,25.4295]}},
{"type":"Feature","properties":{"fid":131.0,"CVE_LGJO":"10_0025","CVE_POZO":"POZO 1228 (A1990)","NOMB_POZO":null,"TIT_LGJO":"GEOHIDROLOGÍA DE LA LAGUNA (I Y II ETAPA), REALIZADA POR EL IMTA","CVE_EDO":"10","CVE_MPIO":"10012","AÑO":"1993","DESC":"POZO SELECCIONADO (I Y II ETAPA ) EN LA INVESTIGACIÓN PARA CARACTERIZAR HIDROQUÍMICAMENTE DE LA ZONA \"LA LAGUNA\", DEGRADA POR CONCENTRACIONES ELEVADAS DE ARSÉNICO, MOSTRANDO UN DETERIORO EN SU CALIDAD FÍSICO-QUÍMICA.","LONG_G":103,"LONG_M":20,"LONG_S":47.44,"LAT_G":25,"LAT_M":22,"LAT_S":50.2,"LONGITUD":-103.34651,"LATITUD":25.38061,"DATUMG":null,"CVE_ACUIF":"0523","NOM_ACUIF":"PRINCIPAL-REGION LAGUNERA","CT_POZO":"NO","DISEÑO_PE":"NO","CORTE_LIT":"NO","REG_ELEC":"NO","INF_PERF":"NO","REG_AFORO":"NO","ANAL_AGUA":"SI","CROQUIS":"SI","TIPO_INF":"HIDROGEOQUÍMICO","PROF_TOT_m":null,"PROF_REG_m":null,"HGQ":"SI","F_INICIO":null,"F_FINAL":null,"NE_M":null,"ND_M":null,"ALTITUD_ms":null,"Q_LPS":null,"Ca":null,"Mg":null,"Na":null,"Cl":null,"SO4":null,"HCO3":null,"STD_ppm":null,"LONG_COL_m":null,"ADEME_pulg":null,"TEMP_°C":"25.7","POT_H_s/u":"6.9","CE_Us/cm":"1412","As_mg/L":"1.7899999999999999E-2","URL":"https://sigagis.conagua.gob.mx/t_infbasica/INVENTARIO/10 DURANGO/PDF/10_0025.pdf"},"geometry":{"type":"Point","coordinates":[-103.34651,25.38061]}},
{"type":"Feature","properties":{"fid":132.0,"CVE_LGJO":"10_0025","CVE_POZO":"POZO 1228 (A1993)","NOMB_POZO":null,"TIT_LGJO":"GEOHIDROLOGÍA DE LA LAGUNA, REALIZADA POR EL IMTA","CVE_EDO":"10","CVE_MPIO":"10012","AÑO":"1993","DESC":"POZO SELECCIONADO EN LA INVESTIGACIÓN PARA CARACTERIZAR HIDROQUÍMICAMENTE DE LA ZONA \"LA LAGUNA\", DEGRADA POR CONCENTRACIONES ELEVADAS DE ARSÉNICO, MOSTRANDO UN DETERIORO EN SU CALIDAD FÍSICO-QUÍMICA.","LONG_G":103,"LONG_M":20,"LONG_S":47.44,"LAT_G":25,"LAT_M":22,"LAT_S":50.2,"LONGITUD":-103.34651,"LATITUD":25.38061,"DATUMG":null,"CVE_ACUIF":"0523","NOM_ACUIF":"PRINCIPAL-REGION LAGUNERA","CT_POZO":"NO","DISEÑO_PE":"NO","CORTE_LIT":"NO","REG_ELEC":"NO","INF_PERF":"NO","REG_AFORO":"NO","ANAL_AGUA":"SI","CROQUIS":"SI","TIPO_INF":"HIDROGEOQUÍMICO","PROF_TOT_m":null,"PROF_REG_m":null,"HGQ":"SI","F_INICIO":null,"F_FINAL":null,"NE_M":null,"ND_M":null,"ALTITUD_ms":null,"Q_LPS":null,"Ca":null,"Mg":null,"Na":null,"Cl":null,"SO4":null,"HCO3":null,"STD_ppm":null,"LONG_COL_m":null,"ADEME_pulg":null,"TEMP_°C":"26","POT_H_s/u":"7.45","CE_Us/cm":"1196","As_mg/L":"9.7000000000000003E-3","URL":"https://sigagis.conagua.gob.mx/t_infbasica/INVENTARIO/10 DURANGO/PDF/10_0025.pdf"},"geometry":{"type":"Point","coordinates":[-103.34651,25.38061]}},
{"type":"Feature","properties":{"fid":133.0,"CVE_LGJO":"10_0025","CVE_POZO":"POZO 1308 (A1993)","NOMB_POZO":null,"TIT_LGJO":"GEOHIDROLOGÍA DE LA LAGUNA, REALIZADA POR EL IMTA","CVE_EDO":"10","CVE_MPIO":"10007","AÑO":"1993","DESC":"POZO SELECCIONADO EN LA INVESTIGACIÓN PARA CARACTERIZAR HIDROQUÍMICAMENTE DE LA ZONA \"LA LAGUNA\", DEGRADA POR CONCENTRACIONES ELEVADAS DE ARSÉNICO, MOSTRANDO UN DETERIORO EN SU CALIDAD FÍSICO-QUÍMICA.","LONG_G":103,"LONG_M":34,"LONG_S":44.4,"LAT_G":25,"LAT_M":47,"LAT_S":49.34,"LONGITUD":-103.579,"LATITUD":25.79704,"DATUMG":null,"CVE_ACUIF":"0523","NOM_ACUIF":"PRINCIPAL-REGION LAGUNERA","CT_POZO":"NO","DISEÑO_PE":"NO","CORTE_LIT":"NO","REG_ELEC":"NO","INF_PERF":"NO","REG_AFORO":"NO","ANAL_AGUA":"NO","CROQUIS":"SI","TIPO_INF":"PROFUNDIDAD","PROF_TOT_m":null,"PROF_REG_m":null,"HGQ":"SI","F_INICIO":null,"F_FINAL":null,"NE_M":57.3,"ND_M":null,"ALTITUD_ms":null,"Q_LPS":null,"Ca":null,"Mg":null,"Na":null,"Cl":null,"SO4":null,"HCO3":null,"STD_ppm":null,"LONG_COL_m":null,"ADEME_pulg":null,"TEMP_°C":null,"POT_H_s/u":null,"CE_Us/cm":null,"As_mg/L":null,"URL":"https://sigagis.conagua.gob.mx/t_infbasica/INVENTARIO/10 DURANGO/PDF/10_0025.pdf"},"geometry":{"type":"Point","coordinates":[-103.579,25.79704]}},
{"type":"Feature","properties":{"fid":134.0,"CVE_LGJO":"10_0025","CVE_POZO":"POZO 1309 (A1990)","NOMB_POZO":null,"TIT_LGJO":"GEOHIDROLOGÍA DE LA LAGUNA (I Y II ETAPA), REALIZADA POR EL IMTA","CVE_EDO":"10","CVE_MPIO":"10007","AÑO":"1993","DESC":"POZO SELECCIONADO (I Y II ETAPA ) EN LA INVESTIGACIÓN PARA CARACTERIZAR HIDROQUÍMICAMENTE DE LA ZONA \"LA LAGUNA\", DEGRADA POR CONCENTRACIONES ELEVADAS DE ARSÉNICO, MOSTRANDO UN DETERIORO EN SU CALIDAD FÍSICO-QUÍMICA.","LONG_G":103,"LONG_M":34,"LONG_S":46.09,"LAT_G":25,"LAT_M":48,"LAT_S":10.52,"LONGITUD":-103.57946944444444,"LATITUD":25.802922222222222,"DATUMG":null,"CVE_ACUIF":"0523","NOM_ACUIF":"PRINCIPAL-REGION LAGUNERA","CT_POZO":"NO","DISEÑO_PE":"NO","CORTE_LIT":"NO","REG_ELEC":"NO","INF_PERF":"NO","REG_AFORO":"NO","ANAL_AGUA":"SI","CROQUIS":"SI","TIPO_INF":"PROFUNDIDAD","PROF_TOT_m":null,"PROF_REG_m":null,"HGQ":"SI","F_INICIO":null,"F_FINAL":null,"NE_M":null,"ND_M":null,"ALTITUD_ms":null,"Q_LPS":null,"Ca":null,"Mg":null,"Na":null,"Cl":null,"SO4":null,"HCO3":null,"STD_ppm":null,"LONG_COL_m":null,"ADEME_pulg":null,"TEMP_°C":"N.A.","POT_H_s/u":"N.A,","CE_Us/cm":"N.A.","As_mg/L":"N.A.","URL":"https://sigagis.conagua.gob.mx/t_infbasica/INVENTARIO/10 DURANGO/PDF/10_0025.pdf"},"geometry":{"type":"Point","coordinates":[-103.579469,25.802922]}},
{"type":"Feature","properties":{"fid":135.0,"CVE_LGJO":"10_0025","CVE_POZO":"POZO 1309 (A1993)","NOMB_POZO":null,"TIT_LGJO":"GEOHIDROLOGÍA DE LA LAGUNA, REALIZADA POR EL IMTA","CVE_EDO":"10","CVE_MPIO":"10007","AÑO":"1993","DESC":"POZO SELECCIONADO EN LA INVESTIGACIÓN PARA CARACTERIZAR HIDROQUÍMICAMENTE DE LA ZONA \"LA LAGUNA\", DEGRADA POR CONCENTRACIONES ELEVADAS DE ARSÉNICO, MOSTRANDO UN DETERIORO EN SU CALIDAD FÍSICO-QUÍMICA.","LONG_G":103,"LONG_M":34,"LONG_S":46.09,"LAT_G":25,"LAT_M":48,"LAT_S":10.52,"LONGITUD":-103.57946944444444,"LATITUD":25.802922222222222,"DATUMG":null,"CVE_ACUIF":"0523","NOM_ACUIF":"PRINCIPAL-REGION LAGUNERA","CT_POZO":"NO","DISEÑO_PE":"NO","CORTE_LIT":"NO","REG_ELEC":"NO","INF_PERF":"NO","REG_AFORO":"NO","ANAL_AGUA":"SI","CROQUIS":"SI","TIPO_INF":"HIDROGEOQUÍMICO","PROF_TOT_m":null,"PROF_REG_m":null,"HGQ":"SI","F_INICIO":null,"F_FINAL":null,"NE_M":null,"ND_M":null,"ALTITUD_ms":null,"Q_LPS":null,"Ca":496.5,"Mg":100.9,"Na":514.0,"Cl":null,"SO4":null,"HCO3":null,"STD_ppm":null,"LONG_COL_m":null,"ADEME_pulg":null,"TEMP_°C":"25.4","POT_H_s/u":"6.95","CE_Us/cm":"4285","As_mg/L":"1.0500000000000001E-2","URL":"https://sigagis.conagua.gob.mx/t_infbasica/INVENTARIO/10 DURANGO/PDF/10_0025.pdf"},"geometry":{"type":"Point","coordinates":[-103.579469,25.802922]}},
{"type":"Feature","properties":{"fid":136.0,"CVE_LGJO":"10_0025","CVE_POZO":"POZO 1349 (A1990)","NOMB_POZO":"PREDIO LAS FILIPINAS","TIT_LGJO":"GEOHIDROLOGÍA DE LA LAGUNA (I Y II ETAPA), REALIZADA POR EL IMTA","CVE_EDO":"05","CVE_MPIO":"05017","AÑO":"1993","DESC":"POZO SELECCIONADO (I Y II ETAPA ) EN LA INVESTIGACIÓN PARA CARACTERIZAR HIDROQUÍMICAMENTE DE LA ZONA \"LA LAGUNA\", DEGRADA POR CONCENTRACIONES ELEVADAS DE ARSÉNICO, MOSTRANDO UN DETERIORO EN SU CALIDAD FÍSICO-QUÍMICA.","LONG_G":103,"LONG_M":12,"LONG_S":51.08,"LAT_G":25,"LAT_M":26,"LAT_S":30.01,"LONGITUD":-103.2141888888889,"LATITUD":25.441669444444443,"DATUMG":null,"CVE_ACUIF":"0523","NOM_ACUIF":"PRINCIPAL-REGION LAGUNERA","CT_POZO":"NO","DISEÑO_PE":"NO","CORTE_LIT":"SI","REG_ELEC":"NO","INF_PERF":"NO","REG_AFORO":"NO","ANAL_AGUA":"SI","CROQUIS":"SI","TIPO_INF":"HIDROGEOQUÍMICO","PROF_TOT_m":145.39,"PROF_REG_m":null,"HGQ":"SI","F_INICIO":null,"F_FINAL":null,"NE_M":null,"ND_M":null,"ALTITUD_ms":null,"Q_LPS":null,"Ca":null,"Mg":null,"Na":null,"Cl":null,"SO4":null,"HCO3":null,"STD_ppm":null,"LONG_COL_m":59.74,"ADEME_pulg":16,"TEMP_°C":"26","POT_H_s/u":"6.7","CE_Us/cm":"2900","As_mg/L":"9.9000000000000008E-3","URL":"https://sigagis.conagua.gob.mx/t_infbasica/INVENTARIO/05 COAHUILA DE ZARAGOZA/PDF/10_0025.pdf"},"geometry":{"type":"Point","coordinates":[-103.214189,25.441669]}},
{"type":"Feature","properties":{"fid":137.0,"CVE_LGJO":"10_0025","CVE_POZO":"POZO 1349 (A1993)","NOMB_POZO":"PREDIO LAS FILIPINAS","TIT_LGJO":"GEOHIDROLOGÍA DE LA LAGUNA, REALIZADA POR EL IMTA","CVE_EDO":"05","CVE_MPIO":"05017","AÑO":"1993","DESC":"POZO SELECCIONADO (III ETAPA ) EN LA INVESTIGACIÓN PARA CARACTERIZAR HIDROQUÍMICAMENTE DE LA ZONA \"LA LAGUNA\", DEGRADA POR CONCENTRACIONES ELEVADAS DE ARSÉNICO, MOSTRANDO UN DETERIORO EN SU CALIDAD FÍSICO-QUÍMICA.","LONG_G":103,"LONG_M":12,"LONG_S":51.08,"LAT_G":25,"LAT_M":26,"LAT_S":30.01,"LONGITUD":-103.2141888888889,"LATITUD":25.441669444444443,"DATUMG":null,"CVE_ACUIF":"0523","NOM_ACUIF":"PRINCIPAL-REGION LAGUNERA","CT_POZO":"NO","DISEÑO_PE":"NO","CORTE_LIT":"SI","REG_ELEC":"NO","INF_PERF":"NO","REG_AFORO":"NO","ANAL_AGUA":"SI","CROQUIS":"SI","TIPO_INF":"HIDROGEOQUÍMICO","PROF_TOT_m":145.39,"PROF_REG_m":null,"HGQ":"SI","F_INICIO":null,"F_FINAL":null,"NE_M":85.65,"ND_M":null,"ALTITUD_ms":null,"Q_LPS":null,"Ca":202.6,"Mg":71.716666666666654,"Na":471.0,"Cl":null,"SO4":null,"HCO3":null,"STD_ppm":null,"LONG_COL_m":59.74,"ADEME_pulg":16,"TEMP_°C":"27","POT_H_s/u":"7.22","CE_Us/cm":"2523","As_mg/L":"4.1999999999999997E-3","URL":"https://sigagis.conagua.gob.mx/t_infbasica/INVENTARIO/05 COAHUILA DE ZARAGOZA/PDF/10_0025.pdf"},"geometry":{"type":"Point","coordinates":[-103.214189,25.441669]}},
{"type":"Feature","properties":{"fid":138.0,"CVE_LGJO":"10_0025","CVE_POZO":"POZO 1387","NOMB_POZO":null,"TIT_LGJO":"GEOHIDROLOGÍA DE LA LAGUNA, REALIZADA POR EL IMTA","CVE_EDO":"05","CVE_MPIO":"05033","AÑO":"1993","DESC":"POZO DE LA ZONA \"LA LAGUNA\".","LONG_G":103,"LONG_M":6,"LONG_S":56.95,"LAT_G":25,"LAT_M":55,"LAT_S":5.45,"LONGITUD":-103.11582,"LATITUD":25.91818,"DATUMG":null,"CVE_ACUIF":"0523","NOM_ACUIF":"PRINCIPAL-REGION LAGUNERA","CT_POZO":"NO","DISEÑO_PE":"NO","CORTE_LIT":"NO","REG_ELEC":"NO","INF_PERF":"NO","REG_AFORO":"NO","ANAL_AGUA":"NO","CROQUIS":"SI","TIPO_INF":"CROQUIS","PROF_TOT_m":null,"PROF_REG_m":null,"HGQ":"NO","F_INICIO":null,"F_FINAL":null,"NE_M":null,"ND_M":null,"ALTITUD_ms":null,"Q_LPS":null,"Ca":null,"Mg":null,"Na":null,"Cl":null,"SO4":null,"HCO3":null,"STD_ppm":null,"LONG_COL_m":null,"ADEME_pulg":null,"TEMP_°C":null,"POT_H_s/u":null,"CE_Us/cm":null,"As_mg/L":null,"URL":"https://sigagis.conagua.gob.mx/t_infbasica/INVENTARIO/05 COAHUILA DE ZARAGOZA/PDF/10_0025.pdf"},"geometry":{"type":"Point","coordinates":[-103.11582,25.91818]}},
{"type":"Feature","properties":{"fid":139.0,"CVE_LGJO":"10_0025","CVE_POZO":"POZO 1400","NOMB_POZO":null,"TIT_LGJO":"GEOHIDROLOGÍA DE LA LAGUNA, REALIZADA POR EL IMTA","CVE_EDO":"05","CVE_MPIO":"05017","AÑO":"1993","DESC":"POZO DE LA ZONA \"LA LAGUNA\".","LONG_G":103,"LONG_M":18,"LONG_S":53.6,"LAT_G":25,"LAT_M":29,"LAT_S":6.94,"LONGITUD":-103.31489,"LATITUD":25.48526,"DATUMG":null,"CVE_ACUIF":"0523","NOM_ACUIF":"PRINCIPAL-REGION LAGUNERA","CT_POZO":"NO","DISEÑO_PE":"NO","CORTE_LIT":"NO","REG_ELEC":"NO","INF_PERF":"NO","REG_AFORO":"NO","ANAL_AGUA":"NO","CROQUIS":"SI","TIPO_INF":"CROQUIS","PROF_TOT_m":null,"PROF_REG_m":null,"HGQ":"NO","F_INICIO":null,"F_FINAL":null,"NE_M":null,"ND_M":null,"ALTITUD_ms":null,"Q_LPS":null,"Ca":null,"Mg":null,"Na":null,"Cl":null,"SO4":null,"HCO3":null,"STD_ppm":null,"LONG_COL_m":null,"ADEME_pulg":null,"TEMP_°C":null,"POT_H_s/u":null,"CE_Us/cm":null,"As_mg/L":null,"URL":"https://sigagis.conagua.gob.mx/t_infbasica/INVENTARIO/05 COAHUILA DE ZARAGOZA/PDF/10_0025.pdf"},"geometry":{"type":"Point","coordinates":[-103.31489,25.48526]}},
{"type":"Feature","properties":{"fid":140.0,"CVE_LGJO":"10_0025","CVE_POZO":"POZO 1489","NOMB_POZO":null,"TIT_LGJO":"GEOHIDROLOGÍA DE LA LAGUNA, REALIZADA POR EL IMTA","CVE_EDO":"05","CVE_MPIO":"05033","AÑO":"1993","DESC":"POZO DE LA ZONA \"LA LAGUNA\".","LONG_G":103,"LONG_M":3,"LONG_S":26.53,"LAT_G":25,"LAT_M":41,"LAT_S":25.15,"LONGITUD":-103.05737,"LATITUD":25.69032,"DATUMG":null,"CVE_ACUIF":"0523","NOM_ACUIF":"PRINCIPAL-REGION LAGUNERA","CT_POZO":"NO","DISEÑO_PE":"NO","CORTE_LIT":"NO","REG_ELEC":"NO","INF_PERF":"NO","REG_AFORO":"NO","ANAL_AGUA":"NO","CROQUIS":"SI","TIPO_INF":"CROQUIS","PROF_TOT_m":null,"PROF_REG_m":null,"HGQ":"NO","F_INICIO":null,"F_FINAL":null,"NE_M":null,"ND_M":null,"ALTITUD_ms":null,"Q_LPS":null,"Ca":null,"Mg":null,"Na":null,"Cl":null,"SO4":null,"HCO3":null,"STD_ppm":null,"LONG_COL_m":null,"ADEME_pulg":null,"TEMP_°C":null,"POT_H_s/u":null,"CE_Us/cm":null,"As_mg/L":null,"URL":"https://sigagis.conagua.gob.mx/t_infbasica/INVENTARIO/05 COAHUILA DE ZARAGOZA/PDF/10_0025.pdf"},"geometry":{"type":"Point","coordinates":[-103.05737,25.69032]}},
{"type":"Feature","properties":{"fid":141.0,"CVE_LGJO":"10_0025","CVE_POZO":"POZO 1515","NOMB_POZO":null,"TIT_LGJO":"GEOHIDROLOGÍA DE LA LAGUNA, REALIZADA POR EL IMTA","CVE_EDO":"05","CVE_MPIO":"05033","AÑO":"1993","DESC":"POZO DE LA ZONA \"LA LAGUNA\".","LONG_G":103,"LONG_M":7,"LONG_S":17.08,"LAT_G":25,"LAT_M":49,"LAT_S":24.02,"LONGITUD":-103.12141,"LATITUD":25.82334,"DATUMG":null,"CVE_ACUIF":"0523","NOM_ACUIF":"PRINCIPAL-REGION LAGUNERA","CT_POZO":"NO","DISEÑO_PE":"NO","CORTE_LIT":"NO","REG_ELEC":"NO","INF_PERF":"NO","REG_AFORO":"NO","ANAL_AGUA":"NO","CROQUIS":"SI","TIPO_INF":"CROQUIS","PROF_TOT_m":null,"PROF_REG_m":null,"HGQ":"NO","F_INICIO":null,"F_FINAL":null,"NE_M":null,"ND_M":null,"ALTITUD_ms":null,"Q_LPS":null,"Ca":null,"Mg":null,"Na":null,"Cl":null,"SO4":null,"HCO3":null,"STD_ppm":null,"LONG_COL_m":null,"ADEME_pulg":null,"TEMP_°C":null,"POT_H_s/u":null,"CE_Us/cm":null,"As_mg/L":null,"URL":"https://sigagis.conagua.gob.mx/t_infbasica/INVENTARIO/05 COAHUILA DE ZARAGOZA/PDF/10_0025.pdf"},"geometry":{"type":"Point","coordinates":[-103.12141,25.82334]}},
{"type":"Feature","properties":{"fid":142.0,"CVE_LGJO":"10_0025","CVE_POZO":"POZO 1632 (A1993)","NOMB_POZO":null,"TIT_LGJO":"GEOHIDROLOGÍA DE LA LAGUNA, REALIZADA POR EL IMTA","CVE_EDO":"10","CVE_MPIO":"10007","AÑO":"1993","DESC":"POZO SELECCIONADO EN LA INVESTIGACIÓN PARA CARACTERIZAR HIDROQUÍMICAMENTE DE LA ZONA \"LA LAGUNA\", DEGRADA POR CONCENTRACIONES ELEVADAS DE ARSÉNICO, MOSTRANDO UN DETERIORO EN SU CALIDAD FÍSICO-QUÍMICA.","LONG_G":103,"LONG_M":22,"LONG_S":37.99,"LAT_G":25,"LAT_M":37,"LAT_S":11.03,"LONGITUD":-103.37721944444444,"LATITUD":25.619730555555556,"DATUMG":null,"CVE_ACUIF":"0523","NOM_ACUIF":"PRINCIPAL-REGION LAGUNERA","CT_POZO":"NO","DISEÑO_PE":"NO","CORTE_LIT":"NO","REG_ELEC":"NO","INF_PERF":"NO","REG_AFORO":"NO","ANAL_AGUA":"NO","CROQUIS":"SI","TIPO_INF":"PROFUNDIDAD","PROF_TOT_m":null,"PROF_REG_m":null,"HGQ":"SI","F_INICIO":null,"F_FINAL":null,"NE_M":107.9,"ND_M":null,"ALTITUD_ms":null,"Q_LPS":null,"Ca":null,"Mg":null,"Na":null,"Cl":null,"SO4":null,"HCO3":null,"STD_ppm":null,"LONG_COL_m":null,"ADEME_pulg":null,"TEMP_°C":null,"POT_H_s/u":null,"CE_Us/cm":null,"As_mg/L":null,"URL":"https://sigagis.conagua.gob.mx/t_infbasica/INVENTARIO/10 DURANGO/PDF/10_0025.pdf"},"geometry":{"type":"Point","coordinates":[-103.377219,25.619731]}},
{"type":"Feature","properties":{"fid":143.0,"CVE_LGJO":"10_0025","CVE_POZO":"POZO 1657 (A1993)","NOMB_POZO":null,"TIT_LGJO":"GEOHIDROLOGÍA DE LA LAGUNA, REALIZADA POR EL IMTA","CVE_EDO":"05","CVE_MPIO":"05033","AÑO":"1993","DESC":"POZO SELECCIONADO EN LA INVESTIGACIÓN PARA CARACTERIZAR HIDROQUÍMICAMENTE DE LA ZONA \"LA LAGUNA\", DEGRADA POR CONCENTRACIONES ELEVADAS DE ARSÉNICO, MOSTRANDO UN DETERIORO EN SU CALIDAD FÍSICO-QUÍMICA.","LONG_G":103,"LONG_M":6,"LONG_S":35.32,"LAT_G":25,"LAT_M":47,"LAT_S":13.6,"LONGITUD":-103.10981,"LATITUD":25.78711,"DATUMG":null,"CVE_ACUIF":"0523","NOM_ACUIF":"PRINCIPAL-REGION LAGUNERA","CT_POZO":"NO","DISEÑO_PE":"NO","CORTE_LIT":"NO","REG_ELEC":"NO","INF_PERF":"NO","REG_AFORO":"NO","ANAL_AGUA":"NO","CROQUIS":"SI","TIPO_INF":"PROFUNDIDAD","PROF_TOT_m":null,"PROF_REG_m":null,"HGQ":"SI","F_INICIO":null,"F_FINAL":null,"NE_M":69.8,"ND_M":null,"ALTITUD_ms":null,"Q_LPS":null,"Ca":null,"Mg":null,"Na":null,"Cl":null,"SO4":null,"HCO3":null,"STD_ppm":null,"LONG_COL_m":null,"ADEME_pulg":null,"TEMP_°C":null,"POT_H_s/u":null,"CE_Us/cm":null,"As_mg/L":null,"URL":"https://sigagis.conagua.gob.mx/t_infbasica/INVENTARIO/05 COAHUILA DE ZARAGOZA/PDF/10_0025.pdf"},"geometry":{"type":"Point","coordinates":[-103.10981,25.78711]}},
{"type":"Feature","properties":{"fid":144.0,"CVE_LGJO":"10_0025","CVE_POZO":"POZO 1695 (A1990)","NOMB_POZO":null,"TIT_LGJO":"GEOHIDROLOGÍA DE LA LAGUNA (I Y II ETAPA), REALIZADA POR EL IMTA","CVE_EDO":"05","CVE_MPIO":"05033","AÑO":"1993","DESC":"POZO SELECCIONADO (I Y II ETAPA ) EN LA INVESTIGACIÓN PARA CARACTERIZAR HIDROQUÍMICAMENTE DE LA ZONA \"LA LAGUNA\", DEGRADA POR CONCENTRACIONES ELEVADAS DE ARSÉNICO, MOSTRANDO UN DETERIORO EN SU CALIDAD FÍSICO-QUÍMICA.","LONG_G":103,"LONG_M":8,"LONG_S":45.67,"LAT_G":25,"LAT_M":53,"LAT_S":47.0,"LONGITUD":-103.14602,"LATITUD":25.89639,"DATUMG":null,"CVE_ACUIF":"0523","NOM_ACUIF":"PRINCIPAL-REGION LAGUNERA","CT_POZO":"NO","DISEÑO_PE":"NO","CORTE_LIT":"NO","REG_ELEC":"NO","INF_PERF":"NO","REG_AFORO":"NO","ANAL_AGUA":"SI","CROQUIS":"SI","TIPO_INF":"HIDROGEOQUÍMICO","PROF_TOT_m":null,"PROF_REG_m":null,"HGQ":"SI","F_INICIO":null,"F_FINAL":null,"NE_M":null,"ND_M":null,"ALTITUD_ms":null,"Q_LPS":null,"Ca":null,"Mg":null,"Na":null,"Cl":null,"SO4":null,"HCO3":null,"STD_ppm":null,"LONG_COL_m":null,"ADEME_pulg":null,"TEMP_°C":"30.6","POT_H_s/u":"6.8","CE_Us/cm":"1440","As_mg/L":"0.13220000000000001","URL":"https://sigagis.conagua.gob.mx/t_infbasica/INVENTARIO/05 COAHUILA DE ZARAGOZA/PDF/10_0025.pdf"},"geometry":{"type":"Point","coordinates":[-103.14602,25.89639]}},
{"type":"Feature","properties":{"fid":145.0,"CVE_LGJO":"10_0025","CVE_POZO":"POZO 1695 (A1993)","NOMB_POZO":null,"TIT_LGJO":"GEOHIDROLOGÍA DE LA LAGUNA, REALIZADA POR EL IMTA","CVE_EDO":"05","CVE_MPIO":"05033","AÑO":"1993","DESC":"POZO SELECCIONADO EN LA INVESTIGACIÓN PARA CARACTERIZAR HIDROQUÍMICAMENTE DE LA ZONA \"LA LAGUNA\", DEGRADA POR CONCENTRACIONES ELEVADAS DE ARSÉNICO, MOSTRANDO UN DETERIORO EN SU CALIDAD FÍSICO-QUÍMICA.","LONG_G":103,"LONG_M":8,"LONG_S":45.67,"LAT_G":25,"LAT_M":53,"LAT_S":47.0,"LONGITUD":-103.14602,"LATITUD":25.89639,"DATUMG":null,"CVE_ACUIF":"0523","NOM_ACUIF":"PRINCIPAL-REGION LAGUNERA","CT_POZO":"NO","DISEÑO_PE":"NO","CORTE_LIT":"NO","REG_ELEC":"NO","INF_PERF":"NO","REG_AFORO":"NO","ANAL_AGUA":"SI","CROQUIS":"SI","TIPO_INF":"HIDROGEOQUÍMICO","PROF_TOT_m":null,"PROF_REG_m":null,"HGQ":"SI","F_INICIO":null,"F_FINAL":null,"NE_M":64.31,"ND_M":null,"ALTITUD_ms":null,"Q_LPS":null,"Ca":null,"Mg":null,"Na":null,"Cl":null,"SO4":null,"HCO3":null,"STD_ppm":null,"LONG_COL_m":null,"ADEME_pulg":null,"TEMP_°C":"30.8","POT_H_s/u":"7.05","CE_Us/cm":"1230","As_mg/L":"0.17100000000000001","URL":"https://sigagis.conagua.gob.mx/t_infbasica/INVENTARIO/05 COAHUILA DE ZARAGOZA/PDF/10_0025.pdf"},"geometry":{"type":"Point","coordinates":[-103.14602,25.89639]}},
{"type":"Feature","properties":{"fid":146.0,"CVE_LGJO":"10_0025","CVE_POZO":"POZO 1884","NOMB_POZO":null,"TIT_LGJO":"GEOHIDROLOGÍA DE LA LAGUNA, REALIZADA POR EL IMTA","CVE_EDO":"05","CVE_MPIO":"05017","AÑO":"1993","DESC":"POZO DE LA ZONA \"LA LAGUNA\".","LONG_G":103,"LONG_M":18,"LONG_S":49.68,"LAT_G":25,"LAT_M":29,"LAT_S":47.9,"LONGITUD":-103.3138,"LATITUD":25.496638,"DATUMG":null,"CVE_ACUIF":"0523","NOM_ACUIF":"PRINCIPAL-REGION LAGUNERA","CT_POZO":"NO","DISEÑO_PE":"NO","CORTE_LIT":"NO","REG_ELEC":"NO","INF_PERF":"NO","REG_AFORO":"NO","ANAL_AGUA":"NO","CROQUIS":"SI","TIPO_INF":"CROQUIS","PROF_TOT_m":null,"PROF_REG_m":null,"HGQ":"NO","F_INICIO":null,"F_FINAL":null,"NE_M":null,"ND_M":null,"ALTITUD_ms":null,"Q_LPS":null,"Ca":null,"Mg":null,"Na":null,"Cl":null,"SO4":null,"HCO3":null,"STD_ppm":null,"LONG_COL_m":null,"ADEME_pulg":null,"TEMP_°C":null,"POT_H_s/u":null,"CE_Us/cm":null,"As_mg/L":null,"URL":"https://sigagis.conagua.gob.mx/t_infbasica/INVENTARIO/05 COAHUILA DE ZARAGOZA/PDF/10_0025.pdf"},"geometry":{"type":"Point","coordinates":[-103.3138,25.496638]}},
{"type":"Feature","properties":{"fid":147.0,"CVE_LGJO":"10_0025","CVE_POZO":"POZO 1892","NOMB_POZO":null,"TIT_LGJO":"GEOHIDROLOGÍA DE LA LAGUNA, REALIZADA POR EL IMTA","CVE_EDO":"05","CVE_MPIO":"05033","AÑO":"1993","DESC":"POZO DE LA ZONA \"LA LAGUNA\".","LONG_G":103,"LONG_M":12,"LONG_S":14.58,"LAT_G":25,"LAT_M":53,"LAT_S":8.58,"LONGITUD":-103.204051,"LATITUD":25.885718,"DATUMG":null,"CVE_ACUIF":"0523","NOM_ACUIF":"PRINCIPAL-REGION LAGUNERA","CT_POZO":"NO","DISEÑO_PE":"NO","CORTE_LIT":"NO","REG_ELEC":"NO","INF_PERF":"NO","REG_AFORO":"NO","ANAL_AGUA":"NO","CROQUIS":"SI","TIPO_INF":"CROQUIS","PROF_TOT_m":null,"PROF_REG_m":null,"HGQ":"NO","F_INICIO":null,"F_FINAL":null,"NE_M":null,"ND_M":null,"ALTITUD_ms":null,"Q_LPS":null,"Ca":null,"Mg":null,"Na":null,"Cl":null,"SO4":null,"HCO3":null,"STD_ppm":null,"LONG_COL_m":null,"ADEME_pulg":null,"TEMP_°C":null,"POT_H_s/u":null,"CE_Us/cm":null,"As_mg/L":null,"URL":"https://sigagis.conagua.gob.mx/t_infbasica/INVENTARIO/05 COAHUILA DE ZARAGOZA/PDF/10_0025.pdf"},"geometry":{"type":"Point","coordinates":[-103.204051,25.885718]}},
{"type":"Feature","properties":{"fid":148.0,"CVE_LGJO":"10_0025","CVE_POZO":"POZO 1940","NOMB_POZO":null,"TIT_LGJO":"GEOHIDROLOGÍA DE LA LAGUNA, REALIZADA POR EL IMTA","CVE_EDO":"10","CVE_MPIO":"10007","AÑO":"1993","DESC":"POZO DE LA ZONA \"LA LAGUNA\".","LONG_G":103,"LONG_M":26,"LONG_S":32.64,"LAT_G":25,"LAT_M":38,"LAT_S":45.13,"LONGITUD":-103.4424,"LATITUD":25.645869444444443,"DATUMG":null,"CVE_ACUIF":"0523","NOM_ACUIF":"PRINCIPAL-REGION LAGUNERA","CT_POZO":"NO","DISEÑO_PE":"NO","CORTE_LIT":"NO","REG_ELEC":"NO","INF_PERF":"NO","REG_AFORO":"NO","ANAL_AGUA":"NO","CROQUIS":"SI","TIPO_INF":"CROQUIS","PROF_TOT_m":null,"PROF_REG_m":null,"HGQ":"NO","F_INICIO":null,"F_FINAL":null,"NE_M":null,"ND_M":null,"ALTITUD_ms":null,"Q_LPS":null,"Ca":null,"Mg":null,"Na":null,"Cl":null,"SO4":null,"HCO3":null,"STD_ppm":null,"LONG_COL_m":null,"ADEME_pulg":null,"TEMP_°C":null,"POT_H_s/u":null,"CE_Us/cm":null,"As_mg/L":null,"URL":"https://sigagis.conagua.gob.mx/t_infbasica/INVENTARIO/10 DURANGO/PDF/10_0025.pdf"},"geometry":{"type":"Point","coordinates":[-103.4424,25.645869]}},
{"type":"Feature","properties":{"fid":149.0,"CVE_LGJO":"10_0025","CVE_POZO":"POZO 1975","NOMB_POZO":null,"TIT_LGJO":"GEOHIDROLOGÍA DE LA LAGUNA, REALIZADA POR EL IMTA","CVE_EDO":"05","CVE_MPIO":"05017","AÑO":"1993","DESC":"POZO DE LA ZONA \"LA LAGUNA\".","LONG_G":103,"LONG_M":5,"LONG_S":15.97,"LAT_G":25,"LAT_M":32,"LAT_S":35.74,"LONGITUD":-103.08777,"LATITUD":25.54326,"DATUMG":null,"CVE_ACUIF":"0523","NOM_ACUIF":"PRINCIPAL-REGION LAGUNERA","CT_POZO":"NO","DISEÑO_PE":"NO","CORTE_LIT":"NO","REG_ELEC":"NO","INF_PERF":"NO","REG_AFORO":"NO","ANAL_AGUA":"NO","CROQUIS":"SI","TIPO_INF":"CROQUIS","PROF_TOT_m":null,"PROF_REG_m":null,"HGQ":"NO","F_INICIO":null,"F_FINAL":null,"NE_M":null,"ND_M":null,"ALTITUD_ms":null,"Q_LPS":null,"Ca":null,"Mg":null,"Na":null,"Cl":null,"SO4":null,"HCO3":null,"STD_ppm":null,"LONG_COL_m":null,"ADEME_pulg":null,"TEMP_°C":null,"POT_H_s/u":null,"CE_Us/cm":null,"As_mg/L":null,"URL":"https://sigagis.conagua.gob.mx/t_infbasica/INVENTARIO/05 COAHUILA DE ZARAGOZA/PDF/10_0025.pdf"},"geometry":{"type":"Point","coordinates":[-103.08777,25.54326]}},
{"type":"Feature","properties":{"fid":150.0,"CVE_LGJO":"10_0025","CVE_POZO":"POZO 1981","NOMB_POZO":null,"TIT_LGJO":"GEOHIDROLOGÍA DE LA LAGUNA, REALIZADA POR EL IMTA","CVE_EDO":"10","CVE_MPIO":"10007","AÑO":"1993","DESC":"POZO DE LA ZONA \"LA LAGUNA\".","LONG_G":103,"LONG_M":24,"LONG_S":13.21,"LAT_G":25,"LAT_M":44,"LAT_S":2.69,"LONGITUD":-103.40366944444445,"LATITUD":25.734080555555558,"DATUMG":null,"CVE_ACUIF":"0523","NOM_ACUIF":"PRINCIPAL-REGION LAGUNERA","CT_POZO":"NO","DISEÑO_PE":"NO","CORTE_LIT":"NO","REG_ELEC":"NO","INF_PERF":"NO","REG_AFORO":"NO","ANAL_AGUA":"NO","CROQUIS":"SI","TIPO_INF":"CROQUIS","PROF_TOT_m":null,"PROF_REG_m":null,"HGQ":"NO","F_INICIO":null,"F_FINAL":null,"NE_M":null,"ND_M":null,"ALTITUD_ms":null,"Q_LPS":null,"Ca":null,"Mg":null,"Na":null,"Cl":null,"SO4":null,"HCO3":null,"STD_ppm":null,"LONG_COL_m":null,"ADEME_pulg":null,"TEMP_°C":null,"POT_H_s/u":null,"CE_Us/cm":null,"As_mg/L":null,"URL":"https://sigagis.conagua.gob.mx/t_infbasica/INVENTARIO/10 DURANGO/PDF/10_0025.pdf"},"geometry":{"type":"Point","coordinates":[-103.403669,25.734081]}},
{"type":"Feature","properties":{"fid":151.0,"CVE_LGJO":"10_0025","CVE_POZO":"POZO A1993","NOMB_POZO":null,"TIT_LGJO":"GEOHIDROLOGÍA DE LA LAGUNA, REALIZADA POR EL IMTA","CVE_EDO":"05","CVE_MPIO":"05009","AÑO":"1993","DESC":"POZO DE LA ZONA \"LA LAGUNA\".","LONG_G":103,"LONG_M":10,"LONG_S":34.5,"LAT_G":26,"LAT_M":0,"LAT_S":53.06,"LONGITUD":-103.17625,"LATITUD":26.01474,"DATUMG":null,"CVE_ACUIF":"0523","NOM_ACUIF":"PRINCIPAL-REGION LAGUNERA","CT_POZO":"NO","DISEÑO_PE":"NO","CORTE_LIT":"NO","REG_ELEC":"NO","INF_PERF":"NO","REG_AFORO":"NO","ANAL_AGUA":"NO","CROQUIS":"SI","TIPO_INF":"CROQUIS","PROF_TOT_m":null,"PROF_REG_m":null,"HGQ":"NO","F_INICIO":null,"F_FINAL":null,"NE_M":null,"ND_M":null,"ALTITUD_ms":null,"Q_LPS":null,"Ca":null,"Mg":null,"Na":null,"Cl":null,"SO4":null,"HCO3":null,"STD_ppm":null,"LONG_COL_m":null,"ADEME_pulg":null,"TEMP_°C":null,"POT_H_s/u":null,"CE_Us/cm":null,"As_mg/L":null,"URL":"https://sigagis.conagua.gob.mx/t_infbasica/INVENTARIO/05 COAHUILA DE ZARAGOZA/PDF/10_0025.pdf"},"geometry":{"type":"Point","coordinates":[-103.17625,26.01474]}},
{"type":"Feature","properties":{"fid":152.0,"CVE_LGJO":"10_0025","CVE_POZO":"POZO 2016","NOMB_POZO":null,"TIT_LGJO":"GEOHIDROLOGÍA DE LA LAGUNA, REALIZADA POR EL IMTA","CVE_EDO":"10","CVE_MPIO":"10007","AÑO":"1993","DESC":"POZO DE LA ZONA \"LA LAGUNA\".","LONG_G":103,"LONG_M":25,"LONG_S":13.33,"LAT_G":25,"LAT_M":35,"LAT_S":44.59,"LONGITUD":-103.42036944444445,"LATITUD":25.595719444444445,"DATUMG":null,"CVE_ACUIF":"0523","NOM_ACUIF":"PRINCIPAL-REGION LAGUNERA","CT_POZO":"NO","DISEÑO_PE":"NO","CORTE_LIT":"NO","REG_ELEC":"NO","INF_PERF":"NO","REG_AFORO":"NO","ANAL_AGUA":"NO","CROQUIS":"SI","TIPO_INF":"CROQUIS","PROF_TOT_m":null,"PROF_REG_m":null,"HGQ":"NO","F_INICIO":null,"F_FINAL":null,"NE_M":null,"ND_M":null,"ALTITUD_ms":null,"Q_LPS":null,"Ca":null,"Mg":null,"Na":null,"Cl":null,"SO4":null,"HCO3":null,"STD_ppm":null,"LONG_COL_m":null,"ADEME_pulg":null,"TEMP_°C":null,"POT_H_s/u":null,"CE_Us/cm":null,"As_mg/L":null,"URL":"https://sigagis.conagua.gob.mx/t_infbasica/INVENTARIO/10 DURANGO/PDF/10_0025.pdf"},"geometry":{"type":"Point","coordinates":[-103.420369,25.595719]}},
{"type":"Feature","properties":{"fid":153.0,"CVE_LGJO":"10_0025","CVE_POZO":"POZO 2024","NOMB_POZO":null,"TIT_LGJO":"GEOHIDROLOGÍA DE LA LAGUNA, REALIZADA POR EL IMTA","CVE_EDO":"05","CVE_MPIO":"05017","AÑO":"1993","DESC":"POZO DE LA ZONA \"LA LAGUNA\".","LONG_G":103,"LONG_M":13,"LONG_S":54.59,"LAT_G":25,"LAT_M":34,"LAT_S":4.73,"LONGITUD":-103.23183,"LATITUD":25.56798,"DATUMG":null,"CVE_ACUIF":"0523","NOM_ACUIF":"PRINCIPAL-REGION LAGUNERA","CT_POZO":"NO","DISEÑO_PE":"NO","CORTE_LIT":"NO","REG_ELEC":"NO","INF_PERF":"NO","REG_AFORO":"NO","ANAL_AGUA":"NO","CROQUIS":"SI","TIPO_INF":"CROQUIS","PROF_TOT_m":null,"PROF_REG_m":null,"HGQ":"NO","F_INICIO":null,"F_FINAL":null,"NE_M":null,"ND_M":null,"ALTITUD_ms":null,"Q_LPS":null,"Ca":null,"Mg":null,"Na":null,"Cl":null,"SO4":null,"HCO3":null,"STD_ppm":null,"LONG_COL_m":null,"ADEME_pulg":null,"TEMP_°C":null,"POT_H_s/u":null,"CE_Us/cm":null,"As_mg/L":null,"URL":"https://sigagis.conagua.gob.mx/t_infbasica/INVENTARIO/05 COAHUILA DE ZARAGOZA/PDF/10_0025.pdf"},"geometry":{"type":"Point","coordinates":[-103.23183,25.56798]}},
{"type":"Feature","properties":{"fid":154.0,"CVE_LGJO":"10_0025","CVE_POZO":"POZO 2075","NOMB_POZO":null,"TIT_LGJO":"GEOHIDROLOGÍA DE LA LAGUNA, REALIZADA POR EL IMTA","CVE_EDO":"10","CVE_MPIO":"10007","AÑO":"1993","DESC":"POZO DE LA ZONA \"LA LAGUNA\".","LONG_G":103,"LONG_M":35,"LONG_S":53.7,"LAT_G":25,"LAT_M":43,"LAT_S":27.48,"LONGITUD":-103.59825,"LATITUD":25.7243,"DATUMG":null,"CVE_ACUIF":"0523","NOM_ACUIF":"PRINCIPAL-REGION LAGUNERA","CT_POZO":"NO","DISEÑO_PE":"NO","CORTE_LIT":"NO","REG_ELEC":"NO","INF_PERF":"NO","REG_AFORO":"NO","ANAL_AGUA":"NO","CROQUIS":"SI","TIPO_INF":"CROQUIS","PROF_TOT_m":null,"PROF_REG_m":null,"HGQ":"NO","F_INICIO":null,"F_FINAL":null,"NE_M":null,"ND_M":null,"ALTITUD_ms":null,"Q_LPS":null,"Ca":null,"Mg":null,"Na":null,"Cl":null,"SO4":null,"HCO3":null,"STD_ppm":null,"LONG_COL_m":null,"ADEME_pulg":null,"TEMP_°C":null,"POT_H_s/u":null,"CE_Us/cm":null,"As_mg/L":null,"URL":"https://sigagis.conagua.gob.mx/t_infbasica/INVENTARIO/10 DURANGO/PDF/10_0025.pdf"},"geometry":{"type":"Point","coordinates":[-103.59825,25.7243]}},
{"type":"Feature","properties":{"fid":155.0,"CVE_LGJO":"10_0025","CVE_POZO":"POZO 2115","NOMB_POZO":null,"TIT_LGJO":"GEOHIDROLOGÍA DE LA LAGUNA, REALIZADA POR EL IMTA","CVE_EDO":"05","CVE_MPIO":"05017","AÑO":"1993","DESC":"POZO DE LA ZONA \"LA LAGUNA\".","LONG_G":103,"LONG_M":10,"LONG_S":8.25,"LAT_G":25,"LAT_M":31,"LAT_S":20.37,"LONGITUD":-103.168957,"LATITUD":25.522326,"DATUMG":null,"CVE_ACUIF":"0523","NOM_ACUIF":"PRINCIPAL-REGION LAGUNERA","CT_POZO":"NO","DISEÑO_PE":"NO","CORTE_LIT":"NO","REG_ELEC":"NO","INF_PERF":"NO","REG_AFORO":"NO","ANAL_AGUA":"NO","CROQUIS":"SI","TIPO_INF":"CROQUIS","PROF_TOT_m":null,"PROF_REG_m":null,"HGQ":"NO","F_INICIO":null,"F_FINAL":null,"NE_M":null,"ND_M":null,"ALTITUD_ms":null,"Q_LPS":null,"Ca":null,"Mg":null,"Na":null,"Cl":null,"SO4":null,"HCO3":null,"STD_ppm":null,"LONG_COL_m":null,"ADEME_pulg":null,"TEMP_°C":null,"POT_H_s/u":null,"CE_Us/cm":null,"As_mg/L":null,"URL":"https://sigagis.conagua.gob.mx/t_infbasica/INVENTARIO/05 COAHUILA DE ZARAGOZA/PDF/10_0025.pdf"},"geometry":{"type":"Point","coordinates":[-103.168957,25.522326]}},
{"type":"Feature","properties":{"fid":156.0,"CVE_LGJO":"10_0025","CVE_POZO":"POZO 2178 (A1990)","NOMB_POZO":null,"TIT_LGJO":"GEOHIDROLOGÍA DE LA LAGUNA (I Y II ETAPA), REALIZADA POR EL IMTA","CVE_EDO":"05","CVE_MPIO":"05033","AÑO":"1993","DESC":"POZO SELECCIONADO (I Y II ETAPA ) EN LA INVESTIGACIÓN PARA CARACTERIZAR HIDROQUÍMICAMENTE DE LA ZONA \"LA LAGUNA\", DEGRADA POR CONCENTRACIONES ELEVADAS DE ARSÉNICO, MOSTRANDO UN DETERIORO EN SU CALIDAD FÍSICO-QUÍMICA.","LONG_G":102,"LONG_M":59,"LONG_S":19.21,"LAT_G":25,"LAT_M":46,"LAT_S":54.37,"LONGITUD":-102.98867,"LATITUD":25.78177,"DATUMG":null,"CVE_ACUIF":"0523","NOM_ACUIF":"PRINCIPAL-REGION LAGUNERA","CT_POZO":"NO","DISEÑO_PE":"NO","CORTE_LIT":"NO","REG_ELEC":"NO","INF_PERF":"NO","REG_AFORO":"NO","ANAL_AGUA":"SI","CROQUIS":"SI","TIPO_INF":"HIDROGEOQUÍMICO","PROF_TOT_m":null,"PROF_REG_m":null,"HGQ":"SI","F_INICIO":null,"F_FINAL":null,"NE_M":null,"ND_M":null,"ALTITUD_ms":null,"Q_LPS":null,"Ca":null,"Mg":null,"Na":null,"Cl":null,"SO4":null,"HCO3":null,"STD_ppm":null,"LONG_COL_m":null,"ADEME_pulg":null,"TEMP_°C":"23","POT_H_s/u":"6.5","CE_Us/cm":"4970","As_mg/L":"0.15079999999999999","URL":"https://sigagis.conagua.gob.mx/t_infbasica/INVENTARIO/05 COAHUILA DE ZARAGOZA/PDF/10_0025.pdf"},"geometry":{"type":"Point","coordinates":[-102.98867,25.78177]}},
{"type":"Feature","properties":{"fid":157.0,"CVE_LGJO":"10_0025","CVE_POZO":"POZO 2178 (A1993)","NOMB_POZO":null,"TIT_LGJO":"GEOHIDROLOGÍA DE LA LAGUNA, REALIZADA POR EL IMTA","CVE_EDO":"05","CVE_MPIO":"05033","AÑO":"1993","DESC":"POZO SELECCIONADO EN LA INVESTIGACIÓN PARA CARACTERIZAR HIDROQUÍMICAMENTE DE LA ZONA \"LA LAGUNA\", DEGRADA POR CONCENTRACIONES ELEVADAS DE ARSÉNICO, MOSTRANDO UN DETERIORO EN SU CALIDAD FÍSICO-QUÍMICA.","LONG_G":102,"LONG_M":59,"LONG_S":19.21,"LAT_G":25,"LAT_M":46,"LAT_S":54.37,"LONGITUD":-102.98867,"LATITUD":25.78177,"DATUMG":null,"CVE_ACUIF":"0523","NOM_ACUIF":"PRINCIPAL-REGION LAGUNERA","CT_POZO":"NO","DISEÑO_PE":"NO","CORTE_LIT":"NO","REG_ELEC":"NO","INF_PERF":"NO","REG_AFORO":"NO","ANAL_AGUA":"SI","CROQUIS":"SI","TIPO_INF":"HIDROGEOQUÍMICO","PROF_TOT_m":null,"PROF_REG_m":null,"HGQ":"SI","F_INICIO":null,"F_FINAL":null,"NE_M":null,"ND_M":null,"ALTITUD_ms":null,"Q_LPS":null,"Ca":null,"Mg":null,"Na":null,"Cl":null,"SO4":null,"HCO3":null,"STD_ppm":null,"LONG_COL_m":null,"ADEME_pulg":null,"TEMP_°C":"23.1","POT_H_s/u":"6.36","CE_Us/cm":"3530","As_mg/L":"0.23599999999999999","URL":"https://sigagis.conagua.gob.mx/t_infbasica/INVENTARIO/05 COAHUILA DE ZARAGOZA/PDF/10_0025.pdf"},"geometry":{"type":"Point","coordinates":[-102.98867,25.78177]}},
{"type":"Feature","properties":{"fid":158.0,"CVE_LGJO":"10_0025","CVE_POZO":"POZO 2234","NOMB_POZO":null,"TIT_LGJO":"GEOHIDROLOGÍA DE LA LAGUNA, REALIZADA POR EL IMTA","CVE_EDO":"05","CVE_MPIO":"05017","AÑO":"1993","DESC":"POZO DE LA ZONA \"LA LAGUNA\".","LONG_G":103,"LONG_M":2,"LONG_S":21.12,"LAT_G":25,"LAT_M":29,"LAT_S":38.65,"LONGITUD":-103.0392,"LATITUD":25.49407,"DATUMG":null,"CVE_ACUIF":"0523","NOM_ACUIF":"PRINCIPAL-REGION LAGUNERA","CT_POZO":"NO","DISEÑO_PE":"NO","CORTE_LIT":"NO","REG_ELEC":"NO","INF_PERF":"NO","REG_AFORO":"NO","ANAL_AGUA":"NO","CROQUIS":"SI","TIPO_INF":"CROQUIS","PROF_TOT_m":null,"PROF_REG_m":null,"HGQ":"NO","F_INICIO":null,"F_FINAL":null,"NE_M":null,"ND_M":null,"ALTITUD_ms":null,"Q_LPS":null,"Ca":null,"Mg":null,"Na":null,"Cl":null,"SO4":null,"HCO3":null,"STD_ppm":null,"LONG_COL_m":null,"ADEME_pulg":null,"TEMP_°C":null,"POT_H_s/u":null,"CE_Us/cm":null,"As_mg/L":null,"URL":"https://sigagis.conagua.gob.mx/t_infbasica/INVENTARIO/05 COAHUILA DE ZARAGOZA/PDF/10_0025.pdf"},"geometry":{"type":"Point","coordinates":[-103.0392,25.49407]}},
{"type":"Feature","properties":{"fid":159.0,"CVE_LGJO":"10_0025","CVE_POZO":"POZO 2240","NOMB_POZO":null,"TIT_LGJO":"GEOHIDROLOGÍA DE LA LAGUNA, REALIZADA POR EL IMTA","CVE_EDO":"05","CVE_MPIO":"05035","AÑO":"1993","DESC":"POZO DE LA ZONA \"LA LAGUNA\".","LONG_G":103,"LONG_M":26,"LONG_S":23.55,"LAT_G":25,"LAT_M":31,"LAT_S":22.26,"LONGITUD":-103.439875,"LATITUD":25.52285,"DATUMG":null,"CVE_ACUIF":"0523","NOM_ACUIF":"PRINCIPAL-REGION LAGUNERA","CT_POZO":"NO","DISEÑO_PE":"NO","CORTE_LIT":"NO","REG_ELEC":"NO","INF_PERF":"NO","REG_AFORO":"NO","ANAL_AGUA":"NO","CROQUIS":"SI","TIPO_INF":"CROQUIS","PROF_TOT_m":null,"PROF_REG_m":null,"HGQ":"NO","F_INICIO":null,"F_FINAL":null,"NE_M":null,"ND_M":null,"ALTITUD_ms":null,"Q_LPS":null,"Ca":null,"Mg":null,"Na":null,"Cl":null,"SO4":null,"HCO3":null,"STD_ppm":null,"LONG_COL_m":null,"ADEME_pulg":null,"TEMP_°C":null,"POT_H_s/u":null,"CE_Us/cm":null,"As_mg/L":null,"URL":"https://sigagis.conagua.gob.mx/t_infbasica/INVENTARIO/05 COAHUILA DE ZARAGOZA/PDF/10_0025.pdf"},"geometry":{"type":"Point","coordinates":[-103.439875,25.52285]}},
{"type":"Feature","properties":{"fid":160.0,"CVE_LGJO":"10_0025","CVE_POZO":"POZO 2314 (A1990)","NOMB_POZO":null,"TIT_LGJO":"GEOHIDROLOGÍA DE LA LAGUNA (I Y II ETAPA), REALIZADA POR EL IMTA","CVE_EDO":"05","CVE_MPIO":"05017","AÑO":"1993","DESC":"POZO SELECCIONADO (I Y II ETAPA ) EN LA INVESTIGACIÓN PARA CARACTERIZAR HIDROQUÍMICAMENTE DE LA ZONA \"LA LAGUNA\", DEGRADA POR CONCENTRACIONES ELEVADAS DE ARSÉNICO, MOSTRANDO UN DETERIORO EN SU CALIDAD FÍSICO-QUÍMICA.","LONG_G":103,"LONG_M":16,"LONG_S":8.17,"LAT_G":25,"LAT_M":31,"LAT_S":50.84,"LONGITUD":-103.268935,"LATITUD":25.530788,"DATUMG":null,"CVE_ACUIF":"0523","NOM_ACUIF":"PRINCIPAL-REGION LAGUNERA","CT_POZO":"NO","DISEÑO_PE":"NO","CORTE_LIT":"NO","REG_ELEC":"NO","INF_PERF":"NO","REG_AFORO":"NO","ANAL_AGUA":"SI","CROQUIS":"SI","TIPO_INF":"HIDROGEOQUÍMICO","PROF_TOT_m":null,"PROF_REG_m":null,"HGQ":"SI","F_INICIO":null,"F_FINAL":null,"NE_M":null,"ND_M":null,"ALTITUD_ms":null,"Q_LPS":null,"Ca":null,"Mg":null,"Na":null,"Cl":null,"SO4":null,"HCO3":null,"STD_ppm":null,"LONG_COL_m":null,"ADEME_pulg":null,"TEMP_°C":"31.4","POT_H_s/u":"6.9","CE_Us/cm":"359","As_mg/L":"2.5100000000000001E-2","URL":"https://sigagis.conagua.gob.mx/t_infbasica/INVENTARIO/05 COAHUILA DE ZARAGOZA/PDF/10_0025.pdf"},"geometry":{"type":"Point","coordinates":[-103.268935,25.530788]}},
{"type":"Feature","properties":{"fid":161.0,"CVE_LGJO":"10_0025","CVE_POZO":"POZO 2314 (A1993)","NOMB_POZO":null,"TIT_LGJO":"GEOHIDROLOGÍA DE LA LAGUNA, REALIZADA POR EL IMTA","CVE_EDO":"05","CVE_MPIO":"05017","AÑO":"1993","DESC":"POZO SELECCIONADO EN LA INVESTIGACIÓN PARA CARACTERIZAR HIDROQUÍMICAMENTE DE LA ZONA \"LA LAGUNA\", DEGRADA POR CONCENTRACIONES ELEVADAS DE ARSÉNICO, MOSTRANDO UN DETERIORO EN SU CALIDAD FÍSICO-QUÍMICA.","LONG_G":103,"LONG_M":16,"LONG_S":8.17,"LAT_G":25,"LAT_M":31,"LAT_S":50.84,"LONGITUD":-103.268935,"LATITUD":25.530788,"DATUMG":null,"CVE_ACUIF":"0523","NOM_ACUIF":"PRINCIPAL-REGION LAGUNERA","CT_POZO":"NO","DISEÑO_PE":"NO","CORTE_LIT":"NO","REG_ELEC":"NO","INF_PERF":"NO","REG_AFORO":"NO","ANAL_AGUA":"SI","CROQUIS":"SI","TIPO_INF":"HIDROGEOQUÍMICO","PROF_TOT_m":null,"PROF_REG_m":null,"HGQ":"SI","F_INICIO":null,"F_FINAL":null,"NE_M":null,"ND_M":null,"ALTITUD_ms":null,"Q_LPS":null,"Ca":null,"Mg":null,"Na":null,"Cl":null,"SO4":null,"HCO3":null,"STD_ppm":null,"LONG_COL_m":null,"ADEME_pulg":null,"TEMP_°C":"32.299999999999997","POT_H_s/u":"7.67","CE_Us/cm":"1150","As_mg/L":"1.8499999999999999E-2","URL":"https://sigagis.conagua.gob.mx/t_infbasica/INVENTARIO/05 COAHUILA DE ZARAGOZA/PDF/10_0025.pdf"},"geometry":{"type":"Point","coordinates":[-103.268935,25.530788]}},
{"type":"Feature","properties":{"fid":162.0,"CVE_LGJO":"10_0025","CVE_POZO":"POZO 2344","NOMB_POZO":null,"TIT_LGJO":"GEOHIDROLOGÍA DE LA LAGUNA, REALIZADA POR EL IMTA","CVE_EDO":"10","CVE_MPIO":"10007","AÑO":"1993","DESC":"POZO DE LA ZONA \"LA LAGUNA\".","LONG_G":103,"LONG_M":34,"LONG_S":36.88,"LAT_G":25,"LAT_M":35,"LAT_S":26.16,"LONGITUD":-103.57691,"LATITUD":25.5906,"DATUMG":null,"CVE_ACUIF":"0523","NOM_ACUIF":"PRINCIPAL-REGION LAGUNERA","CT_POZO":"NO","DISEÑO_PE":"NO","CORTE_LIT":"NO","REG_ELEC":"NO","INF_PERF":"NO","REG_AFORO":"NO","ANAL_AGUA":"NO","CROQUIS":"SI","TIPO_INF":"CROQUIS","PROF_TOT_m":null,"PROF_REG_m":null,"HGQ":"NO","F_INICIO":null,"F_FINAL":null,"NE_M":null,"ND_M":null,"ALTITUD_ms":null,"Q_LPS":null,"Ca":null,"Mg":null,"Na":null,"Cl":null,"SO4":null,"HCO3":null,"STD_ppm":null,"LONG_COL_m":null,"ADEME_pulg":null,"TEMP_°C":null,"POT_H_s/u":null,"CE_Us/cm":null,"As_mg/L":null,"URL":"https://sigagis.conagua.gob.mx/t_infbasica/INVENTARIO/10 DURANGO/PDF/10_0025.pdf"},"geometry":{"type":"Point","coordinates":[-103.57691,25.5906]}},
{"type":"Feature","properties":{"fid":163.0,"CVE_LGJO":"10_0025","CVE_POZO":"POZO 2345 (1990)","NOMB_POZO":"PREDIO ARCINAS","TIT_LGJO":"GEOHIDROLOGÍA DE LA LAGUNA (I Y II ETAPA), REALIZADA POR EL IMTA","CVE_EDO":"10","CVE_MPIO":"10007","AÑO":"1993","DESC":"POZO SELECCIONADO (I Y II ETAPA ) EN LA INVESTIGACIÓN PARA CARACTERIZAR HIDROQUÍMICAMENTE DE LA ZONA \"LA LAGUNA\", DEGRADA POR CONCENTRACIONES ELEVADAS DE ARSÉNICO, MOSTRANDO UN DETERIORO EN SU CALIDAD FÍSICO-QUÍMICA.","LONG_G":103,"LONG_M":25,"LONG_S":48.86,"LAT_G":25,"LAT_M":48,"LAT_S":43.29,"LONGITUD":-103.43023888888889,"LATITUD":25.812025,"DATUMG":null,"CVE_ACUIF":"0523","NOM_ACUIF":"PRINCIPAL-REGION LAGUNERA","CT_POZO":"NO","DISEÑO_PE":"NO","CORTE_LIT":"SI","REG_ELEC":"NO","INF_PERF":"NO","REG_AFORO":"NO","ANAL_AGUA":"SI","CROQUIS":"SI","TIPO_INF":"PROFUNDIDAD","PROF_TOT_m":193.85,"PROF_REG_m":null,"HGQ":"SI","F_INICIO":null,"F_FINAL":null,"NE_M":null,"ND_M":null,"ALTITUD_ms":null,"Q_LPS":null,"Ca":null,"Mg":null,"Na":null,"Cl":null,"SO4":null,"HCO3":null,"STD_ppm":null,"LONG_COL_m":109.73,"ADEME_pulg":16,"TEMP_°C":"N.A.","POT_H_s/u":"N.A.","CE_Us/cm":"N.A.","As_mg/L":"N.A.","URL":"https://sigagis.conagua.gob.mx/t_infbasica/INVENTARIO/10 DURANGO/PDF/10_0025.pdf"},"geometry":{"type":"Point","coordinates":[-103.430239,25.812025]}},
{"type":"Feature","properties":{"fid":164.0,"CVE_LGJO":"10_0025","CVE_POZO":"POZO 2345 (A1993)","NOMB_POZO":"PREDIO ARCINAS","TIT_LGJO":"GEOHIDROLOGÍA DE LA LAGUNA, REALIZADA POR EL IMTA","CVE_EDO":"10","CVE_MPIO":"10007","AÑO":"1993","DESC":"POZO SELECCIONADO (III ETAPA ) EN LA INVESTIGACIÓN PARA CARACTERIZAR HIDROQUÍMICAMENTE DE LA ZONA \"LA LAGUNA\", DEGRADA POR CONCENTRACIONES ELEVADAS DE ARSÉNICO, MOSTRANDO UN DETERIORO EN SU CALIDAD FÍSICO-QUÍMICA.","LONG_G":103,"LONG_M":25,"LONG_S":48.86,"LAT_G":25,"LAT_M":48,"LAT_S":43.29,"LONGITUD":-103.43023888888889,"LATITUD":25.812025,"DATUMG":null,"CVE_ACUIF":"0523","NOM_ACUIF":"PRINCIPAL-REGION LAGUNERA","CT_POZO":"NO","DISEÑO_PE":"NO","CORTE_LIT":"SI","REG_ELEC":"NO","INF_PERF":"NO","REG_AFORO":"NO","ANAL_AGUA":"SI","CROQUIS":"SI","TIPO_INF":"HIDROGEOQUÍMICO","PROF_TOT_m":193.85,"PROF_REG_m":null,"HGQ":"SI","F_INICIO":null,"F_FINAL":null,"NE_M":84.12,"ND_M":null,"ALTITUD_ms":null,"Q_LPS":null,"Ca":21.87,"Mg":1.22,"Na":80.4,"Cl":null,"SO4":null,"HCO3":null,"STD_ppm":null,"LONG_COL_m":109.73,"ADEME_pulg":16,"TEMP_°C":"29.1","POT_H_s/u":"7.89","CE_Us/cm":"358","As_mg/L":"2.1700000000000001E-2","URL":"https://sigagis.conagua.gob.mx/t_infbasica/INVENTARIO/10 DURANGO/PDF/10_0025.pdf"},"geometry":{"type":"Point","coordinates":[-103.430239,25.812025]}},
{"type":"Feature","properties":{"fid":165.0,"CVE_LGJO":"10_0025","CVE_POZO":"POZO 2349 (A1990)","NOMB_POZO":"EJIDO LA PERLA","TIT_LGJO":"GEOHIDROLOGÍA DE LA LAGUNA (I Y II ETAPA), REALIZADA POR EL IMTA","CVE_EDO":"05","CVE_MPIO":"05035","AÑO":"1993","DESC":"POZO SELECCIONADO (I Y II ETAPA ) EN LA INVESTIGACIÓN PARA CARACTERIZAR HIDROQUÍMICAMENTE DE LA ZONA \"LA LAGUNA\", DEGRADA POR CONCENTRACIONES ELEVADAS DE ARSÉNICO, MOSTRANDO UN DETERIORO EN SU CALIDAD FÍSICO-QUÍMICA.","LONG_G":103,"LONG_M":19,"LONG_S":45.12,"LAT_G":25,"LAT_M":30,"LAT_S":17.64,"LONGITUD":-103.3292,"LATITUD":25.5049,"DATUMG":null,"CVE_ACUIF":"0523","NOM_ACUIF":"PRINCIPAL-REGION LAGUNERA","CT_POZO":"NO","DISEÑO_PE":"NO","CORTE_LIT":"SI","REG_ELEC":"NO","INF_PERF":"NO","REG_AFORO":"NO","ANAL_AGUA":"SI","CROQUIS":"SI","TIPO_INF":"HIDROGEOQUÍMICO","PROF_TOT_m":157.58,"PROF_REG_m":null,"HGQ":"SI","F_INICIO":null,"F_FINAL":null,"NE_M":null,"ND_M":null,"ALTITUD_ms":null,"Q_LPS":null,"Ca":null,"Mg":null,"Na":null,"Cl":null,"SO4":null,"HCO3":null,"STD_ppm":null,"LONG_COL_m":49.68,"ADEME_pulg":16,"TEMP_°C":"25","POT_H_s/u":"7.3","CE_Us/cm":"764","As_mg/L":"5.9700000000000003E-2","URL":"https://sigagis.conagua.gob.mx/t_infbasica/INVENTARIO/05 COAHUILA DE ZARAGOZA/PDF/10_0025.pdf"},"geometry":{"type":"Point","coordinates":[-103.3292,25.5049]}},
{"type":"Feature","properties":{"fid":166.0,"CVE_LGJO":"10_0025","CVE_POZO":"POZO 2349 (A1993)","NOMB_POZO":"EJIDO LA PERLA","TIT_LGJO":"GEOHIDROLOGÍA DE LA LAGUNA, REALIZADA POR EL IMTA","CVE_EDO":"05","CVE_MPIO":"05035","AÑO":"1993","DESC":"POZO SELECCIONADO (III ETAPA ) EN LA INVESTIGACIÓN PARA CARACTERIZAR HIDROQUÍMICAMENTE DE LA ZONA \"LA LAGUNA\", DEGRADA POR CONCENTRACIONES ELEVADAS DE ARSÉNICO, MOSTRANDO UN DETERIORO EN SU CALIDAD FÍSICO-QUÍMICA.","LONG_G":103,"LONG_M":19,"LONG_S":45.12,"LAT_G":25,"LAT_M":30,"LAT_S":17.64,"LONGITUD":-103.3292,"LATITUD":25.5049,"DATUMG":null,"CVE_ACUIF":"0523","NOM_ACUIF":"PRINCIPAL-REGION LAGUNERA","CT_POZO":"NO","DISEÑO_PE":"NO","CORTE_LIT":"SI","REG_ELEC":"NO","INF_PERF":"NO","REG_AFORO":"NO","ANAL_AGUA":"SI","CROQUIS":"SI","TIPO_INF":"HIDROGEOQUÍMICO","PROF_TOT_m":157.58,"PROF_REG_m":null,"HGQ":"SI","F_INICIO":null,"F_FINAL":null,"NE_M":107.9,"ND_M":null,"ALTITUD_ms":null,"Q_LPS":null,"Ca":62.023333333333333,"Mg":14.966666666666667,"Na":628.66666666666663,"Cl":null,"SO4":null,"HCO3":null,"STD_ppm":null,"LONG_COL_m":49.68,"ADEME_pulg":16,"TEMP_°C":"27","POT_H_s/u":"7.65","CE_Us/cm":"1960","As_mg/L":"3.85E-2","URL":"https://sigagis.conagua.gob.mx/t_infbasica/INVENTARIO/05 COAHUILA DE ZARAGOZA/PDF/10_0025.pdf"},"geometry":{"type":"Point","coordinates":[-103.3292,25.5049]}},
{"type":"Feature","properties":{"fid":167.0,"CVE_LGJO":"10_0025","CVE_POZO":"POZO 2382","NOMB_POZO":null,"TIT_LGJO":"GEOHIDROLOGÍA DE LA LAGUNA, REALIZADA POR EL IMTA","CVE_EDO":"10","CVE_MPIO":"10007","AÑO":"1993","DESC":"POZO DE LA ZONA \"LA LAGUNA\".","LONG_G":103,"LONG_M":25,"LONG_S":44.22,"LAT_G":25,"LAT_M":38,"LAT_S":59.71,"LONGITUD":-103.42895,"LATITUD":25.64992,"DATUMG":null,"CVE_ACUIF":"0523","NOM_ACUIF":"PRINCIPAL-REGION LAGUNERA","CT_POZO":"NO","DISEÑO_PE":"NO","CORTE_LIT":"NO","REG_ELEC":"NO","INF_PERF":"NO","REG_AFORO":"NO","ANAL_AGUA":"NO","CROQUIS":"SI","TIPO_INF":"CROQUIS","PROF_TOT_m":null,"PROF_REG_m":null,"HGQ":"NO","F_INICIO":null,"F_FINAL":null,"NE_M":null,"ND_M":null,"ALTITUD_ms":null,"Q_LPS":null,"Ca":null,"Mg":null,"Na":null,"Cl":null,"SO4":null,"HCO3":null,"STD_ppm":null,"LONG_COL_m":null,"ADEME_pulg":null,"TEMP_°C":null,"POT_H_s/u":null,"CE_Us/cm":null,"As_mg/L":null,"URL":"https://sigagis.conagua.gob.mx/t_infbasica/INVENTARIO/10 DURANGO/PDF/10_0025.pdf"},"geometry":{"type":"Point","coordinates":[-103.42895,25.64992]}},
{"type":"Feature","properties":{"fid":168.0,"CVE_LGJO":"10_0025","CVE_POZO":"POZO 2408","NOMB_POZO":null,"TIT_LGJO":"GEOHIDROLOGÍA DE LA LAGUNA, REALIZADA POR EL IMTA","CVE_EDO":"10","CVE_MPIO":"10012","AÑO":"1993","DESC":"POZO DE LA ZONA \"LA LAGUNA\".","LONG_G":103,"LONG_M":37,"LONG_S":0.57,"LAT_G":25,"LAT_M":30,"LAT_S":46.85,"LONGITUD":-103.616825,"LATITUD":25.513014,"DATUMG":null,"CVE_ACUIF":"0523","NOM_ACUIF":"PRINCIPAL-REGION LAGUNERA","CT_POZO":"NO","DISEÑO_PE":"NO","CORTE_LIT":"NO","REG_ELEC":"NO","INF_PERF":"NO","REG_AFORO":"NO","ANAL_AGUA":"NO","CROQUIS":"SI","TIPO_INF":"CROQUIS","PROF_TOT_m":null,"PROF_REG_m":null,"HGQ":"NO","F_INICIO":null,"F_FINAL":null,"NE_M":null,"ND_M":null,"ALTITUD_ms":null,"Q_LPS":null,"Ca":null,"Mg":null,"Na":null,"Cl":null,"SO4":null,"HCO3":null,"STD_ppm":null,"LONG_COL_m":null,"ADEME_pulg":null,"TEMP_°C":null,"POT_H_s/u":null,"CE_Us/cm":null,"As_mg/L":null,"URL":"https://sigagis.conagua.gob.mx/t_infbasica/INVENTARIO/10 DURANGO/PDF/10_0025.pdf"},"geometry":{"type":"Point","coordinates":[-103.616825,25.513014]}},
{"type":"Feature","properties":{"fid":169.0,"CVE_LGJO":"10_0025","CVE_POZO":"POZO 2479","NOMB_POZO":null,"TIT_LGJO":"GEOHIDROLOGÍA DE LA LAGUNA, REALIZADA POR EL IMTA","CVE_EDO":"05","CVE_MPIO":"05009","AÑO":"1993","DESC":"POZO DE LA ZONA \"LA LAGUNA\".","LONG_G":103,"LONG_M":21,"LONG_S":10.48,"LAT_G":25,"LAT_M":57,"LAT_S":9.47,"LONGITUD":-103.35291,"LATITUD":25.95263,"DATUMG":null,"CVE_ACUIF":"0523","NOM_ACUIF":"PRINCIPAL-REGION LAGUNERA","CT_POZO":"NO","DISEÑO_PE":"NO","CORTE_LIT":"NO","REG_ELEC":"NO","INF_PERF":"NO","REG_AFORO":"NO","ANAL_AGUA":"NO","CROQUIS":"SI","TIPO_INF":"CROQUIS","PROF_TOT_m":null,"PROF_REG_m":null,"HGQ":"NO","F_INICIO":null,"F_FINAL":null,"NE_M":null,"ND_M":null,"ALTITUD_ms":null,"Q_LPS":null,"Ca":null,"Mg":null,"Na":null,"Cl":null,"SO4":null,"HCO3":null,"STD_ppm":null,"LONG_COL_m":null,"ADEME_pulg":null,"TEMP_°C":null,"POT_H_s/u":null,"CE_Us/cm":null,"As_mg/L":null,"URL":"https://sigagis.conagua.gob.mx/t_infbasica/INVENTARIO/05 COAHUILA DE ZARAGOZA/PDF/10_0025.pdf"},"geometry":{"type":"Point","coordinates":[-103.35291,25.95263]}},
{"type":"Feature","properties":{"fid":170.0,"CVE_LGJO":"10_0025","CVE_POZO":"POZO 2510 (A1990)","NOMB_POZO":null,"TIT_LGJO":"GEOHIDROLOGÍA DE LA LAGUNA (I Y II ETAPA), REALIZADA POR EL IMTA","CVE_EDO":"05","CVE_MPIO":"05009","AÑO":"1993","DESC":"POZO SELECCIONADO (I Y II ETAPA ) EN LA INVESTIGACIÓN PARA CARACTERIZAR HIDROQUÍMICAMENTE DE LA ZONA \"LA LAGUNA\", DEGRADA POR CONCENTRACIONES ELEVADAS DE ARSÉNICO, MOSTRANDO UN DETERIORO EN SU CALIDAD FÍSICO-QUÍMICA.","LONG_G":103,"LONG_M":11,"LONG_S":26.34,"LAT_G":26,"LAT_M":0,"LAT_S":8.64,"LONGITUD":-103.19065,"LATITUD":26.0024,"DATUMG":null,"CVE_ACUIF":"0523","NOM_ACUIF":"PRINCIPAL-REGION LAGUNERA","CT_POZO":"NO","DISEÑO_PE":"NO","CORTE_LIT":"NO","REG_ELEC":"NO","INF_PERF":"NO","REG_AFORO":"NO","ANAL_AGUA":"SI","CROQUIS":"SI","TIPO_INF":"HIDROGEOQUÍMICO","PROF_TOT_m":null,"PROF_REG_m":null,"HGQ":"SI","F_INICIO":null,"F_FINAL":null,"NE_M":null,"ND_M":null,"ALTITUD_ms":null,"Q_LPS":null,"Ca":null,"Mg":null,"Na":null,"Cl":null,"SO4":null,"HCO3":null,"STD_ppm":null,"LONG_COL_m":null,"ADEME_pulg":null,"TEMP_°C":"25","POT_H_s/u":"7.4","CE_Us/cm":"915","As_mg/L":"0.43259999999999998","URL":"https://sigagis.conagua.gob.mx/t_infbasica/INVENTARIO/05 COAHUILA DE ZARAGOZA/PDF/10_0025.pdf"},"geometry":{"type":"Point","coordinates":[-103.19065,26.0024]}},
{"type":"Feature","properties":{"fid":171.0,"CVE_LGJO":"10_0025","CVE_POZO":"POZO 2510 (A1993)","NOMB_POZO":null,"TIT_LGJO":"GEOHIDROLOGÍA DE LA LAGUNA, REALIZADA POR EL IMTA","CVE_EDO":"05","CVE_MPIO":"05009","AÑO":"1993","DESC":"POZO SELECCIONADO EN LA INVESTIGACIÓN PARA CARACTERIZAR HIDROQUÍMICAMENTE DE LA ZONA \"LA LAGUNA\", DEGRADA POR CONCENTRACIONES ELEVADAS DE ARSÉNICO, MOSTRANDO UN DETERIORO EN SU CALIDAD FÍSICO-QUÍMICA.","LONG_G":103,"LONG_M":11,"LONG_S":26.34,"LAT_G":26,"LAT_M":0,"LAT_S":8.64,"LONGITUD":-103.19065,"LATITUD":26.0024,"DATUMG":null,"CVE_ACUIF":"0523","NOM_ACUIF":"PRINCIPAL-REGION LAGUNERA","CT_POZO":"NO","DISEÑO_PE":"NO","CORTE_LIT":"NO","REG_ELEC":"NO","INF_PERF":"NO","REG_AFORO":"NO","ANAL_AGUA":"SI","CROQUIS":"SI","TIPO_INF":"HIDROGEOQUÍMICO","PROF_TOT_m":null,"PROF_REG_m":null,"HGQ":"SI","F_INICIO":null,"F_FINAL":null,"NE_M":null,"ND_M":null,"ALTITUD_ms":null,"Q_LPS":null,"Ca":null,"Mg":null,"Na":null,"Cl":null,"SO4":null,"HCO3":null,"STD_ppm":null,"LONG_COL_m":null,"ADEME_pulg":null,"TEMP_°C":"24.1","POT_H_s/u":"7.6","CE_Us/cm":"1120","As_mg/L":"0.11550000000000001","URL":"https://sigagis.conagua.gob.mx/t_infbasica/INVENTARIO/05 COAHUILA DE ZARAGOZA/PDF/10_0025.pdf"},"geometry":{"type":"Point","coordinates":[-103.19065,26.0024]}},
{"type":"Feature","properties":{"fid":172.0,"CVE_LGJO":"10_0025","CVE_POZO":"POZO 2538","NOMB_POZO":null,"TIT_LGJO":"GEOHIDROLOGÍA DE LA LAGUNA, REALIZADA POR EL IMTA","CVE_EDO":"10","CVE_MPIO":"10012","AÑO":"1993","DESC":"POZO DE LA ZONA \"LA LAGUNA\".","LONG_G":103,"LONG_M":37,"LONG_S":25.61,"LAT_G":25,"LAT_M":29,"LAT_S":49.24,"LONGITUD":-103.62378,"LATITUD":25.49701,"DATUMG":null,"CVE_ACUIF":"0523","NOM_ACUIF":"PRINCIPAL-REGION LAGUNERA","CT_POZO":"NO","DISEÑO_PE":"NO","CORTE_LIT":"NO","REG_ELEC":"NO","INF_PERF":"NO","REG_AFORO":"NO","ANAL_AGUA":"NO","CROQUIS":"SI","TIPO_INF":"CROQUIS","PROF_TOT_m":null,"PROF_REG_m":null,"HGQ":"NO","F_INICIO":null,"F_FINAL":null,"NE_M":null,"ND_M":null,"ALTITUD_ms":null,"Q_LPS":null,"Ca":null,"Mg":null,"Na":null,"Cl":null,"SO4":null,"HCO3":null,"STD_ppm":null,"LONG_COL_m":null,"ADEME_pulg":null,"TEMP_°C":null,"POT_H_s/u":null,"CE_Us/cm":null,"As_mg/L":null,"URL":"https://sigagis.conagua.gob.mx/t_infbasica/INVENTARIO/10 DURANGO/PDF/10_0025.pdf"},"geometry":{"type":"Point","coordinates":[-103.62378,25.49701]}},
{"type":"Feature","properties":{"fid":173.0,"CVE_LGJO":"10_0025","CVE_POZO":"POZO 2554","NOMB_POZO":null,"TIT_LGJO":"GEOHIDROLOGÍA DE LA LAGUNA, REALIZADA POR EL IMTA","CVE_EDO":"10","CVE_MPIO":"10036","AÑO":"1993","DESC":"POZO DE LA ZONA \"LA LAGUNA\".","LONG_G":103,"LONG_M":24,"LONG_S":31.14,"LAT_G":26,"LAT_M":3,"LAT_S":43.6,"LONGITUD":-103.40865,"LATITUD":26.06211,"DATUMG":null,"CVE_ACUIF":"0523","NOM_ACUIF":"PRINCIPAL-REGION LAGUNERA","CT_POZO":"NO","DISEÑO_PE":"NO","CORTE_LIT":"NO","REG_ELEC":"NO","INF_PERF":"NO","REG_AFORO":"NO","ANAL_AGUA":"NO","CROQUIS":"SI","TIPO_INF":"CROQUIS","PROF_TOT_m":null,"PROF_REG_m":null,"HGQ":"NO","F_INICIO":null,"F_FINAL":null,"NE_M":null,"ND_M":null,"ALTITUD_ms":null,"Q_LPS":null,"Ca":null,"Mg":null,"Na":null,"Cl":null,"SO4":null,"HCO3":null,"STD_ppm":null,"LONG_COL_m":null,"ADEME_pulg":null,"TEMP_°C":null,"POT_H_s/u":null,"CE_Us/cm":null,"As_mg/L":null,"URL":"https://sigagis.conagua.gob.mx/t_infbasica/INVENTARIO/10 DURANGO/PDF/10_0025.pdf"},"geometry":{"type":"Point","coordinates":[-103.40865,26.06211]}},
{"type":"Feature","properties":{"fid":174.0,"CVE_LGJO":"10_0025","CVE_POZO":"POZO 2575","NOMB_POZO":null,"TIT_LGJO":"GEOHIDROLOGÍA DE LA LAGUNA, REALIZADA POR EL IMTA","CVE_EDO":"10","CVE_MPIO":"10012","AÑO":"1993","DESC":"POZO DE LA ZONA \"LA LAGUNA\".","LONG_G":103,"LONG_M":39,"LONG_S":59.51,"LAT_G":25,"LAT_M":25,"LAT_S":17.04,"LONGITUD":-103.66653,"LATITUD":25.4214,"DATUMG":null,"CVE_ACUIF":"0523","NOM_ACUIF":"PRINCIPAL-REGION LAGUNERA","CT_POZO":"NO","DISEÑO_PE":"NO","CORTE_LIT":"NO","REG_ELEC":"NO","INF_PERF":"NO","REG_AFORO":"NO","ANAL_AGUA":"NO","CROQUIS":"SI","TIPO_INF":"CROQUIS","PROF_TOT_m":null,"PROF_REG_m":null,"HGQ":"NO","F_INICIO":null,"F_FINAL":null,"NE_M":null,"ND_M":null,"ALTITUD_ms":null,"Q_LPS":null,"Ca":null,"Mg":null,"Na":null,"Cl":null,"SO4":null,"HCO3":null,"STD_ppm":null,"LONG_COL_m":null,"ADEME_pulg":null,"TEMP_°C":null,"POT_H_s/u":null,"CE_Us/cm":null,"As_mg/L":null,"URL":"https://sigagis.conagua.gob.mx/t_infbasica/INVENTARIO/10 DURANGO/PDF/10_0025.pdf"},"geometry":{"type":"Point","coordinates":[-103.66653,25.4214]}},
{"type":"Feature","properties":{"fid":175.0,"CVE_LGJO":"10_0025","CVE_POZO":"POZO 2592","NOMB_POZO":null,"TIT_LGJO":"GEOHIDROLOGÍA DE LA LAGUNA, REALIZADA POR EL IMTA","CVE_EDO":"10","CVE_MPIO":"10012","AÑO":"1993","DESC":"POZO DE LA ZONA \"LA LAGUNA\".","LONG_G":103,"LONG_M":44,"LONG_S":31.2,"LAT_G":25,"LAT_M":26,"LAT_S":40.06,"LONGITUD":-103.742,"LATITUD":25.44446,"DATUMG":null,"CVE_ACUIF":"0523","NOM_ACUIF":"PRINCIPAL-REGION LAGUNERA","CT_POZO":"NO","DISEÑO_PE":"NO","CORTE_LIT":"NO","REG_ELEC":"NO","INF_PERF":"NO","REG_AFORO":"NO","ANAL_AGUA":"NO","CROQUIS":"SI","TIPO_INF":"CROQUIS","PROF_TOT_m":null,"PROF_REG_m":null,"HGQ":"NO","F_INICIO":null,"F_FINAL":null,"NE_M":null,"ND_M":null,"ALTITUD_ms":null,"Q_LPS":null,"Ca":null,"Mg":null,"Na":null,"Cl":null,"SO4":null,"HCO3":null,"STD_ppm":null,"LONG_COL_m":null,"ADEME_pulg":null,"TEMP_°C":null,"POT_H_s/u":null,"CE_Us/cm":null,"As_mg/L":null,"URL":"https://sigagis.conagua.gob.mx/t_infbasica/INVENTARIO/10 DURANGO/PDF/10_0025.pdf"},"geometry":{"type":"Point","coordinates":[-103.742,25.44446]}},
{"type":"Feature","properties":{"fid":176.0,"CVE_LGJO":"10_0025","CVE_POZO":"POZO 2595","NOMB_POZO":null,"TIT_LGJO":"GEOHIDROLOGÍA DE LA LAGUNA, REALIZADA POR EL IMTA","CVE_EDO":"10","CVE_MPIO":"10012","AÑO":"1993","DESC":"POZO DE LA ZONA \"LA LAGUNA\".","LONG_G":103,"LONG_M":44,"LONG_S":1.86,"LAT_G":25,"LAT_M":30,"LAT_S":24.95,"LONGITUD":-103.73385,"LATITUD":25.50693,"DATUMG":null,"CVE_ACUIF":"0523","NOM_ACUIF":"PRINCIPAL-REGION LAGUNERA","CT_POZO":"NO","DISEÑO_PE":"NO","CORTE_LIT":"NO","REG_ELEC":"NO","INF_PERF":"NO","REG_AFORO":"NO","ANAL_AGUA":"NO","CROQUIS":"SI","TIPO_INF":"CROQUIS","PROF_TOT_m":null,"PROF_REG_m":null,"HGQ":"NO","F_INICIO":null,"F_FINAL":null,"NE_M":null,"ND_M":null,"ALTITUD_ms":null,"Q_LPS":null,"Ca":null,"Mg":null,"Na":null,"Cl":null,"SO4":null,"HCO3":null,"STD_ppm":null,"LONG_COL_m":null,"ADEME_pulg":null,"TEMP_°C":null,"POT_H_s/u":null,"CE_Us/cm":null,"As_mg/L":null,"URL":"https://sigagis.conagua.gob.mx/t_infbasica/INVENTARIO/10 DURANGO/PDF/10_0025.pdf"},"geometry":{"type":"Point","coordinates":[-103.73385,25.50693]}},
{"type":"Feature","properties":{"fid":177.0,"CVE_LGJO":"10_0025","CVE_POZO":"POZO 2605","NOMB_POZO":null,"TIT_LGJO":"GEOHIDROLOGÍA DE LA LAGUNA, REALIZADA POR EL IMTA","CVE_EDO":"10","CVE_MPIO":"10012","AÑO":"1993","DESC":"POZO DE LA ZONA \"LA LAGUNA\".","LONG_G":103,"LONG_M":41,"LONG_S":36.17,"LAT_G":25,"LAT_M":33,"LAT_S":20.48,"LONGITUD":-103.69338,"LATITUD":25.55569,"DATUMG":null,"CVE_ACUIF":"0523","NOM_ACUIF":"PRINCIPAL-REGION LAGUNERA","CT_POZO":"NO","DISEÑO_PE":"NO","CORTE_LIT":"NO","REG_ELEC":"NO","INF_PERF":"NO","REG_AFORO":"NO","ANAL_AGUA":"NO","CROQUIS":"SI","TIPO_INF":"CROQUIS","PROF_TOT_m":null,"PROF_REG_m":null,"HGQ":"NO","F_INICIO":null,"F_FINAL":null,"NE_M":null,"ND_M":null,"ALTITUD_ms":null,"Q_LPS":null,"Ca":null,"Mg":null,"Na":null,"Cl":null,"SO4":null,"HCO3":null,"STD_ppm":null,"LONG_COL_m":null,"ADEME_pulg":null,"TEMP_°C":null,"POT_H_s/u":null,"CE_Us/cm":null,"As_mg/L":null,"URL":"https://sigagis.conagua.gob.mx/t_infbasica/INVENTARIO/10 DURANGO/PDF/10_0025.pdf"},"geometry":{"type":"Point","coordinates":[-103.69338,25.55569]}},
{"type":"Feature","properties":{"fid":178.0,"CVE_LGJO":"10_0025","CVE_POZO":"POZO 2612","NOMB_POZO":null,"TIT_LGJO":"GEOHIDROLOGÍA DE LA LAGUNA, REALIZADA POR EL IMTA","CVE_EDO":"10","CVE_MPIO":"10012","AÑO":"1993","DESC":"POZO DE LA ZONA \"LA LAGUNA\".","LONG_G":103,"LONG_M":39,"LONG_S":22.97,"LAT_G":25,"LAT_M":31,"LAT_S":41.56,"LONGITUD":-103.65638,"LATITUD":25.52821,"DATUMG":null,"CVE_ACUIF":"0523","NOM_ACUIF":"PRINCIPAL-REGION LAGUNERA","CT_POZO":"NO","DISEÑO_PE":"NO","CORTE_LIT":"NO","REG_ELEC":"NO","INF_PERF":"NO","REG_AFORO":"NO","ANAL_AGUA":"NO","CROQUIS":"SI","TIPO_INF":"CROQUIS","PROF_TOT_m":null,"PROF_REG_m":null,"HGQ":"NO","F_INICIO":null,"F_FINAL":null,"NE_M":null,"ND_M":null,"ALTITUD_ms":null,"Q_LPS":null,"Ca":null,"Mg":null,"Na":null,"Cl":null,"SO4":null,"HCO3":null,"STD_ppm":null,"LONG_COL_m":null,"ADEME_pulg":null,"TEMP_°C":null,"POT_H_s/u":null,"CE_Us/cm":null,"As_mg/L":null,"URL":"https://sigagis.conagua.gob.mx/t_infbasica/INVENTARIO/10 DURANGO/PDF/10_0025.pdf"},"geometry":{"type":"Point","coordinates":[-103.65638,25.52821]}},
{"type":"Feature","properties":{"fid":179.0,"CVE_LGJO":"10_0025","CVE_POZO":"POZO 2624","NOMB_POZO":null,"TIT_LGJO":"GEOHIDROLOGÍA DE LA LAGUNA, REALIZADA POR EL IMTA","CVE_EDO":"10","CVE_MPIO":"10012","AÑO":"1993","DESC":"POZO DE LA ZONA \"LA LAGUNA\".","LONG_G":103,"LONG_M":37,"LONG_S":1.16,"LAT_G":25,"LAT_M":31,"LAT_S":41.41,"LONGITUD":-103.61699,"LATITUD":25.52817,"DATUMG":null,"CVE_ACUIF":"0523","NOM_ACUIF":"PRINCIPAL-REGION LAGUNERA","CT_POZO":"NO","DISEÑO_PE":"NO","CORTE_LIT":"NO","REG_ELEC":"NO","INF_PERF":"NO","REG_AFORO":"NO","ANAL_AGUA":"NO","CROQUIS":"SI","TIPO_INF":"CROQUIS","PROF_TOT_m":null,"PROF_REG_m":null,"HGQ":"NO","F_INICIO":null,"F_FINAL":null,"NE_M":null,"ND_M":null,"ALTITUD_ms":null,"Q_LPS":null,"Ca":null,"Mg":null,"Na":null,"Cl":null,"SO4":null,"HCO3":null,"STD_ppm":null,"LONG_COL_m":null,"ADEME_pulg":null,"TEMP_°C":null,"POT_H_s/u":null,"CE_Us/cm":null,"As_mg/L":null,"URL":"https://sigagis.conagua.gob.mx/t_infbasica/INVENTARIO/10 DURANGO/PDF/10_0025.pdf"},"geometry":{"type":"Point","coordinates":[-103.61699,25.52817]}},
{"type":"Feature","properties":{"fid":180.0,"CVE_LGJO":"10_0025","CVE_POZO":"POZO 2654 (A1990)","NOMB_POZO":null,"TIT_LGJO":"GEOHIDROLOGÍA DE LA LAGUNA (I Y II ETAPA), REALIZADA POR EL IMTA","CVE_EDO":"05","CVE_MPIO":"05009","AÑO":"1993","DESC":"POZO SELECCIONADO (I Y II ETAPA ) EN LA INVESTIGACIÓN PARA CARACTERIZAR HIDROQUÍMICAMENTE DE LA ZONA \"LA LAGUNA\", DEGRADA POR CONCENTRACIONES ELEVADAS DE ARSÉNICO, MOSTRANDO UN DETERIORO EN SU CALIDAD FÍSICO-QUÍMICA.","LONG_G":103,"LONG_M":16,"LONG_S":8.11,"LAT_G":25,"LAT_M":56,"LAT_S":44.16,"LONGITUD":-103.26892,"LATITUD":25.9456,"DATUMG":null,"CVE_ACUIF":"0523","NOM_ACUIF":"PRINCIPAL-REGION LAGUNERA","CT_POZO":"NO","DISEÑO_PE":"NO","CORTE_LIT":"NO","REG_ELEC":"NO","INF_PERF":"NO","REG_AFORO":"NO","ANAL_AGUA":"SI","CROQUIS":"SI","TIPO_INF":"HIDROGEOQUÍMICO","PROF_TOT_m":null,"PROF_REG_m":null,"HGQ":"SI","F_INICIO":null,"F_FINAL":null,"NE_M":null,"ND_M":null,"ALTITUD_ms":null,"Q_LPS":null,"Ca":null,"Mg":null,"Na":null,"Cl":null,"SO4":null,"HCO3":null,"STD_ppm":null,"LONG_COL_m":null,"ADEME_pulg":null,"TEMP_°C":"28","POT_H_s/u":"7.3","CE_Us/cm":"756","As_mg/L":"0.18329999999999999","URL":"https://sigagis.conagua.gob.mx/t_infbasica/INVENTARIO/05 COAHUILA DE ZARAGOZA/PDF/10_0025.pdf"},"geometry":{"type":"Point","coordinates":[-103.26892,25.9456]}},
{"type":"Feature","properties":{"fid":181.0,"CVE_LGJO":"10_0025","CVE_POZO":"POZO 2654 (A1993)","NOMB_POZO":null,"TIT_LGJO":"GEOHIDROLOGÍA DE LA LAGUNA, REALIZADA POR EL IMTA","CVE_EDO":"05","CVE_MPIO":"05009","AÑO":"1993","DESC":"POZO SELECCIONADO EN LA INVESTIGACIÓN PARA CARACTERIZAR HIDROQUÍMICAMENTE DE LA ZONA \"LA LAGUNA\", DEGRADA POR CONCENTRACIONES ELEVADAS DE ARSÉNICO, MOSTRANDO UN DETERIORO EN SU CALIDAD FÍSICO-QUÍMICA.","LONG_G":103,"LONG_M":16,"LONG_S":8.11,"LAT_G":25,"LAT_M":56,"LAT_S":44.16,"LONGITUD":-103.26892,"LATITUD":25.9456,"DATUMG":null,"CVE_ACUIF":"0523","NOM_ACUIF":"PRINCIPAL-REGION LAGUNERA","CT_POZO":"NO","DISEÑO_PE":"NO","CORTE_LIT":"NO","REG_ELEC":"NO","INF_PERF":"NO","REG_AFORO":"NO","ANAL_AGUA":"SI","CROQUIS":"SI","TIPO_INF":"HIDROGEOQUÍMICO","PROF_TOT_m":null,"PROF_REG_m":null,"HGQ":"SI","F_INICIO":null,"F_FINAL":null,"NE_M":null,"ND_M":null,"ALTITUD_ms":null,"Q_LPS":null,"Ca":null,"Mg":null,"Na":null,"Cl":null,"SO4":null,"HCO3":null,"STD_ppm":null,"LONG_COL_m":null,"ADEME_pulg":null,"TEMP_°C":"31.1","POT_H_s/u":"7.65","CE_Us/cm":"1840","As_mg/L":"7.9500000000000001E-2","URL":"https://sigagis.conagua.gob.mx/t_infbasica/INVENTARIO/05 COAHUILA DE ZARAGOZA/PDF/10_0025.pdf"},"geometry":{"type":"Point","coordinates":[-103.26892,25.9456]}},
{"type":"Feature","properties":{"fid":182.0,"CVE_LGJO":"10_0025","CVE_POZO":"POZO 2679","NOMB_POZO":null,"TIT_LGJO":"GEOHIDROLOGÍA DE LA LAGUNA, REALIZADA POR EL IMTA","CVE_EDO":"10","CVE_MPIO":"10012","AÑO":"1993","DESC":"POZO DE LA ZONA \"LA LAGUNA\".","LONG_G":103,"LONG_M":39,"LONG_S":50.62,"LAT_G":25,"LAT_M":28,"LAT_S":25.82,"LONGITUD":-103.66406,"LATITUD":25.47384,"DATUMG":null,"CVE_ACUIF":"0523","NOM_ACUIF":"PRINCIPAL-REGION LAGUNERA","CT_POZO":"NO","DISEÑO_PE":"NO","CORTE_LIT":"NO","REG_ELEC":"NO","INF_PERF":"NO","REG_AFORO":"NO","ANAL_AGUA":"NO","CROQUIS":"SI","TIPO_INF":"CROQUIS","PROF_TOT_m":null,"PROF_REG_m":null,"HGQ":"NO","F_INICIO":null,"F_FINAL":null,"NE_M":null,"ND_M":null,"ALTITUD_ms":null,"Q_LPS":null,"Ca":null,"Mg":null,"Na":null,"Cl":null,"SO4":null,"HCO3":null,"STD_ppm":null,"LONG_COL_m":null,"ADEME_pulg":null,"TEMP_°C":null,"POT_H_s/u":null,"CE_Us/cm":null,"As_mg/L":null,"URL":"https://sigagis.conagua.gob.mx/t_infbasica/INVENTARIO/10 DURANGO/PDF/10_0025.pdf"},"geometry":{"type":"Point","coordinates":[-103.66406,25.47384]}},
{"type":"Feature","properties":{"fid":183.0,"CVE_LGJO":"10_0025","CVE_POZO":"POZO 2686","NOMB_POZO":null,"TIT_LGJO":"GEOHIDROLOGÍA DE LA LAGUNA, REALIZADA POR EL IMTA","CVE_EDO":"10","CVE_MPIO":"10007","AÑO":"1993","DESC":"POZO DE LA ZONA \"LA LAGUNA\".","LONG_G":103,"LONG_M":38,"LONG_S":40.22,"LAT_G":25,"LAT_M":42,"LAT_S":56.51,"LONGITUD":-103.644505,"LATITUD":25.715697,"DATUMG":null,"CVE_ACUIF":"0523","NOM_ACUIF":"PRINCIPAL-REGION LAGUNERA","CT_POZO":"NO","DISEÑO_PE":"NO","CORTE_LIT":"NO","REG_ELEC":"NO","INF_PERF":"NO","REG_AFORO":"NO","ANAL_AGUA":"NO","CROQUIS":"SI","TIPO_INF":"CROQUIS","PROF_TOT_m":null,"PROF_REG_m":null,"HGQ":"NO","F_INICIO":null,"F_FINAL":null,"NE_M":null,"ND_M":null,"ALTITUD_ms":null,"Q_LPS":null,"Ca":null,"Mg":null,"Na":null,"Cl":null,"SO4":null,"HCO3":null,"STD_ppm":null,"LONG_COL_m":null,"ADEME_pulg":null,"TEMP_°C":null,"POT_H_s/u":null,"CE_Us/cm":null,"As_mg/L":null,"URL":"https://sigagis.conagua.gob.mx/t_infbasica/INVENTARIO/10 DURANGO/PDF/10_0025.pdf"},"geometry":{"type":"Point","coordinates":[-103.644505,25.715697]}},
{"type":"Feature","properties":{"fid":184.0,"CVE_LGJO":"10_0025","CVE_POZO":"POZO 2734","NOMB_POZO":null,"TIT_LGJO":"GEOHIDROLOGÍA DE LA LAGUNA, REALIZADA POR EL IMTA","CVE_EDO":"05","CVE_MPIO":"05017","AÑO":"1993","DESC":"POZO DE LA ZONA \"LA LAGUNA\".","LONG_G":103,"LONG_M":18,"LONG_S":33.86,"LAT_G":25,"LAT_M":24,"LAT_S":16.82,"LONGITUD":-103.309406,"LATITUD":25.404673,"DATUMG":null,"CVE_ACUIF":"0523","NOM_ACUIF":"PRINCIPAL-REGION LAGUNERA","CT_POZO":"NO","DISEÑO_PE":"NO","CORTE_LIT":"NO","REG_ELEC":"NO","INF_PERF":"NO","REG_AFORO":"NO","ANAL_AGUA":"NO","CROQUIS":"SI","TIPO_INF":"CROQUIS","PROF_TOT_m":null,"PROF_REG_m":null,"HGQ":"NO","F_INICIO":null,"F_FINAL":null,"NE_M":null,"ND_M":null,"ALTITUD_ms":null,"Q_LPS":null,"Ca":null,"Mg":null,"Na":null,"Cl":null,"SO4":null,"HCO3":null,"STD_ppm":null,"LONG_COL_m":null,"ADEME_pulg":null,"TEMP_°C":null,"POT_H_s/u":null,"CE_Us/cm":null,"As_mg/L":null,"URL":"https://sigagis.conagua.gob.mx/t_infbasica/INVENTARIO/05 COAHUILA DE ZARAGOZA/PDF/10_0025.pdf"},"geometry":{"type":"Point","coordinates":[-103.309406,25.404673]}},
{"type":"Feature","properties":{"fid":185.0,"CVE_LGJO":"10_0025","CVE_POZO":"POZO 2755 (A1990)","NOMB_POZO":null,"TIT_LGJO":"GEOHIDROLOGÍA DE LA LAGUNA (I Y II ETAPA), REALIZADA POR EL IMTA","CVE_EDO":"10","CVE_MPIO":"10036","AÑO":"1993","DESC":"POZO SELECCIONADO (I Y II ETAPA ) EN LA INVESTIGACIÓN PARA CARACTERIZAR HIDROQUÍMICAMENTE DE LA ZONA \"LA LAGUNA\", DEGRADA POR CONCENTRACIONES ELEVADAS DE ARSÉNICO, MOSTRANDO UN DETERIORO EN SU CALIDAD FÍSICO-QUÍMICA.","LONG_G":103,"LONG_M":36,"LONG_S":0.18,"LAT_G":26,"LAT_M":0,"LAT_S":5.69,"LONGITUD":-103.60005,"LATITUD":26.00158,"DATUMG":null,"CVE_ACUIF":"0523","NOM_ACUIF":"PRINCIPAL-REGION LAGUNERA","CT_POZO":"NO","DISEÑO_PE":"NO","CORTE_LIT":"NO","REG_ELEC":"NO","INF_PERF":"NO","REG_AFORO":"NO","ANAL_AGUA":"SI","CROQUIS":"SI","TIPO_INF":"HIDROGEOQUÍMICO","PROF_TOT_m":null,"PROF_REG_m":null,"HGQ":"SI","F_INICIO":null,"F_FINAL":null,"NE_M":null,"ND_M":null,"ALTITUD_ms":null,"Q_LPS":null,"Ca":null,"Mg":null,"Na":null,"Cl":null,"SO4":null,"HCO3":null,"STD_ppm":null,"LONG_COL_m":null,"ADEME_pulg":null,"TEMP_°C":"30","POT_H_s/u":"6.5","CE_Us/cm":"4930","As_mg/L":"2.3199999999999998E-2","URL":"https://sigagis.conagua.gob.mx/t_infbasica/INVENTARIO/10 DURANGO/PDF/10_0025.pdf"},"geometry":{"type":"Point","coordinates":[-103.60005,26.00158]}},
{"type":"Feature","properties":{"fid":186.0,"CVE_LGJO":"10_0025","CVE_POZO":"POZO 2775 (A1993)","NOMB_POZO":null,"TIT_LGJO":"GEOHIDROLOGÍA DE LA LAGUNA, REALIZADA POR EL IMTA","CVE_EDO":"05","CVE_MPIO":"05036","AÑO":"1993","DESC":"POZO SELECCIONADO EN LA INVESTIGACIÓN PARA CARACTERIZAR HIDROQUÍMICAMENTE DE LA ZONA \"LA LAGUNA\", DEGRADA POR CONCENTRACIONES ELEVADAS DE ARSÉNICO, MOSTRANDO UN DETERIORO EN SU CALIDAD FÍSICO-QUÍMICA.","LONG_G":103,"LONG_M":14,"LONG_S":28.72,"LAT_G":25,"LAT_M":18,"LAT_S":39.28,"LONGITUD":-103.24131,"LATITUD":25.31091,"DATUMG":null,"CVE_ACUIF":"0523","NOM_ACUIF":"PRINCIPAL-REGION LAGUNERA","CT_POZO":"NO","DISEÑO_PE":"NO","CORTE_LIT":"NO","REG_ELEC":"NO","INF_PERF":"NO","REG_AFORO":"NO","ANAL_AGUA":"SI","CROQUIS":"SI","TIPO_INF":"HIDROGEOQUÍMICO","PROF_TOT_m":null,"PROF_REG_m":null,"HGQ":"SI","F_INICIO":null,"F_FINAL":null,"NE_M":null,"ND_M":null,"ALTITUD_ms":null,"Q_LPS":null,"Ca":null,"Mg":null,"Na":null,"Cl":null,"SO4":null,"HCO3":null,"STD_ppm":null,"LONG_COL_m":null,"ADEME_pulg":null,"TEMP_°C":"28.4","POT_H_s/u":"6.96","CE_Us/cm":"4090","As_mg/L":"4.3E-3","URL":"https://sigagis.conagua.gob.mx/t_infbasica/INVENTARIO/05 COAHUILA DE ZARAGOZA/PDF/10_0025.pdf"},"geometry":{"type":"Point","coordinates":[-103.24131,25.31091]}},
{"type":"Feature","properties":{"fid":187.0,"CVE_LGJO":"10_0025","CVE_POZO":"POZO 2787","NOMB_POZO":null,"TIT_LGJO":"GEOHIDROLOGÍA DE LA LAGUNA, REALIZADA POR EL IMTA","CVE_EDO":"05","CVE_MPIO":"05036","AÑO":"1993","DESC":"POZO DE LA ZONA \"LA LAGUNA\".","LONG_G":103,"LONG_M":11,"LONG_S":46.36,"LAT_G":25,"LAT_M":18,"LAT_S":1.82,"LONGITUD":-103.196212,"LATITUD":25.300506,"DATUMG":null,"CVE_ACUIF":"0523","NOM_ACUIF":"PRINCIPAL-REGION LAGUNERA","CT_POZO":"NO","DISEÑO_PE":"NO","CORTE_LIT":"NO","REG_ELEC":"NO","INF_PERF":"NO","REG_AFORO":"NO","ANAL_AGUA":"NO","CROQUIS":"SI","TIPO_INF":"CROQUIS","PROF_TOT_m":null,"PROF_REG_m":null,"HGQ":"NO","F_INICIO":null,"F_FINAL":null,"NE_M":null,"ND_M":null,"ALTITUD_ms":null,"Q_LPS":null,"Ca":null,"Mg":null,"Na":null,"Cl":null,"SO4":null,"HCO3":null,"STD_ppm":null,"LONG_COL_m":null,"ADEME_pulg":null,"TEMP_°C":null,"POT_H_s/u":null,"CE_Us/cm":null,"As_mg/L":null,"URL":"https://sigagis.conagua.gob.mx/t_infbasica/INVENTARIO/05 COAHUILA DE ZARAGOZA/PDF/10_0025.pdf"},"geometry":{"type":"Point","coordinates":[-103.196212,25.300506]}},
{"type":"Feature","properties":{"fid":188.0,"CVE_LGJO":"10_0025","CVE_POZO":"POZO 2812","NOMB_POZO":null,"TIT_LGJO":"GEOHIDROLOGÍA DE LA LAGUNA, REALIZADA POR EL IMTA","CVE_EDO":"05","CVE_MPIO":"05036","AÑO":"1993","DESC":"POZO DE LA ZONA \"LA LAGUNA\".","LONG_G":103,"LONG_M":14,"LONG_S":56.29,"LAT_G":25,"LAT_M":23,"LAT_S":6.0,"LONGITUD":-103.24897,"LATITUD":25.385,"DATUMG":null,"CVE_ACUIF":"0523","NOM_ACUIF":"PRINCIPAL-REGION LAGUNERA","CT_POZO":"NO","DISEÑO_PE":"NO","CORTE_LIT":"NO","REG_ELEC":"NO","INF_PERF":"NO","REG_AFORO":"NO","ANAL_AGUA":"NO","CROQUIS":"SI","TIPO_INF":"CROQUIS","PROF_TOT_m":null,"PROF_REG_m":null,"HGQ":"NO","F_INICIO":null,"F_FINAL":null,"NE_M":null,"ND_M":null,"ALTITUD_ms":null,"Q_LPS":null,"Ca":null,"Mg":null,"Na":null,"Cl":null,"SO4":null,"HCO3":null,"STD_ppm":null,"LONG_COL_m":null,"ADEME_pulg":null,"TEMP_°C":null,"POT_H_s/u":null,"CE_Us/cm":null,"As_mg/L":null,"URL":"https://sigagis.conagua.gob.mx/t_infbasica/INVENTARIO/05 COAHUILA DE ZARAGOZA/PDF/10_0025.pdf"},"geometry":{"type":"Point","coordinates":[-103.24897,25.385]}},
{"type":"Feature","properties":{"fid":189.0,"CVE_LGJO":"10_0025","CVE_POZO":"POZO 2819","NOMB_POZO":null,"TIT_LGJO":"GEOHIDROLOGÍA DE LA LAGUNA, REALIZADA POR EL IMTA","CVE_EDO":"05","CVE_MPIO":"05033","AÑO":"1993","DESC":"POZO DE LA ZONA \"LA LAGUNA\".","LONG_G":103,"LONG_M":8,"LONG_S":28.25,"LAT_G":25,"LAT_M":57,"LAT_S":57.2,"LONGITUD":-103.14118,"LATITUD":25.96589,"DATUMG":null,"CVE_ACUIF":"0523","NOM_ACUIF":"PRINCIPAL-REGION LAGUNERA","CT_POZO":"NO","DISEÑO_PE":"NO","CORTE_LIT":"NO","REG_ELEC":"NO","INF_PERF":"NO","REG_AFORO":"NO","ANAL_AGUA":"NO","CROQUIS":"SI","TIPO_INF":"CROQUIS","PROF_TOT_m":null,"PROF_REG_m":null,"HGQ":"NO","F_INICIO":null,"F_FINAL":null,"NE_M":null,"ND_M":null,"ALTITUD_ms":null,"Q_LPS":null,"Ca":null,"Mg":null,"Na":null,"Cl":null,"SO4":null,"HCO3":null,"STD_ppm":null,"LONG_COL_m":null,"ADEME_pulg":null,"TEMP_°C":null,"POT_H_s/u":null,"CE_Us/cm":null,"As_mg/L":null,"URL":"https://sigagis.conagua.gob.mx/t_infbasica/INVENTARIO/05 COAHUILA DE ZARAGOZA/PDF/10_0025.pdf"},"geometry":{"type":"Point","coordinates":[-103.14118,25.96589]}},
{"type":"Feature","properties":{"fid":190.0,"CVE_LGJO":"10_0025","CVE_POZO":"POZO 2887 (A1990)","NOMB_POZO":"PREDIO 20 DE ABRIL","TIT_LGJO":"GEOHIDROLOGÍA DE LA LAGUNA (I Y II ETAPA), REALIZADA POR EL IMTA","CVE_EDO":"10","CVE_MPIO":"10036","AÑO":"1993","DESC":"POZO SELECCIONADO (I Y II ETAPA ) EN LA INVESTIGACIÓN PARA CARACTERIZAR HIDROQUÍMICAMENTE DE LA ZONA \"LA LAGUNA\", DEGRADA POR CONCENTRACIONES ELEVADAS DE ARSÉNICO, MOSTRANDO UN DETERIORO EN SU CALIDAD FÍSICO-QUÍMICA.","LONG_G":103,"LONG_M":22,"LONG_S":0.37,"LAT_G":25,"LAT_M":58,"LAT_S":49.3,"LONGITUD":-103.36676944444444,"LATITUD":25.980361111111108,"DATUMG":null,"CVE_ACUIF":"0523","NOM_ACUIF":"PRINCIPAL-REGION LAGUNERA","CT_POZO":"NO","DISEÑO_PE":"NO","CORTE_LIT":"SI","REG_ELEC":"NO","INF_PERF":"NO","REG_AFORO":"NO","ANAL_AGUA":"SI","CROQUIS":"SI","TIPO_INF":"PROFUNDIDAD","PROF_TOT_m":138.4,"PROF_REG_m":null,"HGQ":"SI","F_INICIO":null,"F_FINAL":null,"NE_M":null,"ND_M":null,"ALTITUD_ms":null,"Q_LPS":null,"Ca":null,"Mg":null,"Na":null,"Cl":null,"SO4":null,"HCO3":null,"STD_ppm":null,"LONG_COL_m":65.58,"ADEME_pulg":16,"TEMP_°C":"N.A.","POT_H_s/u":"N.A.","CE_Us/cm":"N.A.","As_mg/L":"N.A.","URL":"https://sigagis.conagua.gob.mx/t_infbasica/INVENTARIO/10 DURANGO/PDF/10_0025.pdf"},"geometry":{"type":"Point","coordinates":[-103.366769,25.980361]}},
{"type":"Feature","properties":{"fid":191.0,"CVE_LGJO":"10_0025","CVE_POZO":"POZO 2887 (A1993)","NOMB_POZO":"PREDIO 20 DE ABRIL","TIT_LGJO":"GEOHIDROLOGÍA DE LA LAGUNA, REALIZADA POR EL IMTA","CVE_EDO":"10","CVE_MPIO":"10036","AÑO":"1993","DESC":"POZO SELECCIONADO (III ETAPA ) EN LA INVESTIGACIÓN PARA CARACTERIZAR HIDROQUÍMICAMENTE DE LA ZONA \"LA LAGUNA\", DEGRADA POR CONCENTRACIONES ELEVADAS DE ARSÉNICO, MOSTRANDO UN DETERIORO EN SU CALIDAD FÍSICO-QUÍMICA.","LONG_G":103,"LONG_M":22,"LONG_S":0.37,"LAT_G":25,"LAT_M":58,"LAT_S":49.3,"LONGITUD":-103.36676944444444,"LATITUD":25.980361111111108,"DATUMG":null,"CVE_ACUIF":"0523","NOM_ACUIF":"PRINCIPAL-REGION LAGUNERA","CT_POZO":"NO","DISEÑO_PE":"NO","CORTE_LIT":"SI","REG_ELEC":"NO","INF_PERF":"NO","REG_AFORO":"NO","ANAL_AGUA":"SI","CROQUIS":"SI","TIPO_INF":"HIDROGEOQUÍMICO","PROF_TOT_m":138.4,"PROF_REG_m":null,"HGQ":"SI","F_INICIO":null,"F_FINAL":null,"NE_M":69.8,"ND_M":null,"ALTITUD_ms":null,"Q_LPS":null,"Ca":279.33333333333331,"Mg":13.956666666666665,"Na":721.66666666666663,"Cl":null,"SO4":null,"HCO3":null,"STD_ppm":null,"LONG_COL_m":65.58,"ADEME_pulg":16,"TEMP_°C":"26.1","POT_H_s/u":"7.22","CE_Us/cm":"3477","As_mg/L":"0.1144","URL":"https://sigagis.conagua.gob.mx/t_infbasica/INVENTARIO/10 DURANGO/PDF/10_0025.pdf"},"geometry":{"type":"Point","coordinates":[-103.366769,25.980361]}},
{"type":"Feature","properties":{"fid":192.0,"CVE_LGJO":"10_0025","CVE_POZO":"POZO 2907 (A1990)","NOMB_POZO":"PREDIO TRASGO","TIT_LGJO":"GEOHIDROLOGÍA DE LA LAGUNA (I Y II ETAPA), REALIZADA POR EL IMTA","CVE_EDO":"10","CVE_MPIO":"10013","AÑO":"1993","DESC":"POZO SELECCIONADO (I Y II ETAPA ) EN LA INVESTIGACIÓN PARA CARACTERIZAR HIDROQUÍMICAMENTE DE LA ZONA \"LA LAGUNA\", DEGRADA POR CONCENTRACIONES ELEVADAS DE ARSÉNICO, MOSTRANDO UN DETERIORO EN SU CALIDAD FÍSICO-QUÍMICA.","LONG_G":103,"LONG_M":42,"LONG_S":48.89,"LAT_G":25,"LAT_M":48,"LAT_S":52.42,"LONGITUD":-103.71358055555555,"LATITUD":25.814561111111111,"DATUMG":null,"CVE_ACUIF":"0523","NOM_ACUIF":"PRINCIPAL-REGION LAGUNERA","CT_POZO":"NO","DISEÑO_PE":"NO","CORTE_LIT":"SI","REG_ELEC":"NO","INF_PERF":"NO","REG_AFORO":"NO","ANAL_AGUA":"SI","CROQUIS":"SI","TIPO_INF":"PROFUNDIDAD","PROF_TOT_m":136.55,"PROF_REG_m":null,"HGQ":"SI","F_INICIO":null,"F_FINAL":null,"NE_M":null,"ND_M":null,"ALTITUD_ms":null,"Q_LPS":null,"Ca":null,"Mg":null,"Na":null,"Cl":null,"SO4":null,"HCO3":null,"STD_ppm":null,"LONG_COL_m":72.24,"ADEME_pulg":16,"TEMP_°C":"N.A.","POT_H_s/u":"N.A.","CE_Us/cm":"N.A.","As_mg/L":"N.A.","URL":"https://sigagis.conagua.gob.mx/t_infbasica/INVENTARIO/10 DURANGO/PDF/10_0025.pdf"},"geometry":{"type":"Point","coordinates":[-103.713581,25.814561]}},
{"type":"Feature","properties":{"fid":193.0,"CVE_LGJO":"10_0025","CVE_POZO":"POZO 2907 (A1993)","NOMB_POZO":"PREDIO TRASGO","TIT_LGJO":"GEOHIDROLOGÍA DE LA LAGUNA, REALIZADA POR EL IMTA","CVE_EDO":"10","CVE_MPIO":"10013","AÑO":"1993","DESC":"POZO SELECCIONADO (III ETAPA ) EN LA INVESTIGACIÓN PARA CARACTERIZAR HIDROQUÍMICAMENTE DE LA ZONA \"LA LAGUNA\", DEGRADA POR CONCENTRACIONES ELEVADAS DE ARSÉNICO, MOSTRANDO UN DETERIORO EN SU CALIDAD FÍSICO-QUÍMICA.","LONG_G":103,"LONG_M":42,"LONG_S":48.89,"LAT_G":25,"LAT_M":48,"LAT_S":52.42,"LONGITUD":-103.71358055555555,"LATITUD":25.814561111111111,"DATUMG":null,"CVE_ACUIF":"0523","NOM_ACUIF":"PRINCIPAL-REGION LAGUNERA","CT_POZO":"NO","DISEÑO_PE":"NO","CORTE_LIT":"SI","REG_ELEC":"NO","INF_PERF":"NO","REG_AFORO":"NO","ANAL_AGUA":"SI","CROQUIS":"SI","TIPO_INF":"HIDROGEOQUÍMICO","PROF_TOT_m":136.55,"PROF_REG_m":null,"HGQ":"SI","F_INICIO":null,"F_FINAL":null,"NE_M":64.31,"ND_M":null,"ALTITUD_ms":null,"Q_LPS":null,"Ca":44.175,"Mg":14.7875,"Na":210.95,"Cl":null,"SO4":null,"HCO3":null,"STD_ppm":null,"LONG_COL_m":72.24,"ADEME_pulg":16,"TEMP_°C":"29.6","POT_H_s/u":"7.42","CE_Us/cm":"1114","As_mg/L":"1.4E-3","URL":"https://sigagis.conagua.gob.mx/t_infbasica/INVENTARIO/10 DURANGO/PDF/10_0025.pdf"},"geometry":{"type":"Point","coordinates":[-103.713581,25.814561]}},
{"type":"Feature","properties":{"fid":194.0,"CVE_LGJO":"10_0025","CVE_POZO":"POZO 2910","NOMB_POZO":null,"TIT_LGJO":"GEOHIDROLOGÍA DE LA LAGUNA, REALIZADA POR EL IMTA","CVE_EDO":"10","CVE_MPIO":"10036","AÑO":"1993","DESC":"POZO DE LA ZONA \"LA LAGUNA\".","LONG_G":103,"LONG_M":27,"LONG_S":38.12,"LAT_G":25,"LAT_M":56,"LAT_S":27.49,"LONGITUD":-103.46059,"LATITUD":25.94097,"DATUMG":null,"CVE_ACUIF":"0523","NOM_ACUIF":"PRINCIPAL-REGION LAGUNERA","CT_POZO":"NO","DISEÑO_PE":"NO","CORTE_LIT":"NO","REG_ELEC":"NO","INF_PERF":"NO","REG_AFORO":"NO","ANAL_AGUA":"NO","CROQUIS":"SI","TIPO_INF":"CROQUIS","PROF_TOT_m":null,"PROF_REG_m":null,"HGQ":"NO","F_INICIO":null,"F_FINAL":null,"NE_M":null,"ND_M":null,"ALTITUD_ms":null,"Q_LPS":null,"Ca":null,"Mg":null,"Na":null,"Cl":null,"SO4":null,"HCO3":null,"STD_ppm":null,"LONG_COL_m":null,"ADEME_pulg":null,"TEMP_°C":null,"POT_H_s/u":null,"CE_Us/cm":null,"As_mg/L":null,"URL":"https://sigagis.conagua.gob.mx/t_infbasica/INVENTARIO/10 DURANGO/PDF/10_0025.pdf"},"geometry":{"type":"Point","coordinates":[-103.46059,25.94097]}},
{"type":"Feature","properties":{"fid":195.0,"CVE_LGJO":"10_0025","CVE_POZO":"POZO 2984","NOMB_POZO":null,"TIT_LGJO":"GEOHIDROLOGÍA DE LA LAGUNA, REALIZADA POR EL IMTA","CVE_EDO":"10","CVE_MPIO":"10036","AÑO":"1993","DESC":"POZO DE LA ZONA \"LA LAGUNA\".","LONG_G":103,"LONG_M":31,"LONG_S":33.46,"LAT_G":25,"LAT_M":54,"LAT_S":39.56,"LONGITUD":-103.52596,"LATITUD":25.91099,"DATUMG":null,"CVE_ACUIF":"0523","NOM_ACUIF":"PRINCIPAL-REGION LAGUNERA","CT_POZO":"NO","DISEÑO_PE":"NO","CORTE_LIT":"NO","REG_ELEC":"NO","INF_PERF":"NO","REG_AFORO":"NO","ANAL_AGUA":"NO","CROQUIS":"SI","TIPO_INF":"CROQUIS","PROF_TOT_m":null,"PROF_REG_m":null,"HGQ":"NO","F_INICIO":null,"F_FINAL":null,"NE_M":null,"ND_M":null,"ALTITUD_ms":null,"Q_LPS":null,"Ca":null,"Mg":null,"Na":null,"Cl":null,"SO4":null,"HCO3":null,"STD_ppm":null,"LONG_COL_m":null,"ADEME_pulg":null,"TEMP_°C":null,"POT_H_s/u":null,"CE_Us/cm":null,"As_mg/L":null,"URL":"https://sigagis.conagua.gob.mx/t_infbasica/INVENTARIO/10 DURANGO/PDF/10_0025.pdf"},"geometry":{"type":"Point","coordinates":[-103.52596,25.91099]}},
{"type":"Feature","properties":{"fid":196.0,"CVE_LGJO":"10_0025","CVE_POZO":"POZO 3035","NOMB_POZO":null,"TIT_LGJO":"GEOHIDROLOGÍA DE LA LAGUNA, REALIZADA POR EL IMTA","CVE_EDO":"10","CVE_MPIO":"10036","AÑO":"1993","DESC":"POZO DE LA ZONA \"LA LAGUNA\".","LONG_G":103,"LONG_M":22,"LONG_S":45.66,"LAT_G":26,"LAT_M":0,"LAT_S":33.8,"LONGITUD":-103.37935,"LATITUD":26.00939,"DATUMG":null,"CVE_ACUIF":"0523","NOM_ACUIF":"PRINCIPAL-REGION LAGUNERA","CT_POZO":"NO","DISEÑO_PE":"NO","CORTE_LIT":"NO","REG_ELEC":"NO","INF_PERF":"NO","REG_AFORO":"NO","ANAL_AGUA":"NO","CROQUIS":"SI","TIPO_INF":"CROQUIS","PROF_TOT_m":null,"PROF_REG_m":null,"HGQ":"NO","F_INICIO":null,"F_FINAL":null,"NE_M":null,"ND_M":null,"ALTITUD_ms":null,"Q_LPS":null,"Ca":null,"Mg":null,"Na":null,"Cl":null,"SO4":null,"HCO3":null,"STD_ppm":null,"LONG_COL_m":null,"ADEME_pulg":null,"TEMP_°C":null,"POT_H_s/u":null,"CE_Us/cm":null,"As_mg/L":null,"URL":"https://sigagis.conagua.gob.mx/t_infbasica/INVENTARIO/10 DURANGO/PDF/10_0025.pdf"},"geometry":{"type":"Point","coordinates":[-103.37935,26.00939]}},
{"type":"Feature","properties":{"fid":197.0,"CVE_LGJO":"10_0025","CVE_POZO":"POZO 3036 (A1990)","NOMB_POZO":"PREDIO LUIS ECHEVERRIA ÁLVAREZ","TIT_LGJO":"GEOHIDROLOGÍA DE LA LAGUNA (I Y II ETAPA), REALIZADA POR EL IMTA","CVE_EDO":"10","CVE_MPIO":"10036","AÑO":"1993","DESC":"POZO SELECCIONADO (I Y II ETAPA ) EN LA INVESTIGACIÓN PARA CARACTERIZAR HIDROQUÍMICAMENTE DE LA ZONA \"LA LAGUNA\", DEGRADA POR CONCENTRACIONES ELEVADAS DE ARSÉNICO, MOSTRANDO UN DETERIORO EN SU CALIDAD FÍSICO-QUÍMICA.","LONG_G":103,"LONG_M":20,"LONG_S":20.4,"LAT_G":26,"LAT_M":3,"LAT_S":25.31,"LONGITUD":-103.339,"LATITUD":26.057030555555556,"DATUMG":null,"CVE_ACUIF":"0523","NOM_ACUIF":"PRINCIPAL-REGION LAGUNERA","CT_POZO":"NO","DISEÑO_PE":"NO","CORTE_LIT":"SI","REG_ELEC":"NO","INF_PERF":"NO","REG_AFORO":"NO","ANAL_AGUA":"SI","CROQUIS":"SI","TIPO_INF":"PROFUNDIDAD","PROF_TOT_m":139.9,"PROF_REG_m":null,"HGQ":"SI","F_INICIO":null,"F_FINAL":null,"NE_M":null,"ND_M":null,"ALTITUD_ms":null,"Q_LPS":null,"Ca":null,"Mg":null,"Na":null,"Cl":null,"SO4":null,"HCO3":null,"STD_ppm":null,"LONG_COL_m":78.94,"ADEME_pulg":16,"TEMP_°C":"N.A.","POT_H_s/u":"N.A.","CE_Us/cm":"N.A.","As_mg/L":"N.A.","URL":"https://sigagis.conagua.gob.mx/t_infbasica/INVENTARIO/10 DURANGO/PDF/10_0025.pdf"},"geometry":{"type":"Point","coordinates":[-103.339,26.057031]}},
{"type":"Feature","properties":{"fid":198.0,"CVE_LGJO":"10_0025","CVE_POZO":"POZO 3036 (A1993)","NOMB_POZO":"PREDIO LUIS ECHEVERRIA ÁLVAREZ","TIT_LGJO":"GEOHIDROLOGÍA DE LA LAGUNA, REALIZADA POR EL IMTA","CVE_EDO":"10","CVE_MPIO":"10036","AÑO":"1993","DESC":"POZO SELECCIONADO (III ETAPA ) EN LA INVESTIGACIÓN PARA CARACTERIZAR HIDROQUÍMICAMENTE DE LA ZONA \"LA LAGUNA\", DEGRADA POR CONCENTRACIONES ELEVADAS DE ARSÉNICO, MOSTRANDO UN DETERIORO EN SU CALIDAD FÍSICO-QUÍMICA.","LONG_G":103,"LONG_M":20,"LONG_S":20.4,"LAT_G":26,"LAT_M":3,"LAT_S":25.31,"LONGITUD":-103.339,"LATITUD":26.057030555555556,"DATUMG":null,"CVE_ACUIF":"0523","NOM_ACUIF":"PRINCIPAL-REGION LAGUNERA","CT_POZO":"NO","DISEÑO_PE":"NO","CORTE_LIT":"SI","REG_ELEC":"NO","INF_PERF":"NO","REG_AFORO":"NO","ANAL_AGUA":"SI","CROQUIS":"SI","TIPO_INF":"HIDROGEOQUÍMICO","PROF_TOT_m":139.9,"PROF_REG_m":null,"HGQ":"SI","F_INICIO":null,"F_FINAL":null,"NE_M":60.96,"ND_M":null,"ALTITUD_ms":null,"Q_LPS":null,"Ca":47.333333333333336,"Mg":2.28,"Na":548.33333333333337,"Cl":null,"SO4":null,"HCO3":null,"STD_ppm":null,"LONG_COL_m":78.94,"ADEME_pulg":16,"TEMP_°C":"27","POT_H_s/u":"7.43","CE_Us/cm":"1363","As_mg/L":"8.1100000000000005E-2","URL":"https://sigagis.conagua.gob.mx/t_infbasica/INVENTARIO/10 DURANGO/PDF/10_0025.pdf"},"geometry":{"type":"Point","coordinates":[-103.339,26.057031]}},
{"type":"Feature","properties":{"fid":199.0,"CVE_LGJO":"10_0025","CVE_POZO":"POZO 3054","NOMB_POZO":null,"TIT_LGJO":"GEOHIDROLOGÍA DE LA LAGUNA, REALIZADA POR EL IMTA","CVE_EDO":"05","CVE_MPIO":"05036","AÑO":"1993","DESC":"POZO DE LA ZONA \"LA LAGUNA\".","LONG_G":103,"LONG_M":2,"LONG_S":40.09,"LAT_G":25,"LAT_M":22,"LAT_S":0.73,"LONGITUD":-103.04447,"LATITUD":25.36687,"DATUMG":null,"CVE_ACUIF":"0523","NOM_ACUIF":"PRINCIPAL-REGION LAGUNERA","CT_POZO":"NO","DISEÑO_PE":"NO","CORTE_LIT":"NO","REG_ELEC":"NO","INF_PERF":"NO","REG_AFORO":"NO","ANAL_AGUA":"NO","CROQUIS":"SI","TIPO_INF":"CROQUIS","PROF_TOT_m":null,"PROF_REG_m":null,"HGQ":"NO","F_INICIO":null,"F_FINAL":null,"NE_M":null,"ND_M":null,"ALTITUD_ms":null,"Q_LPS":null,"Ca":null,"Mg":null,"Na":null,"Cl":null,"SO4":null,"HCO3":null,"STD_ppm":null,"LONG_COL_m":null,"ADEME_pulg":null,"TEMP_°C":null,"POT_H_s/u":null,"CE_Us/cm":null,"As_mg/L":null,"URL":"https://sigagis.conagua.gob.mx/t_infbasica/INVENTARIO/05 COAHUILA DE ZARAGOZA/PDF/10_0025.pdf"},"geometry":{"type":"Point","coordinates":[-103.04447,25.36687]}},
{"type":"Feature","properties":{"fid":200.0,"CVE_LGJO":"10_0025","CVE_POZO":"POZO 3089","NOMB_POZO":null,"TIT_LGJO":"GEOHIDROLOGÍA DE LA LAGUNA, REALIZADA POR EL IMTA","CVE_EDO":"05","CVE_MPIO":"05036","AÑO":"1993","DESC":"POZO DE LA ZONA \"LA LAGUNA\".","LONG_G":102,"LONG_M":52,"LONG_S":58.48,"LAT_G":25,"LAT_M":29,"LAT_S":36.13,"LONGITUD":-102.88291,"LATITUD":25.49337,"DATUMG":null,"CVE_ACUIF":"0523","NOM_ACUIF":"PRINCIPAL-REGION LAGUNERA","CT_POZO":"NO","DISEÑO_PE":"NO","CORTE_LIT":"NO","REG_ELEC":"NO","INF_PERF":"NO","REG_AFORO":"NO","ANAL_AGUA":"NO","CROQUIS":"SI","TIPO_INF":"CROQUIS","PROF_TOT_m":null,"PROF_REG_m":null,"HGQ":"NO","F_INICIO":null,"F_FINAL":null,"NE_M":null,"ND_M":null,"ALTITUD_ms":null,"Q_LPS":null,"Ca":null,"Mg":null,"Na":null,"Cl":null,"SO4":null,"HCO3":null,"STD_ppm":null,"LONG_COL_m":null,"ADEME_pulg":null,"TEMP_°C":null,"POT_H_s/u":null,"CE_Us/cm":null,"As_mg/L":null,"URL":"https://sigagis.conagua.gob.mx/t_infbasica/INVENTARIO/05 COAHUILA DE ZARAGOZA/PDF/10_0025.pdf"},"geometry":{"type":"Point","coordinates":[-102.88291,25.49337]}},
{"type":"Feature","properties":{"fid":201.0,"CVE_LGJO":"10_0025","CVE_POZO":"POZO 3143","NOMB_POZO":null,"TIT_LGJO":"GEOHIDROLOGÍA DE LA LAGUNA, REALIZADA POR EL IMTA","CVE_EDO":"05","CVE_MPIO":"05035","AÑO":"1993","DESC":"POZO DE LA ZONA \"LA LAGUNA\".","LONG_G":103,"LONG_M":26,"LONG_S":54.97,"LAT_G":25,"LAT_M":33,"LAT_S":50.86,"LONGITUD":-103.448602,"LATITUD":25.564129,"DATUMG":null,"CVE_ACUIF":"0523","NOM_ACUIF":"PRINCIPAL-REGION LAGUNERA","CT_POZO":"NO","DISEÑO_PE":"NO","CORTE_LIT":"NO","REG_ELEC":"NO","INF_PERF":"NO","REG_AFORO":"NO","ANAL_AGUA":"NO","CROQUIS":"SI","TIPO_INF":"CROQUIS","PROF_TOT_m":null,"PROF_REG_m":null,"HGQ":"NO","F_INICIO":null,"F_FINAL":null,"NE_M":null,"ND_M":null,"ALTITUD_ms":null,"Q_LPS":null,"Ca":null,"Mg":null,"Na":null,"Cl":null,"SO4":null,"HCO3":null,"STD_ppm":null,"LONG_COL_m":null,"ADEME_pulg":null,"TEMP_°C":null,"POT_H_s/u":null,"CE_Us/cm":null,"As_mg/L":null,"URL":"https://sigagis.conagua.gob.mx/t_infbasica/INVENTARIO/05 COAHUILA DE ZARAGOZA/PDF/10_0025.pdf"},"geometry":{"type":"Point","coordinates":[-103.448602,25.564129]}},
{"type":"Feature","properties":{"fid":202.0,"CVE_LGJO":"10_0025","CVE_POZO":"POZO 3252","NOMB_POZO":null,"TIT_LGJO":"GEOHIDROLOGÍA DE LA LAGUNA, REALIZADA POR EL IMTA","CVE_EDO":"10","CVE_MPIO":"10012","AÑO":"1993","DESC":"POZO DE LA ZONA \"LA LAGUNA\".","LONG_G":103,"LONG_M":34,"LONG_S":7.03,"LAT_G":25,"LAT_M":31,"LAT_S":37.56,"LONGITUD":-103.56862,"LATITUD":25.5271,"DATUMG":null,"CVE_ACUIF":"0523","NOM_ACUIF":"PRINCIPAL-REGION LAGUNERA","CT_POZO":"NO","DISEÑO_PE":"NO","CORTE_LIT":"NO","REG_ELEC":"NO","INF_PERF":"NO","REG_AFORO":"NO","ANAL_AGUA":"NO","CROQUIS":"SI","TIPO_INF":"CROQUIS","PROF_TOT_m":null,"PROF_REG_m":null,"HGQ":"NO","F_INICIO":null,"F_FINAL":null,"NE_M":null,"ND_M":null,"ALTITUD_ms":null,"Q_LPS":null,"Ca":null,"Mg":null,"Na":null,"Cl":null,"SO4":null,"HCO3":null,"STD_ppm":null,"LONG_COL_m":null,"ADEME_pulg":null,"TEMP_°C":null,"POT_H_s/u":null,"CE_Us/cm":null,"As_mg/L":null,"URL":"https://sigagis.conagua.gob.mx/t_infbasica/INVENTARIO/10 DURANGO/PDF/10_0025.pdf"},"geometry":{"type":"Point","coordinates":[-103.56862,25.5271]}},
{"type":"Feature","properties":{"fid":203.0,"CVE_LGJO":"10_0025","CVE_POZO":"POZO 3345","NOMB_POZO":null,"TIT_LGJO":"GEOHIDROLOGÍA DE LA LAGUNA, REALIZADA POR EL IMTA","CVE_EDO":"10","CVE_MPIO":"10012","AÑO":"1993","DESC":"POZO DE LA ZONA \"LA LAGUNA\".","LONG_G":103,"LONG_M":30,"LONG_S":54.4,"LAT_G":25,"LAT_M":30,"LAT_S":20.88,"LONGITUD":-103.51511,"LATITUD":25.5058,"DATUMG":null,"CVE_ACUIF":"0523","NOM_ACUIF":"PRINCIPAL-REGION LAGUNERA","CT_POZO":"NO","DISEÑO_PE":"NO","CORTE_LIT":"NO","REG_ELEC":"NO","INF_PERF":"NO","REG_AFORO":"NO","ANAL_AGUA":"NO","CROQUIS":"SI","TIPO_INF":"CROQUIS","PROF_TOT_m":null,"PROF_REG_m":null,"HGQ":"NO","F_INICIO":null,"F_FINAL":null,"NE_M":null,"ND_M":null,"ALTITUD_ms":null,"Q_LPS":null,"Ca":null,"Mg":null,"Na":null,"Cl":null,"SO4":null,"HCO3":null,"STD_ppm":null,"LONG_COL_m":null,"ADEME_pulg":null,"TEMP_°C":null,"POT_H_s/u":null,"CE_Us/cm":null,"As_mg/L":null,"URL":"https://sigagis.conagua.gob.mx/t_infbasica/INVENTARIO/10 DURANGO/PDF/10_0025.pdf"},"geometry":{"type":"Point","coordinates":[-103.51511,25.5058]}},
{"type":"Feature","properties":{"fid":204.0,"CVE_LGJO":"10_0025","CVE_POZO":"POZO 3383","NOMB_POZO":null,"TIT_LGJO":"GEOHIDROLOGÍA DE LA LAGUNA, REALIZADA POR EL IMTA","CVE_EDO":"10","CVE_MPIO":"10012","AÑO":"1993","DESC":"POZO DE LA ZONA \"LA LAGUNA\".","LONG_G":103,"LONG_M":30,"LONG_S":49.54,"LAT_G":25,"LAT_M":31,"LAT_S":37.42,"LONGITUD":-103.51376,"LATITUD":25.52706,"DATUMG":null,"CVE_ACUIF":"0523","NOM_ACUIF":"PRINCIPAL-REGION LAGUNERA","CT_POZO":"NO","DISEÑO_PE":"NO","CORTE_LIT":"NO","REG_ELEC":"NO","INF_PERF":"NO","REG_AFORO":"NO","ANAL_AGUA":"NO","CROQUIS":"SI","TIPO_INF":"CROQUIS","PROF_TOT_m":null,"PROF_REG_m":null,"HGQ":"NO","F_INICIO":null,"F_FINAL":null,"NE_M":null,"ND_M":null,"ALTITUD_ms":null,"Q_LPS":null,"Ca":null,"Mg":null,"Na":null,"Cl":null,"SO4":null,"HCO3":null,"STD_ppm":null,"LONG_COL_m":null,"ADEME_pulg":null,"TEMP_°C":null,"POT_H_s/u":null,"CE_Us/cm":null,"As_mg/L":null,"URL":"https://sigagis.conagua.gob.mx/t_infbasica/INVENTARIO/10 DURANGO/PDF/10_0025.pdf"},"geometry":{"type":"Point","coordinates":[-103.51376,25.52706]}},
{"type":"Feature","properties":{"fid":205.0,"CVE_LGJO":"10_0025","CVE_POZO":"POZO 3775","NOMB_POZO":null,"TIT_LGJO":"GEOHIDROLOGÍA DE LA LAGUNA, REALIZADA POR EL IMTA","CVE_EDO":"05","CVE_MPIO":"05035","AÑO":"1993","DESC":"POZO DE LA ZONA \"LA LAGUNA\".","LONG_G":103,"LONG_M":24,"LONG_S":53.89,"LAT_G":25,"LAT_M":32,"LAT_S":36.2,"LONGITUD":-103.41497,"LATITUD":25.54339,"DATUMG":null,"CVE_ACUIF":"0523","NOM_ACUIF":"PRINCIPAL-REGION LAGUNERA","CT_POZO":"NO","DISEÑO_PE":"NO","CORTE_LIT":"NO","REG_ELEC":"NO","INF_PERF":"NO","REG_AFORO":"NO","ANAL_AGUA":"NO","CROQUIS":"SI","TIPO_INF":"CROQUIS","PROF_TOT_m":null,"PROF_REG_m":null,"HGQ":"NO","F_INICIO":null,"F_FINAL":null,"NE_M":null,"ND_M":null,"ALTITUD_ms":null,"Q_LPS":null,"Ca":null,"Mg":null,"Na":null,"Cl":null,"SO4":null,"HCO3":null,"STD_ppm":null,"LONG_COL_m":null,"ADEME_pulg":null,"TEMP_°C":null,"POT_H_s/u":null,"CE_Us/cm":null,"As_mg/L":null,"URL":"https://sigagis.conagua.gob.mx/t_infbasica/INVENTARIO/05 COAHUILA DE ZARAGOZA/PDF/10_0025.pdf"},"geometry":{"type":"Point","coordinates":[-103.41497,25.54339]}}
]
}
